id,text,gold,pred,p_anger,p_disgust,p_fear,p_joy,p_sadness,p_surprise
kin_test_track_a_00002,"yagize ati “nari nje mu kazi ngeze hano numva ngo perezida agiye kuhanyura, ni bwo nazengurutse ndazamuka njya mu igorofa rya mbere, imodoka zimaze kuza natunguwe no kwisanga hasi.",surprise,fear+sadness+surprise,0.202,0.003,0.278,0.226,0.647,0.17
kin_test_track_a_00003,mu rwanda niho honyine umubyeyi agutonganya amasaha atanu🙄 yarangiza ngo ntanamagambo menshi ashaka kuvugana nawe😁😁,surprise,fear+surprise,0.37,0.005,0.233,0.088,0.51,0.347
kin_test_track_a_00004,@<username> mugerageze kunoza service. niba nagize ikibazo saa mbili mukagerageza kumbonera igisubizo saa kumi nimwe. nooo oyant rwose,anger+sadness,joy,0.196,0.007,0.061,0.753,0.16,0.043
kin_test_track_a_00005,yitabye imana aheruka kugaragara mu ruhame mu 2021.,sadness,disgust,0.168,0.959,0.08,0.091,0.08,0.073
kin_test_track_a_00006,biteye isoni n'ikimwaro kubona abantu bari gukorera imibonano mpuzabitsina ku gasozi.,disgust,fear+sadness+surprise,0.077,0.014,0.219,0.108,0.643,0.223
kin_test_track_a_00007,"abazigize bakora imirimo y’ubuhinzi budatanga umusaruro ufatika, bafite ubumenyi buciriritse kandi bahora bimuka bashakisha ubuzima.",none,fear+joy,0.136,0.002,0.18,0.385,0.525,0.099
kin_test_track_a_00008,@<username> @<username> @<username> cyaze uramuhaye tsu nawe nuko yumva yayibye bruh,none,anger,0.646,0.02,0.065,0.073,0.208,0.052
kin_test_track_a_00009,@<username> mwaramutse neza mudufashe ko turimo gukatwa amafaranga igihe nkuye amafaranga kuri momo nyashyira kuri konte bimeze bite ko bidasobanutse?,anger+sadness,anger,0.709,0.005,0.087,0.107,0.277,0.078
kin_test_track_a_00011,niba ukundana numuntu agatangira kukubwira ukuntu aba ex be bari imbwa uzamenyeko ari wowe uzakurikiraho😒😂,anger,fear+surprise,0.411,0.006,0.256,0.076,0.527,0.413
kin_test_track_a_00012,iyo imbuto itabonetse mu ntangiriro ngo ibe yujuje ubuziranenge usanga ari ikibazo.’’,fear,fear+surprise,0.339,0.005,0.189,0.089,0.493,0.249
kin_test_track_a_00013,"uwimana wahinduye izina ry’akabari ke akakita akabenzi avuga ko hari abashoramari babiri bamusanze i kamembe batwara bamwe mu bakozi be botsaga ibenzi i rusizi, umwe ajya gutangiza ubucuruzi bwo kotsa ibenzi ku muhima, undi ajya kuyitangiza i musanze.",joy,fear+sadness+surprise,0.1,0.003,0.239,0.319,0.627,0.143
kin_test_track_a_00014,ni ibintu ahuza no kuba abagana ayo mashuri bakiri mbarwa gusa akavuga ko hari icyizere ko abanyarwanda bazakomeza kwitabira ayo mashuri.,fear,fear+sadness+surprise,0.111,0.004,0.309,0.235,0.691,0.199
kin_test_track_a_00015,nta kabuza ko nagombaga gusimbukira mu gisimenti cya tumba ariko mu minsi igihe yahatembereye yasanze ari nka kimwe cya remera.,none,fear+sadness+surprise,0.097,0.005,0.294,0.236,0.686,0.207
kin_test_track_a_00016,iyo njyanama yemeje ko inka buka muzajya muyicisha inzara kuriya ifite ibibazo bikomeye🤨 ##url##,none,joy,0.391,0.003,0.055,0.495,0.17,0.033
kin_test_track_a_00017,miliyoni nyinshi z’ #abanyarwa bahanze amaso #amavubi uyu munsi. ni umunsi ukwiriye kuba uw’ibyishimo! @<username> ##url##,none,joy,0.224,0.003,0.066,0.607,0.21,0.04
kin_test_track_a_00018,@<username> gufata ifoto ndi hagati yabo ntacyo bitwayee🤷🏾‍♂️🤷🏾‍♂️,none,anger,0.64,0.008,0.067,0.099,0.226,0.074
kin_test_track_a_00020,@<username> ahubwo c ahazaza haracyahari aha wapi kuva kera niga naza primary bajyaga bamuvuga ukuntu ashitura boro none dore ndashaje,none,anger,0.699,0.006,0.083,0.11,0.262,0.064
kin_test_track_a_00022,"ari mu rundi rubanza mu rukiko rw’i chester aho ashinjwa kugerageza gufata ku ngufu unfi mugore, wari ufite imyaka 29, wavuze ko uyu myugariro yashatse ko baryamana ubwo yari iwe.",sadness,fear+sadness+surprise,0.1,0.004,0.286,0.258,0.671,0.177
kin_test_track_a_00023,"nubwo bimeze gutyo ariko, mu gihe hasigaye ibyumweru bitatu gusa ngo umwaka mushya w’imikino utangire, nta kigaragaza ko iyo gahunda yamaze gushyirwa ku murongo.",fear,fear+sadness+surprise,0.098,0.004,0.284,0.261,0.674,0.177
kin_test_track_a_00024,"umuyobozi w’akarere ka nyaruguru, murwanashyaka emmanuel, yavuze ko umugoroba w’abagabo ari agashya keza, asaba ko bibaye byiza n’aho iyi gahunda itaragera bayigira iyabo kuko ifasha mu kugabanya amakimbirane yo mu ngo.",joy+surprise,fear+sadness+surprise,0.102,0.004,0.302,0.229,0.692,0.198
kin_test_track_a_00025,"umuyobozi w’umuryango hear us initiative organization, rukinga irene, yagaragaje ko ihohoterwa rikorerwa mu kazi riri mu byiciro bitandukanye aho hari ibikorwa haba mu buryo bukora ku mubiri, mu bitekerezo cyangwa ku gitsina.",sadness,joy,0.157,0.003,0.094,0.667,0.293,0.05
kin_test_track_a_00026,"mu bakobwa ni nishimwe carine na tuyishimire rona batsinze abahindekazi ishi maheshwari na diya tamse 7-6(13) 6-4, bakazahura n’umunya-tanzania shana martin mao ukinana n’umunya-ghana sisu-makena tomegah.",none,fear+sadness+surprise,0.112,0.003,0.256,0.277,0.64,0.172
kin_test_track_a_00028,"kimonyo ati “muri kwa kuzibaga neza, itungo ntirigomba kumenya ko rigiye gupfa, noneho tukazibaga mu buryo bugezweho kandi bituma inyama yoroha.”",none,fear+sadness,0.222,0.002,0.196,0.247,0.548,0.13
kin_test_track_a_00029,@<username> @<username> reka nkuremere uzavuge ngo ngo,none,anger,0.621,0.023,0.061,0.073,0.196,0.046
kin_test_track_a_00032,@<username> @<username> @<username> @<username> @<username> @<username> @<username> @<username> @<username> @<username> @<username> @<username> @<username> @<username> @<username> inzangano hagati y’imiryango ikaba iravutse maze abana bakahatikira weeee..,sadness,joy,0.189,0.014,0.062,0.757,0.147,0.05
kin_test_track_a_00034,@<username> @<username> bro oe nuko utamuzi uburyo arenze,surprise,anger,0.623,0.025,0.06,0.073,0.189,0.046
kin_test_track_a_00035,"nguko uko makanyaga yisanze yize amashuri abiri abanza i bujumbura, ku bw’amahirwe make se yaje kwitaba imana bituma nyina abagarura mu rwanda batura i nyamirambo mu mujyi wa kigali.",sadness,fear+sadness+surprise,0.085,0.004,0.26,0.254,0.663,0.183
kin_test_track_a_00036,"guverineri wungirije wa bnr, soraya hakuziyaremye, yavuze ko hakiri kare kuba rwayoboka andi mafaranga atari idolari, hakurikijwe ibihugu rucuruzanya nabyo cyane.",none,fear+sadness+surprise,0.104,0.003,0.25,0.282,0.635,0.155
kin_test_track_a_00038,ese uretse ikigare wigeze utera ibuye kukarere zirakonera cg ubyumva nkanjye aha!?😂😂nese kuki batavuze intara!?😂😂,none,fear+surprise,0.451,0.007,0.197,0.075,0.455,0.36
kin_test_track_a_00039,"nk’umwana uri iwabo, abarundi bamweretse urukundo bafatanya kuririmba nyinshi mu ndirimbo ze.",joy,sadness+surprise,0.081,0.006,0.159,0.179,0.546,0.182
kin_test_track_a_00040,"umwuka mubi watangiye ubwo bari mu nama ya nato muri lithuania, minisitiri w’ingabo mu bwongereza, ben wallace avuga ko ukraine ikwiye gushimira igihugu cye kuko u bwongereza “ntawo ari amazon bagemurira intwaro.”",none,fear+sadness,0.148,0.002,0.198,0.35,0.549,0.115
kin_test_track_a_00042,ububiko bw’intwaro budacunzwe neza bushobora kuba intandaro y’iturika ry’ibisasu bikomeretsa cyangwa bigahitana ubuzima ndetse no gusenya ibikorwaremezo n’ibikoresho n’ibikoresho bihenze.”,fear,fear+surprise,0.215,0.002,0.201,0.266,0.524,0.146
kin_test_track_a_00043,aba baturage banyweye kuri ubu bushera mu bukwe bw’umuturanyi wabo wari ufite ubukwe.,none,fear+sadness+surprise,0.058,0.009,0.256,0.145,0.66,0.274
kin_test_track_a_00044,i am deeply saddened by the loss of tina turner.,none,disgust,0.299,0.521,0.095,0.091,0.156,0.079
kin_test_track_a_00045,"uyu muhanga mu bijyanye n’indwara z’uruhu aburira abakozi ba za kompanyi z’indege barimo abapilote bakunda gukora ingendo nyinshi, kujya bitwarararika kuko baba bafite ibyago byinshi byo kugerwaho n’ingaruka z’iyo mirasire ku buryo uruhu rw’umuntu rushobora guhinduka nk’urw’umusaza imburagihe akazana iminkanyari akiri muto bikaba byanamuviramo kanseri.",fear,fear+sadness+surprise,0.115,0.002,0.23,0.313,0.613,0.141
kin_test_track_a_00046,fortunat biselele yatawe muri yombi muri mutarama uyu mwaka.,sadness,disgust,0.158,0.575,0.086,0.072,0.155,0.089
kin_test_track_a_00047,"abahanzi ba gospel barakundana, reba impano ikomeye bahaye @<username> ku munsi w’ubukwe bwe video: ##url##",joy,none,0.48,0.004,0.057,0.303,0.193,0.035
kin_test_track_a_00049,"ikoresha amashanyarazi izwi nka i5 edrive40 izaba igura 67.000$, asaga miliyoni 75 frw, aho ifite ubushobozi bwo kugenda ibilometero 470 mu gihe yuzuye.",none,joy,0.133,0.004,0.084,0.699,0.251,0.051
kin_test_track_a_00051,@<username> @<username> bikwiye gukosorwa kugira ngo hatabaho gukoresha imvugo zitutuzuzanya pour ne pas dire ziviguruzanya,none,anger,0.725,0.008,0.083,0.09,0.25,0.069
kin_test_track_a_00054,"@<username> @<username> roventide fevuriye niho yavutse😹🎶🎶🎶🎼eehyeee -yeee niho yavutse, nta mugore ugenda bwije iyo agiye baramurya, yeeeee-eeh iyo agiye baramurya😅🎶",none,anger,0.613,0.005,0.083,0.112,0.283,0.095
kin_test_track_a_00055,@<username> hahhhh uriya mwanzuro n'inyamibwa kd nawe uzawufata,joy,anger,0.618,0.024,0.07,0.068,0.224,0.058
kin_test_track_a_00056,"hari kandi kwakira, gusezerera no gusubiza mu buzima busanzwe uwari mu ngabo z’igihugu mbere ya tariki 19 nyakanga 1994 n’uwari mu mutwe witwara gisirikare utahutse.",none,fear+sadness+surprise,0.1,0.003,0.256,0.289,0.651,0.169
kin_test_track_a_00057,"@<username> @<username> @<username> @<username> nuko hasuzuguwe umugore, ntan'ubwo ari ugusuzugura, ni ugupfobya!",anger+sadness,anger,0.667,0.008,0.065,0.123,0.209,0.045
kin_test_track_a_00058,"umwunganizi we barrister ben myers, yabwiye urukiko ko umukiliya we yari umunayamurava kandi yakundaga akazi ke.",none,joy,0.122,0.002,0.116,0.463,0.425,0.07
kin_test_track_a_00059,"nyir’ibikorwa by’ubucuruzi ajya gusaba inguzanyo muri banki, akishyura ½ cyarangira ikindi umushinga ukacyishingira.",none,fear+sadness+surprise,0.098,0.003,0.227,0.231,0.619,0.181
kin_test_track_a_00060,twirinde izo violences tubane mu mahoro ✍️ ##url##,none,joy,0.287,0.007,0.043,0.432,0.138,0.026
kin_test_track_a_00061,"radio okapi yanditse ko ku wa gatandatu, tariki 29 nyakanga 2023, ibiro bya komisiyo y’igihugu y’amatora, ceni, mu mujyi wa bukavu byakongotse, hahiramo imashini zo gutoreraho 900, moto na bateri ndetse n’imirasire y’izuba.",sadness,joy,0.13,0.002,0.154,0.449,0.484,0.084
kin_test_track_a_00062,harigihe umuntu aba afite amahirwe yo kuza mubuzima bwawe ariko akirata nyuma kazifuza kuza utakimukeneye 😭😂😂🥱,anger,fear+surprise,0.428,0.009,0.203,0.065,0.468,0.376
kin_test_track_a_00065,@<username> @<username> dutabare twese uyu mubyeyi jeanne 0788673956 murakoze ##url##,none,joy,0.343,0.005,0.045,0.486,0.141,0.028
kin_test_track_a_00066,"ndibaza nti ‘ese nshobora gukina uyu mukino mbikuye ku mutima?’ igihe ntazaba nshoboye gutanga ibyo mfite mu kibuga, ni bwo nzahagarika gukina.",none,fear+sadness+surprise,0.119,0.003,0.251,0.238,0.63,0.178
kin_test_track_a_00067,niba kwifuza ari icyaha ubwo abantu ba hano bagikora buri munota ngabo muri mwandemeye aba follow like retweet....😂😂😂,none,surprise,0.448,0.005,0.166,0.084,0.451,0.274
kin_test_track_a_00068,"uhagarariye ikigo, koperative cyangwa ishyirihamwe na we azitwaza indangamuntu ye n’agatabo ka banki.",none,fear+sadness+surprise,0.086,0.005,0.186,0.245,0.58,0.158
kin_test_track_a_00069,@<username> woe wari unarenze ndaq,none,anger,0.597,0.03,0.062,0.072,0.193,0.047
kin_test_track_a_00070,"dr didas kayihura waganiraga na rba, yavuze ko na mbere y’uko muri sudani habaho ibi bibazo by’intambara, hari ibiganiro byari byaratangiye hagati y’impande zombi waganishaga ku bufatanye.",none,fear+sadness+surprise,0.106,0.004,0.295,0.245,0.683,0.186
kin_test_track_a_00071,nariye ibiryo bifite impumuro mbi,disgust+sadness,disgust,0.176,0.955,0.082,0.095,0.087,0.071
kin_test_track_a_00072,japhet yateye urwenya rw’uko i rukara yahasanze isuku idasanzwe kuko iri no mu mifuka y’abahatuye n’abanyeshuri.,joy,fear+sadness+surprise,0.061,0.009,0.27,0.173,0.687,0.27
kin_test_track_a_00073,@<username> @<username> @<username> arifata agashyiraho umuntu wananiwe gusimbuka urukuramende rwa santimetero 50 koko?😏😏🤣😂,sadness,anger,0.698,0.01,0.086,0.069,0.273,0.105
kin_test_track_a_00074,kugeza ubu nubwo uyu muhanzi ntacyo aratangaza kuri iyi nkuru y’akababaro dore ko ari inkuru imenyekanye ari muri finland mu rugendo rw’ibitaramo afite ku mugabane w’u burayi.,sadness,fear+sadness+surprise,0.099,0.004,0.278,0.275,0.67,0.179
kin_test_track_a_00075,senateri murangwa yavuze ko kibazo kiri mu bikoma mu nkokora gahunda yo gukumira no kurwanya impanuka ari icyo kuba hari umubare munini w’ibinyabiziga bigenda mu muhanda bidafite ubwishingizi.,anger,fear+sadness+surprise,0.104,0.005,0.32,0.224,0.705,0.208
kin_test_track_a_00076,hari byinshi bikorwa mu nyungu z’abantu ku giti cyabo.”,none,fear+surprise,0.166,0.009,0.182,0.076,0.526,0.203
kin_test_track_a_00077,shaddyboo kuva yerekeje i burayi muri werurwe 2023 yakunze kugaragaza ko akumbuye bikomeye manzi ajya yita ‘sugar daddy’.,none,joy,0.115,0.002,0.158,0.52,0.47,0.086
kin_test_track_a_00079,niyo mpamvu nsaba abazahugura aba bakobwa kujya babaha ibibazo bakifashisha ikoranabuhanga biga mu kubikemura kuko ikoranabuhanga ridakemura ibibazo by’abaturage ntacyo rimaze.”,anger,fear+sadness+surprise,0.262,0.002,0.237,0.175,0.56,0.2
kin_test_track_a_00080,mukantwari claudine watewe inda afite imyaka 15 nyuma yo gusambanywa ku gahato n’umusore wari utuye hafi yo kwa sewabo yavuze ko kugeza ubu atazi aho aherereye.,sadness,fear+sadness+surprise,0.098,0.004,0.26,0.186,0.662,0.221
kin_test_track_a_00081,"@<username> @<username> ikibazo si aho byabereye , ibyabere i bigogwe byabera n'ahandi . ikibazo ni ubuzima bwatwawe , kandi ikiguzi giciriritse . memory card ? 😬",anger+sadness,anger,0.697,0.005,0.079,0.124,0.255,0.066
kin_test_track_a_00082,mbere y’ibi kizz daniel witwaga kiss daniel mu 2018 yahaye abafana be amafoto ari kumwe na chidinma bafite ‘tattoos’ zisa ku mibiri yabo.,none,joy,0.18,0.002,0.085,0.545,0.319,0.054
kin_test_track_a_00083,ariko buriya niyihe mpamvu iyo umuntu amaze kurya ahantu hatari iwabo/iwe ahita yumva ashatse gutaha ??😎,surprise,fear+surprise,0.418,0.007,0.23,0.079,0.503,0.375
kin_test_track_a_00084,"@<username> @<username> niba ari njye ugira amarangamutima niba atari atari njye.....genda rwanda urakagira imana ,uragahoraho rwanda.@<username> wubahwe",joy,anger,0.562,0.004,0.057,0.249,0.197,0.037
kin_test_track_a_00085,"ahazaza hawe hagize uhamenya yakwiyegereza cg akaguhunga , ariko hashimwe imana ikubonamo icyo isi itakubonamo #fridaymotivation #happyfriday",none,joy,0.24,0.004,0.065,0.639,0.186,0.042
kin_test_track_a_00086,"ndagijimana tharcisse wibwe telefone iri mu modoka yagize ati “bayintwaye mu kwa gatanu bayikuye mu modoka, icyo gihe nayivuyemo ndayifunga ninjira mu rugo sinzi aho abajura bavuye baraza bayifungura barayijyana batwara n’amafaranga make ariko iyo telefone ni yo yambabaje.”",sadness,none,0.229,0.002,0.15,0.248,0.494,0.107
kin_test_track_a_00088,mukwinyesebura ukumva ngo ndakwinginze😢ntuzitemo🍆🍑🙈 none bako muba mwumva byoroshye gusimbuka imodoka irimo igenda😳 @<username>,none,anger+surprise,0.66,0.006,0.103,0.084,0.321,0.145
kin_test_track_a_00089,mu by’ukuri sinzi icyakorwa tubona imodoka zisa n’aho ari nyinshi ntitumenya impamvu abagenzi tuzibura.”,sadness,fear+sadness+surprise,0.191,0.005,0.226,0.136,0.548,0.269
kin_test_track_a_00091,@<username> @<username> @<username> biracyenewe cyane ko hagira igikorwa kugihombo dukomeza guterwa nimikorere idahwitse ya @<username> birakabije kubera iki ntacyo mubikoraho? ##url##,anger,joy,0.215,0.006,0.065,0.75,0.162,0.044
kin_test_track_a_00092,"kuri ubu, uru ruganda rukoresha abagera kuri 205 barimo 185 b’abanyarwanda ndetse uyu mubare uziyongera cyane ko abanyamahanga barukoramo bahari mu rwego rwo kubongerera ubumenyi.",joy,fear+sadness+surprise,0.11,0.004,0.291,0.261,0.676,0.181
kin_test_track_a_00095,"ati “afurika ni igihangange, abanyafurika ni ibihangange ariko mu by’ukuri, igihe kirageze ntabwo mukeneye guhora mwibutswa, mugomba kubimenya, mukabyakira kandi tukaba ibihangange turi byo kandi tugomba kuba.”",anger,fear+sadness+surprise,0.182,0.002,0.252,0.22,0.63,0.158
kin_test_track_a_00097,fils peres mwese nyuma ya chogam mufite inama muzasobanure uko bariya bana mwihakanye bazabaho🤸🤸🤸🤸,anger,fear+surprise,0.315,0.004,0.205,0.096,0.501,0.287
kin_test_track_a_00100,ngo ubu ko twari dufite ishyirahamwe ry’abagore turaba aba nde?,sadness,fear+surprise,0.378,0.01,0.195,0.064,0.459,0.303
kin_test_track_a_00102,"yandikaga ari iwabo aho ababyeyi be bari batuye mu bubiligi, akandika amagambo yisuka atazi aho ari kuyavana nk’uko yabibwiye w magazine.",surprise,none,0.125,0.003,0.127,0.328,0.464,0.099
kin_test_track_a_00103,"ati “nubwo navuze ko fdlr iri hano ariko noneho bari banafite umugambi wo gutera grenade muri uyu mujyi [wa rubavu], na ndetse batubwira ko zamaze no kwinjira.",fear,fear+sadness+surprise,0.214,0.003,0.279,0.204,0.655,0.175
kin_test_track_a_00104,@<username> @<username> @<username> harya nangahe ngo nyohereze,none,anger,0.623,0.021,0.062,0.075,0.199,0.048
kin_test_track_a_00105,@<username> nonex uzigute ko atarimo kwihorera 🤷🏾 wasanga baramwiciye umwana cgw ababyeyi nimugahubuke ngo muzanibinu namakuru yuzuye mufite,none,anger,0.709,0.006,0.082,0.095,0.267,0.075
kin_test_track_a_00107,"paluku yavuze ko itegeko nshinga ritegeka ko ubuyobozi buhabwa abasivile, akibaza uburyo igisirikare cyakomeza gufata inshingano zireba abasivile.",anger,fear+sadness+surprise,0.115,0.003,0.262,0.295,0.644,0.15
kin_test_track_a_00108,ubushinjacyaha bwari bukurikiranyeho ab godwin usanzwe akora amashusho y’indirimbo na filime icyaha cyo gukoresha indege itarimo abapilote mu rwanda nta ruhushya abifitiye.,sadness,joy,0.123,0.002,0.159,0.454,0.491,0.088
kin_test_track_a_00112,"nubwo mu rwanda imibare itoroshye kuyibona ariko usanga umubyeyi ufite telefone igendanwa, biba bishoboka ko umwana we azayikoresha kandi akaba yareba bimwe mu bidahuye n’imyaka ye, cyangwa amakuru ye agashyirwa ku karubanda mu bisa n’imikino.",fear,fear+sadness+surprise,0.102,0.005,0.31,0.249,0.693,0.195
kin_test_track_a_00113,"musenyeri andré perraudin ni we mubyeyi wa parmehutu kuko yayireze kuva ikivuka arayikuza, kugeza inyigisho zayo zisenye u rwanda mu 1994.",anger+sadness,fear+sadness+surprise,0.145,0.002,0.203,0.262,0.573,0.142
kin_test_track_a_00116,"harry avuga ko itangazamakuru ry’u bwongereza ryamwangirije ubuto bwe n’ubuzima bwe, kubera kumwirukaho buri gihe no mu buzima bwe bwite.",sadness,fear,0.142,0.002,0.182,0.338,0.537,0.109
kin_test_track_a_00117,ibi ni igihombo ku bazishaka kuko umuntu ayifashe itarajyanwa muri cyamunara itangwa kuri make.,sadness,fear+sadness+surprise,0.089,0.008,0.277,0.126,0.682,0.263
kin_test_track_a_00119,"@<username> @<username> @<username> umva mbese, wowe fata turuwasa zawe uzishore neza urebe ko utazagafata tukumirwa",none,joy,0.194,0.011,0.063,0.78,0.143,0.046
kin_test_track_a_00120,"iyo uganiriye n’abahanga mu myubakire bakwereka ko buriya ubukonje bwibasira inzu buturuka hasi mu butaka bityo iyo utabanje kwita ku musingi w’inzu yawe ngo iyo myuka ihere mu butaka, ntakabuza inzu irangirika.",none,fear+sadness,0.115,0.003,0.214,0.264,0.611,0.139
kin_test_track_a_00121,ariko sinzi niba rainge ngenyine ubona ko @<username> itanga service nziza habe namba. cyaze @<username> @<username> mubatubwirire ko ibintu atari sawa😡 ##url##,anger,joy,0.315,0.003,0.064,0.598,0.184,0.04
kin_test_track_a_00122,@<username> uriya ntajya atenguha abantu be,joy,anger,0.609,0.033,0.061,0.06,0.197,0.051
kin_test_track_a_00123,@<username> hey namenye ko: uzirinde guta igihe mu gihe ufite igihe kandi utegereje igihe.,none,anger,0.622,0.006,0.073,0.123,0.26,0.052
kin_test_track_a_00124,"we yagize ati ""hano naharwarije umuhungu wari wahuye n’impanuka none umudamu we nawe yaje kubyarira hano ku bitaro.",surprise,fear+sadness+surprise,0.146,0.003,0.265,0.176,0.671,0.201
kin_test_track_a_00125,"iyo imaze kwinjira mu muryango w’ibagiro barafunga, bakayirasa amashanyarazi atuma itakaza ubwenge ariko idapfuye kuko iyo umukozi ayikata ijosi ubona yikanze, bivuze ko igifite ubuzima.",none,fear+sadness+surprise,0.109,0.003,0.221,0.29,0.608,0.14
kin_test_track_a_00129,@<username> @<username> wishyire wizane muri byose urangwe nishyaka uterimbere none uraganje mubwigenge tugukomeyeho uko turi tweseeeeeeeehhhhhh,joy,anger,0.702,0.008,0.079,0.09,0.255,0.068
kin_test_track_a_00130,"mu mpera z’icyumweru gishize, u burusiya bwatangaje ko bwaburijemo igitero cya drones cyari cyagabwe na ukraine mu kirere cy’umurwa mukuru, moscow.",none,joy,0.12,0.002,0.167,0.45,0.496,0.093
kin_test_track_a_00131,"@<username> rata ibyo uvuze ni ukuri❤👌👌 ahubwo waretse match itaha tukazayirebera hamwe, rwose binkorere pee🙏",none,joy,0.397,0.004,0.054,0.521,0.162,0.037
kin_test_track_a_00132,"uyu musore yemeje ko mbere yo kuhaza bari banyoye inzoga ariko zitari nyinshi, bigakekwa ko umukunzi we yari yasinze, akabura imbaraga zo kwigenzura.",sadness,fear+joy+sadness,0.11,0.003,0.214,0.404,0.573,0.116
kin_test_track_a_00133,@<username> @<username> @<username> @<username> @<username> @<username> @<username> mana wee nukuri birababaje kd biteye agahinda @<username> mudufashe kumenya ibyuwo mugizi wanabi. @<username>,sadness,joy,0.408,0.005,0.046,0.469,0.145,0.029
kin_test_track_a_00135,"uyu mugabo wari wahawe kuyobora iri shyirahamwe nyuma y’imyaka 18 atagera ku kibuga, yaranzwe no kudaca ibintu ku ruhande, adafite umwanya wo kujya mu kajagari kari kamenyerewe muri ferwafa.",none,fear+sadness+surprise,0.094,0.005,0.302,0.209,0.692,0.221
kin_test_track_a_00136,equipe y’u rwanda ihagaze neza muze tubashyigikire! dore abakinnyi bo guhanga amaso! ##url##,none,joy,0.185,0.009,0.061,0.765,0.147,0.042
kin_test_track_a_00137,niba uzi ibintu ubifite neza ukagera mu kizamini ntubashe no kubura amaso ngo urebe ukubaza burya uba watsinzwe.,none,fear+sadness+surprise,0.097,0.005,0.27,0.185,0.688,0.199
kin_test_track_a_00138,ndamutse mbifitiye ubushobozi namusaba kongera kuyobora indi manda.”,none,fear+surprise,0.215,0.007,0.2,0.112,0.499,0.259
kin_test_track_a_00139,n’iyo ubajije abaturage barakubwira bati ‘iyo umukozi ushinzwe gutanga ibyangombwa byo kubaka akubwira ngo dosiye ‘ntiragaruka’ aba ashaka kwaka ruswa.”,sadness,fear+sadness+surprise,0.275,0.004,0.235,0.095,0.573,0.274
kin_test_track_a_00142,"igitero simusiga cy’interahamwe cyagabwe ku wa 14 mata 1994, aho zafunze imiryango ya kiliziya zimena lisansi hejuru yayo hanyuma zitwikiramo abatutsi bari bahungiyemo.",sadness,joy,0.122,0.002,0.122,0.579,0.387,0.069
kin_test_track_a_00143,@<username> ikigali ntitwabona umwanya wo guteka imitwe ngo tunabone uwo kotsa runonko 😒,none,anger,0.69,0.012,0.084,0.064,0.273,0.085
kin_test_track_a_00145,"ati “umusore yari inshuti y’urugo nkajya mubaza ngo ko watwanze ukakitureba akanyihorera, ubwo yamenyaga ko uwo mugabo asigaye afite undi musore baryamana byaramurakaje aza kumbwiza ukuri.”",sadness,fear+sadness+surprise,0.164,0.003,0.29,0.191,0.677,0.199
kin_test_track_a_00146,"ngo iyo babonaga hari abantu bashobora kubasuhuza, aho hantu ntibahahagararaga mu kwirinda gutakaza igihe, ku buryo ngo hari n’umwana wabasabye kumusinyira ku ishati ye (autographe), babona ko byabakereza barakomeza.",none,joy,0.183,0.002,0.122,0.5,0.399,0.065
kin_test_track_a_00147,"nyuma, uyu muyobozi yaje kwandika ko hari drone yarasiwe mu kirere cy’iyi ntara, ariko ntabwo yemeje niba ari nayo yagabye igitero cya mbere.",none,fear+sadness+surprise,0.091,0.004,0.261,0.183,0.671,0.225
kin_test_track_a_00149,bibiriya itwigisha byose bidufitiye umumaro muri ibi bihe ndetse n'ibituzanira ubugingo twirinde impaka z'amategeko ##url##,none,joy,0.295,0.002,0.097,0.473,0.3,0.054
kin_test_track_a_00150,"banasobanuriwe ko kwanga kwishyura ku bushake bigira ingaruka kuko utishyuye bituma ashyirwa ku rutonde rwa ba bihemu, bigatuma nta kigo cy’imari gishobora kumuha inguzanyo.",none,fear+sadness+surprise,0.105,0.004,0.285,0.266,0.673,0.173
kin_test_track_a_00151,uburyo uyu muhanzikazi aba aririmba afatanyije n’itsinda ry’abamufasha n’abacuranzi barimo n’abazungu biri mu byatunguranye.,surprise,none,0.109,0.002,0.178,0.374,0.538,0.116
kin_test_track_a_00152,"ku gisenyi amafi yatangiye gupfa, ikirunga cyabaye ikirunga wallah! @<username> #gomavolcan #nyiragongo ##url##",fear,none,0.369,0.003,0.062,0.328,0.223,0.04
kin_test_track_a_00153,inshakwaha zamwereyeho azamura ukuboko imibu yose ikicwa n’impumuro ivamo.,disgust,fear+sadness+surprise,0.089,0.003,0.201,0.266,0.584,0.171
kin_test_track_a_00154,@<username> @<username> @<username> @<username> @<username> @<username> @<username> @<username> @<username> @<username> @<username> @<username> @<username> @<username> @<username> @<username> @<username> @<username> @<username> @<username> harya ubu @<username> niwe wakwugishihe ukuri? yarakuroshye nkuko yoheje #donatha agata akazi ngi agiye kumushyingira umuzungu. murahonnye,anger,joy,0.297,0.008,0.049,0.617,0.133,0.034
kin_test_track_a_00156,"n’ubwo kiyovu sports kuri ubu itemerewe kwandikisha abakinnyi nyamara hari abo yari yamaze gusinyisha barimo niyonzima olivier ‘seif’ wari usoje amasezerano muri as kigali, gakuru matata yakuye muri rutsiro fc, myugariro kazindu guy brian wavuye muri gasogi united, rutahizamu w’umunye-congo, jérémie basilua, umunya-angola utaha izamu, fofo cabungula, rutahizamu w’umunya-liberia, obediah freeman, abagande batatu, kalumba bryan, mulumba suleiman n’umunyezamu emmanuel kalyowa.",sadness,none,0.152,0.002,0.172,0.351,0.52,0.104
kin_test_track_a_00157,sinzibagirwa umunsi maman yanze ko nsiba ishuli kandi namusobanuriye neza ko umutima uri kundira mu mavi 😒😭😂😂,surprise,fear+surprise,0.417,0.004,0.215,0.089,0.507,0.336
kin_test_track_a_00159,"u rwanda ni igihugu cyagiye cyubakira ku mateka akakakaye amaze imyaka isaga 1723 (30-2023), yose yabayemo ibikorwa byinshi byo kuruhanga, kurwubaka no kuruhengamura rugiye kuzima, rukongera rukajya mbere.",surprise,fear+sadness+surprise,0.093,0.003,0.255,0.286,0.643,0.182
kin_test_track_a_00160,@<username> ayiwe ! itahire n'ubundi ibi ni urupfu🤣! ubu se ni ukurya cg ni ukuzuza igifu mpaka uheze umwuka🙈,sadness+surprise,anger,0.695,0.008,0.086,0.075,0.282,0.104
kin_test_track_a_00161,"aline gloriose uwizigiye, umwe mu barokotse jenoside yakorewe abatutsi i nyanza ubu uba mu bufaransa, yatangaje ko ibikozwe kuri biguma byerekana ko aho umujenosideri wese ari azacirwa urubanza.",joy,fear+sadness+surprise,0.109,0.003,0.271,0.258,0.661,0.165
kin_test_track_a_00162,niba ababyeyi bataguhaye icyo kintu cyo kumva ko uri umunyarwanda nawe bizakugora.,none,fear+sadness+surprise,0.08,0.007,0.292,0.191,0.701,0.241
kin_test_track_a_00163,uyu mugabo bivugwa ko yashukaga aba bana akabajyana mu rugo iwe akaba ariho abasambanyiriza.,sadness,fear+sadness+surprise,0.099,0.006,0.326,0.2,0.707,0.242
kin_test_track_a_00164,niba uri single urareba vow ngobikumarire iki wakomeje ukareba ibinyafu.?,anger,surprise,0.204,0.043,0.095,0.05,0.293,0.161
kin_test_track_a_00165,"mu nama y’igihugu y’umushyikirano ya 18 , minisitiri w’ubuhinzi n’ubworozi, dr musafiri ildephonse [icyo gihe yari akiri umunyamabanga wa leta muri iyi minisiteri] yavuze ko kugira ngo u rwanda rwihaze mu biribwa, hakenewe gushyirwa imbaraga muri gahunda zigamije kongera umusaruro.",none,fear+sadness+surprise,0.107,0.003,0.257,0.276,0.642,0.165
kin_test_track_a_00166,"ati “kuzimya biri kugorana kubera ikibazo cy’umuyaga, abaturage bari kwifashisha amasuka n’ibitiyo bagaca nyirantarengwa hakaba aho igiti gishya cyangwa kigakongeza umuriro hakurya y’aho abaturage baciye nyirantarengwa, indi mbogamizi ni umuyaga kuko nawo uri gutiza umurindi umuriro.”",fear,fear+sadness+surprise,0.165,0.002,0.243,0.221,0.637,0.162
kin_test_track_a_00167,birazwi ko bene izo mvugo zenyegeza urugomo kandi zikabangamira imibanire myiza n’imikoranire y’abenegihugu.,sadness,fear+sadness+surprise,0.089,0.003,0.211,0.305,0.601,0.145
kin_test_track_a_00170,@<username> mwabantumwe harindi network yihuta kurusha mango mumbwire kabisa byarandenze ahubwo mango narabasabye ngo bazanyihere akazi 🤣 mbakorere kuko ndabakunda kabisa💪🙏💚💚💚 ##url##,none,joy,0.471,0.003,0.061,0.414,0.187,0.044
kin_test_track_a_00173,kuko nihatabaho kubirengera bizatuma ubuzima bugenda nabi bityo amahoro ntakomeze kubaho.”,fear,fear+surprise,0.266,0.005,0.221,0.098,0.507,0.281
kin_test_track_a_00175,@<username> @<username> @<username> @<username> @<username> @<username> @<username> @<username> @<username> @<username> ntabwo abeshya ahubwo ararembye kuko imikorere nimivugire ye igaragaza uburwayi bufite ikigero cyamujyana i ndera kwiberayo ubuzima bwe bwose,sadness,anger,0.565,0.003,0.062,0.288,0.202,0.039
kin_test_track_a_00176,"ubwo iri rushanwa ryasozwaga hatangwa ibihembo, igihe yamenye ko umwe mu banyamahanga baryitabiriye yabuze camera ye.",sadness,none,0.113,0.003,0.177,0.356,0.537,0.119
kin_test_track_a_00177,@<username> @<username> @<username> eka mwebwe muraturembeje nange barankata buri munsi ibi bintu nubujura kbs,anger+sadness,anger,0.666,0.012,0.068,0.101,0.21,0.048
kin_test_track_a_00178,nubwo bimeze bityo ariko abaturage bagenda bimuka bakava mu ntara imwe bajya mu yindi kubera impamvu zitandukanye.,none,fear+sadness+surprise,0.079,0.005,0.265,0.188,0.669,0.234
kin_test_track_a_00179,@<username> @<username> he n’umubyeyi urangwa n’impuhwe kandi ikizere ngufitiye nuko guhinduka byo aribyawe. wagize neza gutera intabwe yagitwari.,joy,anger,0.557,0.004,0.068,0.162,0.264,0.049
kin_test_track_a_00180,yagaragaje ko ibibazo biri muri adepr bikeneye agacaca ko kubiganiriramo kugira ngo hahuzwe impande zirebana nabi.,anger,fear+sadness+surprise,0.114,0.005,0.337,0.208,0.71,0.225
kin_test_track_a_00181,"amakuru igihe yahawe na bamwe mu bakobwa bavuga ko ukuntu imyambarire isigaye imeze, bigoye kwambara ikariso kuko bihita bigaragara nabi.",surprise,fear+sadness+surprise,0.075,0.008,0.323,0.164,0.718,0.282
kin_test_track_a_00182,"nubwo abaturage batabyishimiye, abasesenguzi mu bukungu bemeza ko aribyo byiza kuko bizarinda leta gukomeza kongera amadeni.",none,fear+sadness+surprise,0.111,0.004,0.277,0.265,0.659,0.176
kin_test_track_a_00183,"umva se bantu banjye, niba ntaribi se mwantoreye umuvandimwe. kandi nukuri muraba mumfashije pe ❤❤❤ #amiresilienceprize. link: ##url## 🔥 ##url##",none,joy,0.143,0.011,0.066,0.8,0.159,0.05
kin_test_track_a_00185,biragoye ko hari ikipe yagura umukinnyi mu yindi,none,disgust,0.171,0.962,0.092,0.101,0.096,0.077
kin_test_track_a_00188,"minisitiri munyangaju yavuye ahatangirwaga igikombe, akuramo amadarubindi ye abanza kuyahanagura mu gihe mucyo didier yabaye nk’umusabye imbabazi ko yamumennyeho iyi nzoga.",sadness,fear+sadness+surprise,0.089,0.006,0.315,0.213,0.705,0.229
kin_test_track_a_00189,yavuze ko iperereza ryimbitse ryatumye ifatwa rya kayishema rishoboka ryanyuze mu bufatanye bwa afurika y’epfo hamwe n’itisinda ryashyizweho ryashyizweho na perezida ramaphosa kugira ngo rifashe itsinda rya irmct gukurikirana iyi dosiye.,none,fear+sadness+surprise,0.1,0.003,0.243,0.327,0.63,0.15
kin_test_track_a_00192,@<username> hahahahh reka nicecekere sinjya ntukana gsa ubanza baba batarimo 2 hhhhh,none,anger,0.662,0.013,0.08,0.069,0.263,0.077
kin_test_track_a_00193,me andré-martin karongozi yabwiye igihe ko urukiko rwatangaje ko biguma yakoresheje imbaraga zikomeye mu kwica abantu kandi akabica nabi akoresheje mortier 60.,sadness,none,0.197,0.002,0.163,0.269,0.523,0.108
kin_test_track_a_00194,@<username> @<username> man wumve ko ama mama ubwenge meeeeeee,none,anger,0.638,0.023,0.065,0.069,0.206,0.053
kin_test_track_a_00195,@<username> uwiteka ari ku ngoma niwe utubereye maso. humura. yesaya 41:10,joy,anger,0.594,0.01,0.061,0.109,0.223,0.047
kin_test_track_a_00196,"ati “mureke dusenge imana nk’iyumva, hari abantu bavuye mu ngo bagiye mu myobo bakavamo banarwaye cyangwa bameze nabi ngo barasenga, ntabwo ari databuja w’umugome.",anger,fear+sadness+surprise,0.271,0.003,0.238,0.156,0.625,0.165
kin_test_track_a_00197,"ni ubwa kabiri bukozwe ku rwego rw’igihugu bugamije kureba ibishobora gutuma izo ndwara ziyongera, bikanatanga umurongo wo kuzikumira.",none,fear+sadness+surprise,0.104,0.003,0.285,0.237,0.674,0.191
kin_test_track_a_00198,"yakomeje agira ati “yahise yitabaza ubuyobozi n’abaturanyi bari bazi neza ko uwo mubyeyi yibarutse batangira kubashyiraho igitutu, bageze aho bemera ko umwana yavutse banerekana aho bamujunye mu musarani, abaturage rero bamanutse bamukuramo basanga yapfuye kuko urumva yari amazemo iminsi hafi ibiri, twahise tumushyingura mu cyubahiro abo babyeyi nabo tubashyikiriza inzego z’umutekano.”",sadness,fear+sadness+surprise,0.182,0.002,0.274,0.266,0.643,0.154
kin_test_track_a_00199,bamwe ibyo baba bitezweho babigeraho abandi ugasanga inzozi n’urugendo rwabo birangiye bigicagase ndetse ibyari bibategerejweho bikarangira bitabaye habe na mba.,sadness,fear+sadness+surprise,0.105,0.004,0.285,0.22,0.681,0.199
kin_test_track_a_00202,"umutwe wa wagner watangaje ko wiyemeje gusenyura inzego z’igisirikare cy’u burusiya, ni mu gihe ibiro by’iperereza mu burusiya byatangaje ko byatangiye gukurikirana umuyobozi wa wagner, yevgeniy prigozhin ku byaha birimo gukangurira abantu kujya mu mutwe witwaje intwaro no gushaka guhirika ubutegetsi bwa vladimir putin.",anger,fear+sadness+surprise,0.118,0.004,0.296,0.239,0.68,0.174
kin_test_track_a_00203,umutekano muke ukaba waratumye kwandika abantu kuri lisiti y’itora bidashoboka.,sadness,fear+sadness+surprise,0.059,0.038,0.223,0.09,0.619,0.256
kin_test_track_a_00205,sosiyete y’ubucuruzi ikandika icyapa kinini cyane iti “guhamagara n’ubuntu” 🤔 kandi bashaka kuvuga ngo “guhamagara ni ubuntu”. birababaza. ##url##,anger,joy,0.372,0.003,0.064,0.518,0.197,0.043
kin_test_track_a_00206,"imana yashyize mu bantu ibitekerezo by’igihe cyahise n’igihe kizaza, nyamara ntibashobora kumenya ibikorwa by’imana uhereye mu ntangiriro ukageza mu iherezo.”",none,fear+sadness,0.135,0.002,0.185,0.273,0.543,0.126
kin_test_track_a_00207,"ibi byose bigira ingaruka ku mihindagurikire y’ibihe aho hamwe imvura ibura burundu nko mu bihugu bya afurika y’amajyaruguru no mu ihembe rya afurika, imvura ishobora kumara imyaka ibiri itaragwa na rimwe.",sadness,fear+sadness+surprise,0.087,0.005,0.281,0.237,0.678,0.19
kin_test_track_a_00208,"wari umukino ukomeye kuko nta kipe yifuzaga kuwutakaza, kandi zifatwa nk’ikipe zihanganiye ibikombe byombi mu rwanda.",joy,fear+sadness+surprise,0.068,0.006,0.255,0.17,0.667,0.255
kin_test_track_a_00209,"arata umwanya, kuko ibye birazwi ku buryo buhagije. amateka ye mabi n'uyo yabloka abantu bose ntiyasibangana. ##url##",anger,none,0.384,0.002,0.099,0.237,0.351,0.066
kin_test_track_a_00210,yagize ati “twateguye iki gikorwa dushingiye ku mpanuro ndetse n’umurongo mwiza perezida paul kagame yahaye abanyarwanda z’uko dukwiriye gukunda ururimi rwacu no kurwanya ubukoloni no guhesha agaciro ibyacu narwo rurimo [...].,joy,fear+sadness+surprise,0.137,0.003,0.263,0.273,0.645,0.164
kin_test_track_a_00211,"mu buhamya bw’uko yabanye na pasiteri niyonshuti, umuyobozi w’itorero rya zion temple i ntarama mu bugesera, pasiteri olivier ndizeye, yavuze ko yamenyanye na pasiteri niyonshuti byisumbuyeho aho yari yamutumiye mu materaniro yo kurwanya ikoreshwa ry’ibiyobyabwenge mu rubyiruko.",none,fear+sadness+surprise,0.098,0.005,0.307,0.256,0.689,0.194
kin_test_track_a_00212,sebudandi yakomeje asobanura ko muri kayonza bafite inka z’inyambo zitari nyinshi cyane ariko asobanura ko ba nyiri uruganda bazakorana n’abandi borozi bo hirya no hino mu gihugu basanzwe bafite izi nka kuburyo ngo bizeye neza ko litiro 400 batazazibura.,joy,fear+sadness+surprise,0.111,0.003,0.276,0.289,0.662,0.165
kin_test_track_a_00213,waje buhoro buhoro buhoroooh.... wicara mumutima wanjye ...... none utangiye kuguguna umutima wanjye💔 ibyo nibyo unyituye koko😭,sadness,fear+surprise,0.367,0.004,0.201,0.092,0.512,0.299
kin_test_track_a_00214,anyway i know this is offensive gusa.. gushyiraho dreads nta bwanwa mba mbona natazi😂😂,anger,surprise,0.509,0.009,0.155,0.061,0.399,0.282
kin_test_track_a_00215,burera: hagaragaye umurambo w’umugabo bikekwa ko yiyahuye nyuma yo kwica umugore we ##url##,sadness,none,0.414,0.003,0.07,0.232,0.248,0.049
kin_test_track_a_00216,"ati ""kabuye (uruganda nyarwanda rukora isukari) tuvuga nta nubwo ihaza igihugu kugeza ku 10%.",anger,fear+sadness+surprise,0.184,0.002,0.244,0.209,0.622,0.177
kin_test_track_a_00219,"yakomeje avuga ko guhuza inkuru z’ibihe bikomeye aba kera babagamo byo ‘guterura’ n’uyu munsi byabanje kubagora, cyane ko atabibayemo.",none,fear+sadness,0.122,0.002,0.22,0.36,0.585,0.124
kin_test_track_a_00220,ngo iyo ugerageje gutera inda umukobwa unanutse umubiri we uhita ukubwira ngo insufficient space 🤣😂😂,none,surprise,0.494,0.008,0.174,0.069,0.422,0.315
kin_test_track_a_00221,"ati “mbanje gushima imana ku bwa junior multisystem, nshima imana ibyo yamukoreye; akiri mu nda y’umubyeyi we umwanzi yaramurwanyije yifuza kumwambura ubuzima, imana izamuhe kubana na yo.”",sadness,joy,0.257,0.002,0.092,0.495,0.31,0.05
kin_test_track_a_00222,niba unyanga uriguta umwanya😂😂kereka amafaranga anyanze😐😐ahhooo naborogaaaaaa,anger,fear+surprise,0.484,0.009,0.191,0.062,0.442,0.326
kin_test_track_a_00223,"*muri equity itm zipfa buri weekend * bk yakuyeho cheque ubu ntakwandikira umuntu cheque , service mbi..... ##url##",anger,joy,0.33,0.003,0.061,0.59,0.178,0.036
kin_test_track_a_00224,ntabwo twigeze twumva umwami arimo kuryanisha abarundi.,none,disgust,0.089,0.679,0.08,0.052,0.166,0.087
kin_test_track_a_00225,"perezida wa komisiyo y’ububanyi n’amahanga, ubutwererane n’umutekano, bugingo emmanuel, avuga ko gushyiraho itegeko rishya bizakuraho ibyuho byagaragaraga mu ryari risanzweho.",none,fear+sadness,0.116,0.002,0.229,0.352,0.594,0.126
kin_test_track_a_00226,"@<username> @<username> gutera ibuye ahantu nk'aha, ni amahano mbambaroga. #rwot",none,anger,0.611,0.019,0.061,0.083,0.202,0.047
kin_test_track_a_00227,"iyi nkuru isa nk’iyaciye igikuba mu bakunzi b’urucaca bibazaga ukuntu iyi kipe igiye kwishyura aka kayabo ku bakinnyi batigeze bakinira ikipe yabo, kongeraho ko bari no mu bihe byo kugura abakinnyi bashya.",sadness,fear+sadness+surprise,0.085,0.004,0.271,0.246,0.672,0.195
kin_test_track_a_00231,"mukantambara yakomeje asaba abaturage kujya bazirika neza inzu zabo, bagahora banagenzura ko inkuta z’inzu ziziritse neza ngo kuko muri iyo nzu nto basanze amatafari atari acometse neza kuburyo bakeka ko ari nabyo byatumye igikuta kigwa, kuri ubu umurambo wajyanywe gupimwa mu bitaro bya rwamagana.",sadness,fear+sadness,0.124,0.002,0.23,0.355,0.598,0.125
kin_test_track_a_00232,"“nyuma yaho gato, ahagana ku isaha ya saa mbiri, mu murenge wa matimba mu karere ka nyagatare haje gufatirwa andi mabalo ane ya magendu y’imyenda ya caguwa, ubwo nyirayo yari amaze kuyigeza mu rugo, abonye inzego z’umutekano aratoroka.”",none,fear+sadness+surprise,0.105,0.003,0.255,0.222,0.658,0.179
kin_test_track_a_00233,"kuki usanga abitwa ba """"kavukire"""" batumvikana n'abitwa """"abimukira"""" ndetse ugasanga abapangayi batumvikana na ba nyir'amazu bakodesha? @<username>",fear,anger,0.673,0.004,0.082,0.145,0.271,0.065
kin_test_track_a_00234,saa kumi n’ebyiri z’umugoroba nibwo uyu mwana w’imyaka 10 yaturikanywe n’iyi grenade ubwo yari ari kuyihonda ngo ayikuremo ibyuma byo kugurisha.,sadness,fear+sadness+surprise,0.083,0.005,0.275,0.182,0.69,0.236
kin_test_track_a_00236,"gisanzwe gifitanye umubano mwiza n’u rwanda aho nko muri mutarama umwaka ushize, umuyobozi w’urwego rw’ubutasi muri jordanie, gen maj ahmed husni hasan hatoqia, yagiriye uruzinduko i kigali akakirwa n’umugaba mukuru w’ingabo z’u rwanda, gen jean bosco kazura.",joy,fear+sadness,0.103,0.003,0.2,0.363,0.576,0.121
kin_test_track_a_00239,urukundo ruzacogora muri benshi kubera ko ubugome buzaba bwiganje.,sadness,fear+sadness+surprise,0.087,0.004,0.225,0.255,0.623,0.167
kin_test_track_a_00240,@<username> ndumva nanjye nanjoinga abo badafite ubwenge nuko nsanze ndi mubi😥,none,anger,0.707,0.01,0.084,0.069,0.268,0.085
kin_test_track_a_00242,"darren moss jr umwe mu bayobozi bo mu gace uwo mugore atuyemo, yavuze ko batazamufunga bya burundu, ahubwo ngo azamara iminsi 45 acungirwa hafi mu cyumba yafungiwemo kugira ngo anywe imiti.",none,fear+sadness+surprise,0.107,0.005,0.32,0.222,0.701,0.202
kin_test_track_a_00244,"ibi bifitanye isano no kuba abagore barahawe rugari bakiga ndetse bakaminuza, kuko ya mibare yerekana ko abagore babashije kwiga amashuri yisumbuye cyangwa kurenzaho bafite umubare uri hasi w’abana babyaye (abana 3.4 ku mugore), mu gihe abagore bize amashuri abanza gusa cyangwa arengaho gake babyaye abana benshi (abana 3.9 ku mugore.",fear,fear+sadness+surprise,0.118,0.003,0.295,0.26,0.671,0.179
kin_test_track_a_00245,abantu muri kutubwira ngo dutore za nyamunsi zanyu za mister rwanda muziko gutora hagenda 1k yacu🚮🚮,anger,surprise,0.424,0.003,0.129,0.117,0.399,0.17
kin_test_track_a_00246,@<username> yago nawe turakwemera kuri you tube bro keep in touch bro buriwese akore ibye kandi abikore neza atiganda,none,anger,0.661,0.007,0.063,0.172,0.2,0.04
kin_test_track_a_00247,@<username> @<username> byo byo amaraso ntiwayaheza! n'ay'itungo arasama nkanswe ay'inzirakarengane itacumuye!!!,none,anger,0.669,0.009,0.074,0.092,0.244,0.057
kin_test_track_a_00248,"amanota 23 yari abonye yatumye agira 55, yamuhesheje kuba umukandida ku gikombe.",joy,fear+sadness+surprise,0.053,0.017,0.236,0.12,0.606,0.29
kin_test_track_a_00249,ese namwe mubona uburyo ibintu bya munyangire byeze!?nonese biterwa niki koko!?mwaretse tugafashanya uko dushoboye ko ntawuramba nka nyiragongoo!🙏,sadness,none,0.445,0.002,0.12,0.191,0.375,0.123
kin_test_track_a_00250,ejo nuriye igiti cyegeramye na gereza cyivunika ishami ngwa muri gereza none infumgwa zirikunyita mugenzi wabo🙄,none,fear+surprise,0.341,0.004,0.199,0.1,0.491,0.298
kin_test_track_a_00251,iyo hari ubushyuhe bwinshi umubyimba ndetse n’uburebure bw’icyuma biriyongera mu gihe mu bihe by’ubukonje wa mubyimba ndetse n’uburebure bishobora kongera kugabanuka.,none,fear+sadness+surprise,0.088,0.003,0.245,0.282,0.644,0.166
kin_test_track_a_00254,umugore wa nyakwigendera yavuze ko umwana we ari we wa mbere wamubwiye ko umugabo we yapfuye.,sadness,fear+sadness+surprise,0.081,0.007,0.302,0.226,0.702,0.232
kin_test_track_a_00255,“biteye isoni kubona imitwe yitwaje intwaro yatumye ibyo bihe bidasanzwe bishyirwaho ubu yarahindutse abafatanyabikorwa ba guverinoma.”,anger+sadness,fear+sadness+surprise,0.197,0.003,0.277,0.125,0.645,0.271
kin_test_track_a_00256,batatu bafunzwe bakurikiranyweho kugerageza gutwika inyubako yo mu gakiriro ka gisozi ##url##,none,joy,0.284,0.003,0.068,0.678,0.176,0.038
kin_test_track_a_00257,abazi iyi dosiye bashobora kuba bari mu bataratunguwe n’icyemezo cyanyu.,none,surprise,0.072,0.009,0.149,0.187,0.509,0.154
kin_test_track_a_00259,guhabwa ubuzima bw’umwaka wose ukabuhabwa ku gihe ni ikintu gishimishije.”,joy,fear+sadness+surprise,0.196,0.004,0.215,0.142,0.546,0.247
kin_test_track_a_00261,"ikirwa, cyangwa ikizimba mu mvugo y’abaturage bo mu bice byegereye ikiyaga cya kivu ni ubutaka buzengurutse n’amazi.",none,fear+sadness+surprise,0.077,0.005,0.257,0.205,0.667,0.215
kin_test_track_a_00262,"very sad! umwana w'ukwezi 1 koko...😠, nyamara izi nyagabirama ziba zifite uburwayi bwo mumutwe! ntamuntu muzima wakora aya mahano❌ ##url##",anger+sadness,none,0.506,0.002,0.091,0.265,0.293,0.066
kin_test_track_a_00263,@<username> uracyeye muhungu wanjye! uyu mwaka uwiteka akomeze agutotobeke wakire amahanga yose!,joy,anger,0.673,0.011,0.069,0.086,0.225,0.056
kin_test_track_a_00265,mwiriwe neza mbese kuvugishukuri byagutwariki utagiye kumbuga nkoranya mbaga ngubeshye isi yose !?,anger,fear+surprise,0.205,0.027,0.26,0.073,0.523,0.428
kin_test_track_a_00266,"@<username> @<username> @<username> ikindi kuba yari gufunga umuhanda umupolisi arebera kandi abona ko bishoboka gukemura ikibazo, ubu nibwo bunyamwuga.",none,anger,0.604,0.004,0.081,0.135,0.296,0.057
kin_test_track_a_00267,indi ngorane yagiye igaragara muri gahunda yo gufata kayishema ngo ni uko abenshi mu baturage ba afurika y’epfo barimo na nyiri nzu yabagamo batari bazi amateka y’ibibi yakoze.,sadness,fear+sadness+surprise,0.104,0.004,0.3,0.231,0.681,0.202
kin_test_track_a_00268,@<username> kubona abasore bashoboye gukoresha amaboko n'umutwe bari #kwimaringa ngo barashaka ikamba nanjye byanteye impungenge.,anger+fear,anger,0.577,0.004,0.086,0.14,0.319,0.064
kin_test_track_a_00269,ibyo murimo byose nimubireke umurambo mubi ni umurambo wa #roho 😏😏😏😏😏😏😏😵,anger,fear+surprise,0.432,0.009,0.198,0.071,0.437,0.358
kin_test_track_a_00271,umuntu uri gusaba umwanya ngo atange ibitekerezo 🤌🤌🤌🤌😂😂😂😂😂😂😂,none,surprise,0.481,0.013,0.165,0.059,0.387,0.319
kin_test_track_a_00272,senateri mugisha yasabye abayobozi ba rura kwikubita agashyi kugira ngo ijye ibasha gufasha abaturage gushyira mu bikorwa amabwiriza ishyiraho cyangwa ashyirwaho n’izindi nzego zikorana na rura.,anger,fear+sadness+surprise,0.102,0.003,0.248,0.298,0.636,0.156
kin_test_track_a_00273,yongeyeho ko adashimishwa n’ubuzima babayemo kuko ahuriramo n’ingorane umunsi ku wundi zirimo kwicwa n’inzara n’imbeho ya nijoro no guhohoterwa.,anger,fear+sadness+surprise,0.102,0.003,0.259,0.244,0.658,0.176
kin_test_track_a_00274,umubiri wose wuzuye ibibembe ntawifuza kumureba kubera uko biba bizana amaraso,disgust,none,0.388,0.004,0.108,0.123,0.371,0.098
kin_test_track_a_00275,"iyi nkongi y’umuriro yasenye ibyumba bibiri by’ishuri ndetse abanyeshuri barenga 1500 barahungishwa, uwo munsi gahunda z’amasomo zirasubikwa.",sadness,fear+sadness+surprise,0.101,0.005,0.287,0.205,0.688,0.205
kin_test_track_a_00276,"kugeza muri gashyantare, agahinda no gucika intege ni byo byari bikomeje kuranga abakunzi ba rayon sports yarimo kubura intsinzi uko iminsi yagendaga yicuma, andi makipe agatangira gushyiramo ikinyuranyo.",sadness,fear+sadness+surprise,0.096,0.004,0.305,0.223,0.692,0.214
kin_test_track_a_00277,bene iyo mibare ngo yatumye awdo ishaka ibitera abangavu guterwa inda zitateganyijwe kugira ngo ifashe mu kubishakira umuti aho gutegereza guhangana n’ingaruka.,sadness,fear+sadness+surprise,0.132,0.003,0.253,0.212,0.64,0.18
kin_test_track_a_00278,@<username> none se uwo mwuka wera ko nta we ndi kubona?,none,anger,0.668,0.03,0.073,0.058,0.205,0.062
kin_test_track_a_00280,aba niko babaye! umunntu avuga ukuri barangiza ngo aratukanye!!! ##url##,anger,none,0.464,0.008,0.067,0.118,0.231,0.052
kin_test_track_a_00282,amakipe yose aregeranye buri imwe yatsinda indi n’amakipe ahangana cyane by’umwihariko gutsindira hanze biba bigoye.”,none,fear+sadness+surprise,0.203,0.003,0.233,0.146,0.588,0.24
kin_test_track_a_00283,ati “ni ingenzi ko ibihugu byacu bigerageza gukuraho uko kwivanga kugira ngo ingaruka zabyo ziveho.,none,fear+sadness+surprise,0.254,0.002,0.266,0.188,0.633,0.173
kin_test_track_a_00284,yakomeje abwira abantu bafite inyubako ndende kujya bagenzura ‘ascenseur’ zirimo kuko zishobora guteza impanuka ku bantu babagenderera.,fear,joy,0.186,0.002,0.13,0.398,0.442,0.075
kin_test_track_a_00285,"nubwo byatangiye bimeze neza, bashwanye nyuma y’imyaka ibiri ubwo igice cya tshisekedi cyavugaga ko cyitambikwa n’icya kabila, bigatuma badashyira mu bikorwa ibyo bemereye abaturage.",sadness,fear+sadness+surprise,0.098,0.004,0.27,0.26,0.664,0.176
kin_test_track_a_00286,ati “icyo numva tutakoze mu myaka icyenda iri serukiramuco rimaze ni uko tutageze kuri buri rwibutso hirya no hino mu gihugu tubasangiza ibyiza bya ubumuntu arts festival.”,none,joy,0.359,0.002,0.093,0.391,0.291,0.058
kin_test_track_a_00288,#rwot aho kwicwa n'inzara no kwicwa na cya kovidi wakwicwa niki!?,none,surprise,0.309,0.023,0.149,0.045,0.388,0.263
kin_test_track_a_00291,ugasanga ikintu cy'ikigabo nticyogosha inshakwaha,disgust,disgust+surprise,0.116,0.135,0.127,0.044,0.302,0.189
kin_test_track_a_00292,"uyu mugabo yasoje inshingano ze muri ferwafa ariko aho ayiviriyemo byaradogereye, kuburyo bigoye gusobanura ikibazo kirimo kugeza magingo aya.",sadness,fear+sadness+surprise,0.087,0.005,0.296,0.225,0.687,0.218
kin_test_track_a_00293,@<username> @<username> @<username> @<username> @<username> uzi kubona umuturage anywa amazi yo mu dam cg avoma umuvumba muri iki gihugu! birababaje ababishinzwe nibatabare .,sadness,anger,0.582,0.004,0.06,0.225,0.207,0.036
kin_test_track_a_00294,"@<username> nizereko umutima mwiza wabanyarwanda, turabaremera! cg basige inkweto zabo nk'ingwate😂",none,anger,0.658,0.007,0.06,0.136,0.202,0.047
kin_test_track_a_00295,harya kunywa ni iki ni ukunywa ukagenda ugwirirana. oya rwose mureke kwiyandarika ##url##,anger,joy,0.241,0.004,0.057,0.574,0.18,0.035
kin_test_track_a_00297,gauthier yavuze ko benshi mu bakekwaho uruhare muri jenoside yakorewe abatutsi bihinduranyije haba amazina n’imyitwarire kugira ngo bajijishe hatagira ubakeka.,sadness,fear+sadness+surprise,0.107,0.004,0.29,0.23,0.683,0.19
kin_test_track_a_00298,nkaho niga i nyagatare hari ababihinga bakabura icyo babikoza bagahitamo kubiha amatungo boroye nk’ihene cyangwa inka.,sadness,fear+sadness+surprise,0.079,0.005,0.266,0.188,0.662,0.246
kin_test_track_a_00299,@<username> @<username> @<username> xlm ewan bushari na okama mubyuhahiro byabo nibubahwe kuko murinominsi barikudukoma san ndabemera,joy,anger,0.699,0.008,0.076,0.097,0.244,0.06
kin_test_track_a_00301,"ati “hari n’iyahunganye nabo bajya muri zaïre, baragarukana iza no gutera amahane ivuga ngo abanyarwanda bibashyira mu byabo [mu mitungo] nibabe baretse babanze bajye mu nkambi mu rwanda”.",sadness,fear+sadness+surprise,0.21,0.002,0.232,0.163,0.592,0.19
kin_test_track_a_00302,imyenda nkiyi niyo ba mubi cyane bazize ntugashukane ##url##,anger,joy,0.305,0.006,0.046,0.459,0.142,0.028
kin_test_track_a_00303,@<username> erega uzarebe ngo icyo umutima ukunda amata aguranwa itabi tubaterera amavi ark ahanini tuba twishakira batotizuba,none,anger,0.704,0.009,0.089,0.075,0.276,0.081
kin_test_track_a_00304,"yatanze urugero rw’uko yavukiye mu rwanda, agakurira muri uganda, madamu jeannette kagame akavukira i burundi, nyuma bakaza guhurira muri kenya.",surprise,fear+sadness+surprise,0.073,0.006,0.269,0.174,0.678,0.237
kin_test_track_a_00305,twasaniraga abafite inzu ziri aho gutura ariko zagizweho ingaruka bitewe n’uko imeze.,none,surprise,0.09,0.006,0.168,0.13,0.525,0.193
kin_test_track_a_00306,"hari abo tujya gukina, bakumva ko ari ikipe y’i kamonyi bagahita bagira ubwoba tutarajya mu kibuga.”",sadness,fear+sadness+surprise,0.11,0.004,0.255,0.155,0.637,0.226
kin_test_track_a_00307,isababelle avuga ko diosezi yafatiranye se mu ntege nke yari afite kuko yapfuye ku myaka 86.,sadness,fear+sadness+surprise,0.094,0.005,0.259,0.217,0.662,0.205
kin_test_track_a_00308,"umuntu akubaka ibitanda bine, bitanu ndetse hari n’uwakodeshaga isambu ya mugenzi we kugira ngo abone aho yanika.",none,fear+sadness+surprise,0.1,0.006,0.287,0.142,0.7,0.238
kin_test_track_a_00309,"@<username> prince boo, humura rimwe uzava mu butindi. 😂",none,anger,0.661,0.015,0.067,0.066,0.227,0.071
kin_test_track_a_00310,"ntamuntu mwiza ku buryo atakuyobya, ntan'umuntu mubi ku buryo atakuyobora. kuba hari ibyo utemeranya n'umuntu ntibivuze kwagana nawe.",none,fear+sadness+surprise,0.084,0.004,0.251,0.185,0.651,0.204
kin_test_track_a_00311,@<username> urumva se atari motivation yo kuba umukire se bro? wicika intege tu,joy,anger,0.664,0.028,0.073,0.07,0.204,0.056
kin_test_track_a_00312,"mu ntangiro z’uku kwezi nabwo, u burusiya bwashinje ukraine kugaba ibitero i moscow, bituma ingendo z’’indege ku kivuga cy’indege cya vnukovo zihindurirwa icyerekezo.",sadness,fear+sadness,0.113,0.002,0.221,0.344,0.583,0.131
kin_test_track_a_00313,"@<username> @<username> @<username> @<username> @<username> aha uwakoze icyaha ni nawe wasibanganyije ibimenyetso, ubwo se naba nibutsa iki, nibutsa nde? ni agahinda gusa! 😭😭😭😭😭😭",anger+sadness,anger,0.688,0.007,0.084,0.089,0.279,0.099
kin_test_track_a_00314,ariko imana ishimirwe ko iduha gutsinda kubera umwami wacu yezu kristo. 1 abanyakorinti 15:57,joy,fear+sadness+surprise,0.124,0.003,0.221,0.176,0.607,0.2
kin_test_track_a_00316,"bahamagaye imbangukiragutabara, bavuga ko hari abandi barwayi yagiye kureba, aho iziye rero niho yahise inzana ngera ku bitaro umwana yicaye.”",sadness,fear+sadness+surprise,0.131,0.003,0.267,0.212,0.652,0.186
kin_test_track_a_00317,@<username> cyakoze abantu turatandukanye pe. njye nabuze uwo mboloka kuko ntazi icyo namubolokera,none,anger,0.669,0.011,0.078,0.081,0.258,0.064
kin_test_track_a_00318,hari ubwo umushinjacyaha uri kuburana kuri iyo dosiye abona ko ibimenyetso byakusanyijwe bidahagije ngo we ubwe abe yashinja ukurikiranyweho icyaha bigatuma ahitamo kumushinjura.,surprise,fear+sadness+surprise,0.098,0.005,0.319,0.216,0.706,0.218
kin_test_track_a_00319,kimwe mubintu nkundira abantu bomucyaro ujyakumva ukumva arakubajije ngo ubwokoko wabuze akazi?wazapfa kujya mugisirikare cg mugipolice 😂😂😂,sadness,fear+surprise,0.453,0.007,0.223,0.074,0.487,0.382
kin_test_track_a_00320,"ni imiterere itandukanye n’iyo mu mwaka ushize aho hari umuryango ufite umwana umwe, ubu waragutse kuko yabonye iyo biva inda .",none,sadness+surprise,0.089,0.004,0.174,0.22,0.562,0.15
kin_test_track_a_00321,"kidum yabivugiye mu gitaramo yakoreye i bruxelles mu bubiligi ubwo yari ku rubyiniro ku wa 6 gicurasi 2023, aho nyuma yo kuzongwa na shaddyboo wamubyinishaga amusiga umubiri, yasabye ko umuziki uhagarara arangije afata ijambo ati “erega shaddyboo yibagiwe ko ndi padiri mukuru!”.",anger+sadness+surprise,fear+sadness+surprise,0.122,0.003,0.251,0.3,0.627,0.155
kin_test_track_a_00322,"umwarimu muri kaminuza y’u rwanda, ishami rya busogo dr didace ndahimana, yavuze ko mu bigenderewe harimo no kugabanya ingano y’inyanya zangirika nyuma yo kuzisarura.",joy,fear+sadness+surprise,0.087,0.005,0.293,0.203,0.687,0.212
kin_test_track_a_00324,"“uzi ko no mu minsi ishize inteko ishinga amategeko yashyizeho itegeko ryo kubabarira abari mu munyururu, igihe hashyirwagaho n’iryo kubabarira impunzi zaba ziri mu byaha, iryo tegeko rero ryatumye basohoka, hava muri gereza abantu ibihumbi bigeze kuri bitanu, abo bose na bo si ko bagiye bicuza ibyaha ngo bavuge ko batazongera kubikora, iyo bahuye n’abasirikare baragenda bagasahura.”",sadness,fear+sadness+surprise,0.226,0.002,0.267,0.219,0.637,0.157
kin_test_track_a_00325,@<username> nukuri njyewe bingeze aha ngiye kwiyahura mu buriri😂😂😂,anger+sadness,anger,0.666,0.013,0.072,0.064,0.241,0.085
kin_test_track_a_00326,tugeze mu gihe gikomeye aho ibitambo byatanzwe n’abatubanjirije bishobora gutakaza igisobanuro mu gihe twaba tunaniwe kurera neza abadukomokaho ngo bakurane iyo myumvire n’indangagaciro twahawe.,fear,fear+sadness+surprise,0.115,0.003,0.268,0.258,0.649,0.164
kin_test_track_a_00328,"ati “harakekwa ko mu cyumba bavuga cyaturutsemo umuriro hari harimo agacupa ka peteroli, ikaba yamenetse noneho abana bacana umwambi w’ikibiriti hakaba ari ho hakomotse iyo nkongi y’umuriro.",sadness,fear+sadness+surprise,0.218,0.002,0.257,0.22,0.632,0.158
kin_test_track_a_00330,uburyo bwo kubyivanamo:,none,disgust,0.18,0.802,0.072,0.051,0.098,0.067
kin_test_track_a_00331,@<username> arashaka gukubita ruriya rubaho ariko amaboko ye ari muri opposition n ubwonko bwe 😂,none,anger,0.679,0.009,0.089,0.068,0.295,0.106
kin_test_track_a_00332,umwana uzi ubwenge bamusiîga nawe yinogereza,none,disgust,0.205,0.466,0.062,0.053,0.117,0.055
kin_test_track_a_00334,"umuyobozi mukuru w’ishami rishinzwe afurika muri minisiteri y’ububanyi n’amahanga n’ubutwererane mpuzamahanga ya uae, fahad al taffaq, yavuze ko igihugu cye cyifatanyije n’u rwanda n’abarokotse jenoside yakorewe abatutsi bakomeje guhura n’ihungabana baterwa n’ibyababayeho mu 1994.",sadness,fear+sadness,0.122,0.002,0.234,0.304,0.612,0.139
kin_test_track_a_00335,"muri mutarama umwaka ushize, capt sagahutu yagiranye ikiganiro kuri zoom n’urubyiruko rukomoka ku bakoze jenoside, bibumbira hamwe ngo bahakane ibyaha by’ababyeyi babo, akwirakwiza ingengabitekerezo asanganwe ababwira ko bafungiwe ubusa, ko abakoze jenoside bibereye i kigali.",sadness,fear+sadness+surprise,0.123,0.003,0.268,0.293,0.648,0.149
kin_test_track_a_00337,"yagize ati ""ni inzu zirenga igihumbi tugenekereje, naho abantu basaga magana atatu babonye inzu zabo ziba umuyonga, nta kintu na kimwe babashije kurokoramo.",sadness,fear+sadness+surprise,0.263,0.003,0.259,0.156,0.64,0.178
kin_test_track_a_00339,@<username> nureba se ....nuko kibondo.dore umukobwa (umutegarugori) ubereye u rwanda,joy,anger,0.644,0.008,0.066,0.128,0.217,0.046
kin_test_track_a_00340,"iyo wubatse ubushobozi bw’umugore, uba wubatse umuryango, bityo ukaba uteje imbere igihugu.”",joy,none,0.333,0.002,0.125,0.158,0.41,0.097
kin_test_track_a_00342,"kuba hareguye bane muri bayigize, byatumye abasigaye badashobora gufata icyemezo nk’uko amategeko abigena.",none,fear+sadness+surprise,0.082,0.005,0.222,0.176,0.606,0.219
kin_test_track_a_00343,"akumiro niki?! ni igihe uguze phone yaguhenze utaziko ari pirate😔🙄😢 uziko ari #samsung , ukayayatsa aho kwiyandikamo #samsung hakiyandikamo samuel 🙄😢😭😭😓😓😟😞😔",sadness+surprise,anger+surprise,0.536,0.004,0.175,0.098,0.441,0.247
kin_test_track_a_00344,"ubushakashatsi ku ibarura rusange rya gatanu ry’abaturage n’imiturire bugaragaza ko ingo 17,7% zitabasha kubona amazi meza yo kunywa mu gihe 28% zitizanya ubwiherero nabwo butameze neza.",sadness,fear+sadness+surprise,0.119,0.003,0.255,0.316,0.634,0.15
kin_test_track_a_00345,"abahanga bavuga ko imibonano mpuzabitsina ikozwe neza, ishobora kubera abayikoze urukingo rwo kwibasirwa n’umuhangayiko, agahinda gakabije ndetse n’ibindi bibazo bishingiye ku buzima bwo mu mutwe.",none,fear+sadness,0.125,0.002,0.237,0.34,0.602,0.127
kin_test_track_a_00346,ubusazi bwa putine bugeze no muri sports.dore burayishegeshe. ##url##,anger,joy,0.304,0.006,0.044,0.479,0.143,0.026
kin_test_track_a_00347,#rwanda uri nziza n' abagutuye ni beza ##url##,joy,none,0.397,0.007,0.063,0.169,0.22,0.043
kin_test_track_a_00348,ikomeza ivuga ko yibarutse mu ntangiro z’uku kwezi ariko we na a$ap rocky bagahitamo kubigira ubwiru bukomeye.,none,joy,0.159,0.002,0.141,0.423,0.454,0.081
kin_test_track_a_00349,"nibihinduka igitekerezo cyiza kuri uyu muhungu w’imyaka itanu, uw’imyaka itandatu bikaba uko, ukareka n’uwa 12; bakaba bafata iki cyemezo cyo guhindura ubuzima bo ubwabo?”",none,fear+sadness,0.18,0.002,0.201,0.268,0.541,0.132
kin_test_track_a_00350,@<username> @<username> @<username> @<username> @<username> @<username> ni ukuvuga ko yamwogeje kugirango asibanganye ibimenyetso. mbese yamwogeje ku gitsina nka kwa kundi dukaraba mu ntoki n'amazi n'isabune.,fear+sadness,anger,0.554,0.004,0.072,0.189,0.269,0.045
kin_test_track_a_00351,"abanyeshuri bajyaga kwiga hirya bakambuka imipaka, ariko kugeza ubu aho cyaziye baza hano, ntibakijya hirya no hino.’’",none,fear+sadness+surprise,0.155,0.004,0.261,0.134,0.651,0.225
kin_test_track_a_00352,mu gitondo cyo kuri uyu wa 24 kanama ubuyobozi n’abaturage bakomeje gukora igenzura ngo barebe ko nta muriro usigaye basanga ntawo.,none,fear+sadness+surprise,0.104,0.006,0.323,0.216,0.702,0.224
kin_test_track_a_00353,"moïse katumbi utavuga rumwe n’ubutegetsi bwa tshisekedi, yabwiye abanyamakuru ko ibiri kuba bibabaje, by’umwihariko ko biri gukorwa n’umuntu bahoze bafite imyumvire imwe.",sadness,fear+sadness+surprise,0.104,0.003,0.261,0.29,0.652,0.156
kin_test_track_a_00355,igitangaje n’ukuntu ibiryo byanyu bihora bisa nk’umususwe.,disgust+surprise,disgust,0.172,0.959,0.083,0.089,0.087,0.079
kin_test_track_a_00356,"yakomeje agira ati “ndabifata ubundi nkashushanya nk’umuntu ugiye gukora igihangano cye, hamwe mbishyiraho ku ruhande, ahandi nkahashushanya ikintu runaka ku buryo ubibonye asanga igishushanyo cyanjye gifite umwimerere.”",joy,fear+sadness+surprise,0.171,0.003,0.28,0.173,0.661,0.202
kin_test_track_a_00358,urukiko rugaragaza ko umurongo uhuriweho n’izindi manza ari uko amasezerano ari ingaruka zo kwemera kw’impande zombi.,none,fear+sadness+surprise,0.099,0.004,0.268,0.237,0.664,0.178
kin_test_track_a_00359,ishuri rikuru rya gisirikare rya nyakinama ni ishuri mpuzamahanga uyu munsi ryigamo abaturutse mu bihugu 12.,joy,surprise,0.214,0.002,0.172,0.222,0.513,0.146
kin_test_track_a_00361,"ba “komisiyoneri” bose si abahemu, gusa umubare munini wabo akenshi uzamo akantu k’ubuhemu kuko nutanze amafaranga ku wo yari agenewe abanza gukuraho aye, akamuha ibisigarizwa.",anger,fear+sadness+surprise,0.119,0.003,0.256,0.235,0.66,0.171
kin_test_track_a_00362,"@<username> kkubera ko mbona mwanyihoreye kukibazo cyanjye, nshaka ko muyemererako umunsi insinga zanyu zanteje impanuka muzabyirengera!",anger,joy,0.345,0.003,0.064,0.593,0.186,0.037
kin_test_track_a_00363,uruhare rw’abanyamuryango ni ukwita kuri aya mafi no kuyarinda kugira ngo abajura batayiba.,none,fear+sadness+surprise,0.07,0.01,0.293,0.125,0.678,0.296
kin_test_track_a_00365,@<username> birababaje kubona sector commender wa police @<username> muri @<username> afunga umwana wiga p5 kasho bugacya ajya gukora ikizamini.ibyo bikwiye? turwanye ihihoterwa. @<username> @<username> @<username> @<username> @<username> @<username>,sadness,none,0.485,0.005,0.047,0.372,0.15,0.03
kin_test_track_a_00367,@<username> niba ari ubuswa bwanjye ... ndabona ikinyarwanda cyanditse hano ntari kucyumva neza.,none,joy,0.167,0.008,0.058,0.742,0.159,0.041
kin_test_track_a_00369,@<username> ariko buriya nawe wagombye gukurikira abandi. kuko ndabona ukurikira bake pe!!! ibyo bagukorera nawe wagombye kubikorera abandi!!!,sadness,anger,0.668,0.009,0.087,0.092,0.279,0.07
kin_test_track_a_00370,"abasirikare bamuhiritse ku butegetsi banze kuva ku izima, bavuga ko batazabumusubizaho.",anger,fear+sadness,0.133,0.002,0.203,0.364,0.551,0.112
kin_test_track_a_00372,izajyimana umunsi umwe nijoro nzabyuka ntere ibuye mukigo cyagisirikare numve ukuntu bavuga ngo uradukanze 😂😂😂😂,sadness,fear+surprise,0.421,0.005,0.225,0.081,0.496,0.37
kin_test_track_a_00374,good morning good peole 🌅 imana ibane namwe uyu munsi kdi ihaze kwifuza kwanyu❤️😍,joy,anger,0.58,0.003,0.07,0.172,0.233,0.077
kin_test_track_a_00375,"mu mashusho yashyize ku rubuga rwa tiktok mu cyumweru gishize yagize ati “mu rugendo turimo rwo gusura buri gihugu ku isi, ubu turi mu rwanda mu murwa mukuru wa kigali.",joy,fear+sadness,0.135,0.002,0.234,0.337,0.605,0.134
kin_test_track_a_00376,"uyu muhanzi mu butumwa bw’uruhererekane yashyize kuri instagram stories yabanje kugaragaza yolo the queen, ari kuririmba indirimbo ye yise “single again” arangije akurikizaho ubutumwa agira ati “uko uba wiyumva iyo utegereje imodoka yawe ya range rover.’’",none,joy,0.249,0.002,0.102,0.464,0.351,0.064
kin_test_track_a_00377,ni iminsi ibiri bari bihaye yo kureba no kuganira n’abaturage baturiye umupaka.,none,fear+sadness+surprise,0.051,0.022,0.195,0.111,0.586,0.239
kin_test_track_a_00378,"ati ""ntabwo umuyobozi akwiye gutuza azi ko hari ikibazo umuturage afite yamugejejeho ntiyizere neza ko cyakemutse.",anger,fear+sadness+surprise,0.228,0.003,0.274,0.215,0.641,0.173
kin_test_track_a_00379,"umunyamabanga nshingwabikorwa w’umurenge wa rukira, buhiga josué, yabwiye igihe ko koko abaturage bashakaga kugirira nabi uyu mugore bamukekaho amarozi.",sadness,fear+sadness+surprise,0.101,0.004,0.305,0.222,0.696,0.203
kin_test_track_a_00382,"bivugwa ko muri iyo nama ""inkende yaje yicara mu idirishya rikinguye ry’icyumba cyaberagamo inama.",surprise,fear+sadness+surprise,0.168,0.003,0.242,0.205,0.63,0.176
kin_test_track_a_00383,"umuyobozi wa ibuka mu karere ka rulindo, murebwayire alphonsine, yagaragaje ko i shyorongi hari bamwe mu batutsi bishwe bahungiye mu kigo cya gisirikare cy’abahoze ari ingabo za habyarimana bari biteze ko babona amakiriro ku ngabo.",sadness,fear+sadness+surprise,0.111,0.003,0.282,0.284,0.664,0.164
kin_test_track_a_00385,hari abantu bahisemo brain kuyikoresha nk’amasogisi mw’iyi minsi😂😂😂,anger,surprise,0.43,0.019,0.145,0.049,0.354,0.287
kin_test_track_a_00386,"ati “ubundi umutware yabaga afite agace atwara, umutware udafite aho atwaye aba atwaye iki, uwo aba ari bwoko ki?",none,fear+sadness+surprise,0.312,0.005,0.253,0.083,0.614,0.274
kin_test_track_a_00387,turagura cure-dents mu mahanga tukavuga ko twabohowe!twarabohowe amenyo yacu arasigara-kuko abashinwa ni bo badufasha kuyasukura!”,anger,none,0.45,0.002,0.107,0.227,0.335,0.082
kin_test_track_a_00388,gusa ntabwo bayinjije mu mubiri ahubwo barayimwegereje maze bahuza imitsi yayo n’iye hanyuma babona ihise itangira kuyungurura amaraso inasohora imyanda nk’ibisanzwe.,none,fear+sadness+surprise,0.08,0.005,0.275,0.19,0.681,0.237
kin_test_track_a_00389,"yakomeje agira ati “uyu mudali ushushanya ugushima kwacu ku kuba iteka ushyira afurika imbere, ibintu bituma gahunda z’u rwanda nazo zitera imbere.",joy,fear+sadness+surprise,0.194,0.002,0.257,0.206,0.635,0.169
kin_test_track_a_00390,"kwinjira mu gisirikare cy’u rwanda, ni ibintu bikorwa mu buryo buciye mu mucyo, mu murongo ugororotse, gusa byageze ku bongereza badashyigikiye iyi gahunda yo kohereza impunzi mu gihugu, bavuga ko rushaka abo ruzashyira mu gisirikare.",none,fear+sadness,0.108,0.002,0.217,0.378,0.587,0.121
kin_test_track_a_00391,yagaragaje ko kubona umuganga yambura ubuzima uwamuhungiyeho ari ibintu biteye isoni nubwo bishimangira ubugome n’ubukana jenoside yakorewe abatutsi yakoranywe.,anger+sadness,fear+sadness+surprise,0.098,0.005,0.314,0.203,0.706,0.217
kin_test_track_a_00392,gahunda ariko ngo nuko uyu munsi ntamahoro agomba kuboneka😂😂😂😂😂😂😂😂 ##url##,fear,anger+surprise,0.59,0.007,0.105,0.085,0.311,0.156
kin_test_track_a_00394,hari n’abatagira amagare kuko bisaba ubushobozi kurigira.,sadness,disgust,0.166,0.315,0.078,0.045,0.205,0.082
kin_test_track_a_00395,ibaze ukuntu mukanya kashize igihe narinsinziriye narindi muriyinzu nakanguka nkasanga ndi muri ghetto numuriro wabuze 😂 ##url##,sadness+surprise,none,0.502,0.002,0.114,0.167,0.368,0.116
kin_test_track_a_00396,"uyu muhanzi wagiye atamaze ipfa abari bamutegereje yakurikiwe n’abantu batandukanye biganjemo inkumi, bari banze ko agenda atabaramukije.",none,fear+sadness+surprise,0.089,0.005,0.274,0.224,0.684,0.203
kin_test_track_a_00398,kwakundi ujya kumurongo kuri bus wamara gutappinga siyo washakaga😭😭😭😭you have to wait another 10hrs,sadness,surprise,0.477,0.005,0.145,0.085,0.398,0.248
kin_test_track_a_00401,ugasanga umu mama muturanye afite uruhungu rubi ariko yakubona ukumva aravuze ngo bite umukazana😏,none,fear+sadness+surprise,0.293,0.005,0.289,0.098,0.588,0.388
kin_test_track_a_00403,"nyuma y’igihe arwaye kanseri, yaje kuyikira nta muntu umubaze, ahita akomerezaho urugendo rwe rwo gushima imana, atangira gukora ivugabutumwa.",joy+surprise,fear+sadness+surprise,0.069,0.007,0.274,0.154,0.68,0.249
kin_test_track_a_00404,@<username> @<username> she diserve it really. igihe gito namubonye nabonye ari umubyeyi. isabukuru nziza @<username>,joy,anger,0.524,0.005,0.047,0.283,0.16,0.029
kin_test_track_a_00406,uramutse ubariyemo n’ututazwi uyu mubare uziyongera cyane.,none,joy,0.21,0.01,0.044,0.445,0.148,0.029
kin_test_track_a_00407,biteye ubwoba.,fear,disgust,0.214,0.893,0.065,0.066,0.08,0.057
kin_test_track_a_00408,yongeyeho ko ikibazo cya mwishywa we wagurishije isambu cyagejejwe mu nkiko.,none,fear+sadness+surprise,0.073,0.006,0.272,0.178,0.67,0.243
kin_test_track_a_00410,"ukraine yanze kwerura niba iri inyuma y’ibyo bitero, ariko ivuga ko yishimira kubona biba, ndetse ko mu gihe kiri imbere bishobora kwiyongera.",fear,fear+sadness+surprise,0.092,0.005,0.304,0.209,0.689,0.208
kin_test_track_a_00412,ntabwo bizwi niba ibi biganiro bigikomeje.,none,disgust,0.168,0.819,0.064,0.055,0.101,0.063
kin_test_track_a_00413,ni yo mpamvu kadima n’itsinda rye banze ubugenzuzi bw’itsinda ryigenga batinya ko amakosa yabo ashyirwa ku karubanda.”,fear,fear+sadness+surprise,0.216,0.003,0.209,0.164,0.55,0.205
kin_test_track_a_00415,"akarere ka rubavu, ni kamwe mu twibasiwe cyane.",sadness,joy,0.28,0.005,0.047,0.417,0.173,0.03
kin_test_track_a_00416,@<username> ukuntu abantu hanze aha batabyumva nicyo giteye inkeke😭😭😌 baba bijujuta !!,fear,anger,0.663,0.009,0.094,0.07,0.3,0.133
kin_test_track_a_00417,"ati “mbere wasangaga umuntu yoroye inkoko noneho amagi ziteye akayagurisha, wajya kureba ugasanga umwana we na we ari mu bafite imirire mibi n’igwingira.",sadness,fear+sadness+surprise,0.264,0.003,0.256,0.147,0.64,0.188
kin_test_track_a_00418,ati “ni uko twari tumaze kubona ko hari ikibazo cy’abantu bari kweza ibijumba bikabapfana ubusa.,sadness,fear+sadness+surprise,0.244,0.003,0.271,0.193,0.64,0.181
kin_test_track_a_00419,@<username> ubwo c woe umuntu uryama nta musego akamara umwaka wose ijosi ari rizima urumva aba yoroshye mn😂,none,anger,0.672,0.01,0.09,0.065,0.296,0.114
kin_test_track_a_00420,maconco yigometse kuri mwezi.,none,disgust,0.196,0.319,0.056,0.056,0.128,0.057
kin_test_track_a_00421,abanyapolitiki babyitabiriye ntibashishoje,none,disgust,0.209,0.967,0.081,0.103,0.081,0.069
kin_test_track_a_00422,na banki y’isi bigena ibipimo ngenderwaho mu gupima umwenda w’igihugu niba uzabasha kwishyurwa cyangwa ari umutwaro uremereye.,none,fear+sadness+surprise,0.079,0.004,0.226,0.22,0.638,0.185
kin_test_track_a_00423,"mubyukuri ndababaye, ese koko aba bana babayeho bate? ese harubitayeho? ubux ahazaza tuvuga harihe? @<username> @<username> @<username> @<username> @<username> @<username> @<username> ##url##",sadness,joy,0.333,0.003,0.065,0.438,0.205,0.042
kin_test_track_a_00424,ugasanga umutipe ariyemera ngo arya ibyana🛌...kdi atarigera abona umwobo w ifuku😂😂😂😂😂😂,anger+surprise,fear+surprise,0.464,0.011,0.185,0.059,0.414,0.348
kin_test_track_a_00425,ati “ntabwo umuntu akwiye kwirukanka umureba ngo ubyihorere.,anger,fear+sadness+surprise,0.392,0.007,0.235,0.103,0.572,0.191
kin_test_track_a_00426,"yakomeje avuga ko niba ibihugu bya afurika bishobora kwanga kugira uruhande bihagararaho mu ntambara iri mu gihugu cye, bigaragaza ko “ijambo u burusiya bwari bufite muri afurika rigenda rigabanuka.”",fear,fear+sadness+surprise,0.154,0.002,0.294,0.223,0.67,0.171
kin_test_track_a_00427,ubundi se biriya wabyitaga ubwigenge? ubwigenge buvangura abenegihugu nta bwigenge buba burimo!!! ##url##,anger,none,0.466,0.003,0.121,0.136,0.377,0.11
kin_test_track_a_00428,"umunyamategeko juan smuts yatangaje ko kongera guta muri yombi kayishema, byatunguye we n’umuryango w’uwo yunganira.",surprise,fear+sadness+surprise,0.093,0.004,0.255,0.217,0.661,0.193
kin_test_track_a_00429,ntimuzigere mureka abandi bantu ngo babagenere abo mukwiriye kuba bo.”,anger,surprise,0.311,0.017,0.151,0.046,0.399,0.236
kin_test_track_a_00431,mbonye iriya station ya police yi remera nibuka le 1 jan tujyayo gutanga ikirego ko batwibye 😩 kwibwa kuri ny😭😭😭,sadness,fear+surprise,0.373,0.004,0.224,0.092,0.537,0.332
kin_test_track_a_00432,yagize ati “mu makuru twamenye hari abajura baturutse mu mudugudu umwe barabirukankana nk’uko bisanzwe baherekanya amakuru bavuga ngo ‘mubatangire ni abajura’; barimo kwiruka basa nk’aho babacitse bahindukira bafata amabuye barabatera rimwe rifata umwe ahita apfa ako kanya.”,sadness,fear+sadness+surprise,0.234,0.002,0.282,0.138,0.642,0.231
kin_test_track_a_00433,@<username> umva njye mbona kdi hafi gupfa peee,sadness,anger,0.59,0.03,0.062,0.068,0.197,0.048
kin_test_track_a_00434,umuntu nkawe uri kugenda urebera amashusho y'urukozasoni mu modoka?,disgust,disgust+surprise,0.285,0.12,0.115,0.041,0.263,0.183
kin_test_track_a_00435,dukora uburyo bwose bushoboka butuma umunyetorero yiyumvamo ibikorwa byaryo n’iby’igihugu.”,joy,surprise,0.228,0.005,0.142,0.092,0.454,0.17
kin_test_track_a_00436,shombo w’imyaka 17 mu kiganiro na igihe yavuze ko yabyirutse abona mu mudugudu avukamo hari abantu bafite ubumuga bwo kutabona bagenda ari uko babarandase.,sadness,fear+sadness+surprise,0.112,0.005,0.283,0.157,0.697,0.219
kin_test_track_a_00437,ntabwo twari tubimenyereye ariko twabonye twarakinnye neza.,joy,disgust,0.181,0.781,0.074,0.07,0.125,0.068
kin_test_track_a_00438,"umwuka ukomeje kuba mubi hagati ya niger n’ibihugu by’amahanga by’umwihariko ibigize cedeao, umuryango wa afurika yunze ubumwe, u burayi na leta zunze ubumwe za amerika.",fear+sadness,fear+sadness+surprise,0.099,0.004,0.258,0.231,0.651,0.178
kin_test_track_a_00439,yatawe muri yombi nyuma y’uko hari amakuru yatanzwe y’uko uwo mubyeyi yagize uruhare mu gushyingira umwana we wari utarageza igihe cy’imyaka y’ubukure ndetse no kumuha imiti y’ibyatsi yo kumukuriramo inda.,sadness,fear+sadness+surprise,0.072,0.008,0.297,0.177,0.701,0.254
kin_test_track_a_00440,"ku rundi ruhande ngo mu basoje amasomo kuva mu 1980 kugeza mu 2016, abo bamaze kumenyera imyirondoro bashobora gukoresha uburyo bw’ikoranabuhanga bakamenya aho bari, bagera ku bihumbi 41.",joy,fear+sadness+surprise,0.135,0.002,0.256,0.262,0.623,0.159
kin_test_track_a_00441,atanga urugero ku babyeyi batuma abana bishyira ku gitutu bijyanye n’amasomo baba babahaye y’ibijyanye no gushimisha abazaba abagabo babo binyuze mu guca imyeyo nyamara uwo mubyeyi atazi niba uwo mwana we azanashaka.,sadness,fear+sadness+surprise,0.072,0.007,0.285,0.172,0.7,0.243
kin_test_track_a_00442,hakomeretse n’umunyonzi wari utwaye igare mu gihe umushoferi w’imodoka we nta kibazo yagize.,sadness,fear+sadness+surprise,0.057,0.008,0.184,0.166,0.585,0.198
kin_test_track_a_00443,abacuruzi bamwe barumiwe…,sadness,disgust,0.211,0.817,0.065,0.064,0.086,0.057
kin_test_track_a_00444,"rurenge ni we wagiriye inama murumuna we wamugwaga mu ntege yo kujya gukaba ubutaka bwo mu majyepfo y’igihugu cye, kuko yabonaga azagurira ubutaka bwe mu burengerazuba no hagati, akanga ko hazagira undi uva mu mahanga ya kure, akabatangatanga akabata hagati.",none,fear+sadness+surprise,0.105,0.005,0.323,0.23,0.704,0.206
kin_test_track_a_00445,mu 2011 urukiko rushinzwe kurengera uburenganzira bwa muntu mu burayi rwanzuye ko abakekwaho ibyaha bya jenoside bari muri suède boherezwa mu rwanda kandi byarakozwe.,joy,fear+sadness+surprise,0.116,0.003,0.264,0.301,0.649,0.154
kin_test_track_a_00446,@<username> habaho no kwirengagiza mwana kugira ngo batakuniga ndaqa😂😂😂😂,none,anger+surprise,0.651,0.012,0.097,0.061,0.292,0.146
kin_test_track_a_00447,ati ‘‘abana bishwe nabi cyane!,sadness,fear+surprise,0.316,0.018,0.274,0.111,0.522,0.241
kin_test_track_a_00448,aya ni ayo bafatiye mu mujyi wa mombasa ho muri kenya umwaka ushize ubwo bari bahuriyeyo bagiye kwizihiza umunsi mukuru w’amavuko yabo.,none,fear+sadness+surprise,0.077,0.005,0.253,0.256,0.663,0.196
kin_test_track_a_00449,yavuze ko umurambo we bahise bawujyana ku bitaro bya kabgayi kugira ngo hamenyekane icyamwishe kandi ko iby’abandi bantu bapfiriye muri iyo nzu atabizi.,sadness,fear+sadness+surprise,0.097,0.004,0.288,0.231,0.676,0.191
kin_test_track_a_00450,@<username> sorry igihe uri wenyine uge wibuka ko hari ukuri hafi uzi ibyawe akamenya ibyo ukeneye,none,anger,0.695,0.009,0.077,0.097,0.249,0.062
kin_test_track_a_00451,"2/2 ntuduhane mu bitwoshya, ahubwo udukize umubi, kuko ubwami n'ubushobozi n'icyubahiro ari ibyawe, none n'iteka ryose. amen. '",none,joy,0.184,0.003,0.079,0.593,0.259,0.045
kin_test_track_a_00452,"gitembagara yagize ati “usanga umuforomo ahembwa ibihumbi 197 by’amafaranga y’u rwanda, iyo uyagereranyije n’ishoramari yakoze yiga, ubona kugira ngo azagaruze byatwara imyaka hagati y’irindwi n’umunani.”",sadness,fear+sadness+surprise,0.15,0.002,0.209,0.241,0.575,0.147
kin_test_track_a_00453,"muri iyi raporo avuga ko atigeze agaragarizwa inyandiko zisobanura umubare wa muvelo zizakorwa n’ingano yazo, ibishobora gutuma bimwe mu bikoresho bita agaciro bigahombya leta amafaranga atari make.",none,fear+sadness+surprise,0.101,0.004,0.279,0.248,0.676,0.181
kin_test_track_a_00455,"uyu mugore avuga ko nta bwinyagamburiro aba-taliban babaha, yari afite inzozi zo kuzaba umunyamategeko ariko zayoyotse ubwo abakobwa n’abagore babuzwaga kwiga.",sadness,fear+sadness+surprise,0.117,0.004,0.319,0.213,0.702,0.201
kin_test_track_a_00456,"sha sinkubeshye nsigaye ngukemanga.""",fear,disgust,0.16,0.763,0.064,0.043,0.109,0.073
kin_test_track_a_00457,"ese umuntu agusabye, ukamuha mukanya ukamubona ari kunywa biere wabifata ute???",none,surprise,0.367,0.041,0.157,0.054,0.357,0.287
kin_test_track_a_00459,@<username> @<username> @<username> ibyo ni byiza cyane. ahubwo gusaba atm card ko bitinda cyane? bampaye 2 months,none,joy,0.263,0.006,0.057,0.682,0.145,0.038
kin_test_track_a_00460,arko imbeba ko bazigeragerezaho inkingo mukaba mukomeje kuzica nizishira bizagenda bite,anger,none,0.4,0.002,0.132,0.183,0.398,0.119
kin_test_track_a_00461,ikindi kandi hasuzumwe niba hari impamvu zikomeye zituma akekwaho icyaha rusanga hari impamvu zikomeye zishingiye ku kuba yaremeye ko amashusho yakwirakwijwe ari aye nubwo avuga ko bitari mu ruhame.,none,fear+sadness+surprise,0.111,0.004,0.301,0.256,0.685,0.187
kin_test_track_a_00462,"perezida w’ishyirahamwe nyarwanda ry’umukino wa tennis, karenzi théoneste, yavuze ko bishimiye kwakira iyi mikino yo mu itsinda rya kane izaba tariki ya 5-10 kamena, yongeraho ko imyiteguro bayigeze kure.",joy,fear+joy+sadness,0.114,0.003,0.224,0.393,0.576,0.128
kin_test_track_a_00463,atanga urugero kuri nhica do rovuma yagize ati “ingabo ziyobowe na gen nkubito umwanzi zarahamuvanye.,none,fear+sadness+surprise,0.186,0.002,0.239,0.199,0.62,0.173
kin_test_track_a_00464,ibyo byatumye hashyirwaho ihuriro ry’amashyaka ngo aganire ku bibazo binini bireba igihugu n’abaminisitiri babagezeho ibigiye gukorwa n’ingamba igihugu gifite.,fear,fear+sadness+surprise,0.09,0.004,0.271,0.229,0.676,0.2
kin_test_track_a_00465,@<username> @<username> “ibitagira abakuru birumba ari indaru (indaro)” ariko kandi igihugu kiramutse kidafite abato bacyo cyakwizera kurimbuka vuba bidashidikanywaho.,none,anger,0.613,0.004,0.081,0.144,0.294,0.057
kin_test_track_a_00467,@<username> ndumva nkugiriye imbabazi gake twese ngo ntituresha pa sorry 😭😭😭,sadness,anger,0.676,0.01,0.083,0.069,0.278,0.098
kin_test_track_a_00468,abanyamakuru bige gukoresha amarenga (geste) ntiyabumvise neza 🤣🤣 akumiro ni ivunja 🥳🥳 ##url##,surprise,anger,0.592,0.004,0.104,0.125,0.311,0.122
kin_test_track_a_00469,ati “birakenewe ko uyu mugabane wiyubaka mu bitekerezo ukumva ko utagomba kugaburirwa n’abandi.,anger,fear+sadness+surprise,0.23,0.003,0.267,0.201,0.641,0.177
kin_test_track_a_00470,"@<username> urakoze cyane. uzamenya umusonga wanjye tukawusangira, kandi ntisinzire kubera umusonga wanjye uko yaba asa kose uwo nzamunambaho .",none,joy,0.268,0.003,0.067,0.615,0.214,0.037
kin_test_track_a_00471,"ni raporo igaragaza umubare w’abantu bapfuye bagiye babarurwa bapfiriye mu ngo, abaguye mu mpanuka, ndetse n’abaguye mu mavuriro cyangwa ibitaro.",sadness,fear+sadness+surprise,0.106,0.004,0.287,0.21,0.677,0.2
kin_test_track_a_00472,"@<username> 😂😂🤣🤣🤣🤣🤣🤣 kwifata biranze ndaseka, nanjye nidubura nzareba ko udafute inzāra nk'izinka!🇻🇺",joy,anger,0.646,0.005,0.078,0.13,0.247,0.093
kin_test_track_a_00474,"ni amakuru yakomeje no mu gitondo cyo kuri uyu wa kabiri, biba ikiganiro ku mbuga nkoranyambaga hirya no hino.",none,fear+sadness+surprise,0.086,0.003,0.24,0.245,0.634,0.174
kin_test_track_a_00475,"yagarutse ku ngaruka bishobora gutera ati “aho mbona bishobora kubangamira ubumwe, ni uko abantu bashobora gutangira kwireba muri iyo ndorerwamo y’ubwoko bwabo, noneho nko mu gihe cyo gutanga imirimo, niba mwamaze kubikora nk’umuryango, hakaza ikimenyane.",fear,fear+sadness+surprise,0.183,0.003,0.304,0.206,0.68,0.184
kin_test_track_a_00476,"😂 nari nicaye ahantu numva umwana abajije nyina ngo mbese kunyara bisobanuye ik …,kugeza nanubu ntabwo aramusubiza ndakomeza mbahe amakuru 😂🤌",none,fear+surprise,0.401,0.004,0.22,0.086,0.509,0.319
kin_test_track_a_00477,"ibi biri mu bituma agababo n’abasore benshi bahitamo kutagaragaza intege nke zabo cyangwa ngo basabe ubufasha igihe biri ngombwa, bagahitamo guceceka no kujya kure y’abandi kugira ngo batabacira urubanza bakurikije ibihe bigoye bari kunyuramo.",none,fear+sadness+surprise,0.121,0.003,0.275,0.217,0.674,0.175
kin_test_track_a_00478,daliso yavuze ko nyuma yo kugera mu rwanda yasanze ibyo uwo munyamasengesho yavugaga cyari ikirundi.,none,fear+sadness+surprise,0.076,0.008,0.311,0.184,0.702,0.266
kin_test_track_a_00480,umunsi umwe nibwo umujyanama wabo yabwiye schwarzenegger ko umugore we akeneye kumenye ukuri kose kuko yari amaze igihe amukeka amababa harimo no kubyarana n’undi mugore.,fear,joy,0.141,0.002,0.165,0.487,0.484,0.085
kin_test_track_a_00481,@<username> @<username> @<username> @<username> @<username> @<username> @<username> @<username> @<username> @<username> @<username> @<username> nyihanganira man tubifate ko ari 1/1 twiyunge ntacyo dupfa mn,sadness,anger,0.565,0.005,0.054,0.251,0.178,0.033
kin_test_track_a_00482,polisi kandi yabwiye voa ko umubare w’abapfuye ushobora kwiyongera kuko abagenzacyaha ndetse n’itsinda rikora ubutabazi bakomeje gushakisha ababuze.,sadness,fear+sadness+surprise,0.106,0.004,0.288,0.242,0.677,0.189
kin_test_track_a_00483,"abatangabuhamya babwiye igihe ko uwo musore yari arimo gusangira inzoga na bagenzi be b’abahungu, aza kunyuzamo atangira gukorakora umwe muri bo amubwira ko yamukunze, undi ahita amukubita umugeri agwa hasi.",sadness,fear+sadness+surprise,0.104,0.005,0.317,0.221,0.703,0.21
kin_test_track_a_00486,ariko ubundi umuh'akazi ninde? mashami nubwo wamuha ikipe yo mucyiciro cya 2 ntakipe yatsinda 🙅🙅🙅🙅,anger,fear+surprise,0.395,0.006,0.197,0.088,0.457,0.309
kin_test_track_a_00488,uwitwa batman yahize abandi bari bahatanye muri ibi bihembo kubera ko ari we watowe cyane kurusha bagenzi be.,joy,none,0.162,0.002,0.174,0.294,0.528,0.117
kin_test_track_a_00490,yongeyeho ko inzu yose igaragaye mu kajagari muri nyamirambo ikurwaho naho iby’abashinjwa kurya ruswa bikaba ari ubuzima bwabo ku giti cyabo.,anger,fear+sadness+surprise,0.092,0.004,0.262,0.232,0.661,0.191
kin_test_track_a_00491,"mu ijoro ryo ku itariki ya 25 nzeri 2015 , umunsi umukinnyi wa filime saphine kirenga yizihizagaho isabukuru y’amavuko, mu buryo butunguranye umusore bakundanaga yazanye impeta y’urukundo [fiançailles] ayambika uyu mukobwa inshuti n’abavandimwe bose babireba.",joy+surprise,joy,0.155,0.003,0.084,0.676,0.267,0.046
kin_test_track_a_00493,"umukozi wa rab mu turere twa nyanza, muhanga, ruhango na kamonyi, gasana parfait yijeje abahinzi ko mu ukwakira bazaba babonye imbuto nziza.",joy,fear+sadness+surprise,0.122,0.003,0.25,0.269,0.629,0.151
kin_test_track_a_00494,"ati “twumvaga ko hari abanyarwanda ntabwo twari tuzi inyenzi, urugamba rutangiye batangiye kutubwira ko ari abantu bafite amatwi atendera twari dufite amatsiko yo kumenya uko bateye.",none,fear+sadness+surprise,0.256,0.003,0.274,0.171,0.647,0.184
kin_test_track_a_00495,"yavuze ko amahoro yaba ahari cyangwa se adahari, abantu badakwiriye gutakaza icyizere, kuko hari abantu bo gushyira ibintu mu buryo, ibitarakozwe ejo bigakorwa neza uyu munsi.",none,fear+sadness+surprise,0.108,0.004,0.286,0.204,0.691,0.186
kin_test_track_a_00496,yavuze ko yari afite n’izindi ngabo zari mu majyaruguru y’igihugu aho ibyihebe n’inyeshyamba byari biherereye.,none,fear+sadness+surprise,0.086,0.004,0.254,0.254,0.66,0.182
kin_test_track_a_00497,@<username> mwaramutse! internet yanze rwose mudufashe mukemure ikibazo gihari iri kutwicira akazi murako,anger+sadness,anger,0.67,0.009,0.072,0.108,0.227,0.051
kin_test_track_a_00498,ati “turizeza ko nk’igihugu tuzakora ibishoboka byose.,none,fear+sadness+surprise,0.268,0.003,0.223,0.139,0.587,0.18
kin_test_track_a_00500,bamushinjaga ivangura no guheza bamwe mu baturage ba thailand.,none,surprise,0.099,0.007,0.172,0.128,0.506,0.209
kin_test_track_a_00501,"ati “ barwanye umugabo aniga umugore we ku bw’amahirwe aza kumucika ariruka ajya guhuruza abaturanyi n’ubuyobozi bw’inzego z’ibanze, abaturanyi baje bashakisha umugabo mu rugo baramubura, naho undi yabonye umugore agiye agira umujinya afata umwana wabo w’amezi arindwi wari uryamye ahita yiruka baramubura, bakomeje gushakisha ahantu hose barababura biba ngombwa ko baryama bakagira ngo wenda yabihishe ari buboneke mugitondo.”",sadness,fear+sadness+surprise,0.177,0.002,0.269,0.218,0.655,0.17
kin_test_track_a_00505,"@<username> @<username> arazizi cyane, nakurangire rwose njya mbona ari umuseeenzi wa cyane",anger,joy,0.218,0.008,0.054,0.715,0.139,0.037
kin_test_track_a_00506,"ubushakashatsi bukomeza buti “mu murwa mukuru [kigali], ingo zisaga 61% z’abantu ku giti cyabo zibamo abantu bakodesha.”",none,fear+sadness+surprise,0.193,0.002,0.241,0.161,0.629,0.194
kin_test_track_a_00507,"ubu bushakashatsi bwakozwe mu 2003 na dr. augustine acronym_placeholder kposowa, umwarimu muri kaminuza ya california akaba n’inzobere mu by’imibanire.",none,joy,0.121,0.009,0.074,0.812,0.187,0.053
kin_test_track_a_00508,"amakipe apr fc yahoze itsinda muri afurika yamaze kuyisiga, murasezeranya abakunzi bayo ko kuri iyi nshuro muje guhangana ku ruhando mpuzamahanga?",none,fear+sadness+surprise,0.187,0.002,0.24,0.171,0.607,0.206
kin_test_track_a_00509,"abaturage bo muri aka gace, bavuga ko uyu mugore yarenganye kuko yesenyewe wenyine mu gihe inzu nyinshi zikarimo bigaragara ko ziri mu manegeka.",sadness,fear+sadness+surprise,0.111,0.003,0.284,0.26,0.67,0.176
kin_test_track_a_00511,ibi byabaye ku cyumweru mu mudugudu wa rwimbogo mu kagari ka kaduha mu murenge wa munyaga aho bajyanywe ku kigo nderabuzima cya munyaga.,sadness,fear+sadness+surprise,0.094,0.004,0.271,0.253,0.668,0.192
kin_test_track_a_00512,kayishema n’abandi bahise bagenzura iyimurwa ry’imirambo bayivana mu rusengero bayijyana mu mva rusange mu minsi igera kuri ibiri yakurikiye.,sadness,none,0.091,0.003,0.153,0.317,0.53,0.116
kin_test_track_a_00513,ubundi nujya muri interview ugasanga irakoreshwa n'umugabo uzamubwire ngo nutampa akazi nzaguteretera umugore wae. interview izahita irangira shn,none,joy,0.3,0.002,0.089,0.429,0.307,0.054
kin_test_track_a_00514,ati “ni igihugu tubanye igihe kirekire cyane kuva cyafungura ambasade yacyo mu rwanda.,joy,fear+sadness+surprise,0.206,0.002,0.232,0.203,0.605,0.173
kin_test_track_a_00515,"“umugore yatubwiye ko bageze mu rugo bakoze imibonano mpuzabitsina barangije bararyama, mu gitondo umugore yarabyutse amusiga mu buriri ajya gushaka icyo barya agarutse arebye asanga undi yapfuye ahita atangira gutabaza.”",sadness+surprise,fear+sadness+surprise,0.145,0.002,0.256,0.254,0.635,0.162
kin_test_track_a_00516,"habagusenga yavuze ko yasabye imbabazi umugore we batangira gushyira hamwe amafaranga yanyweraga n’ayo yajyanaga mu ndaya, ngo yahise atangira kuyabika yiguriramo igare, atangira kwahirira inka yabo kugeza ubu ngo imaze kugera kuri litiro icumi mu gihe mbere yabonaga litiro eshanu.",joy,fear+sadness+surprise,0.106,0.005,0.324,0.215,0.707,0.21
kin_test_track_a_00518,"ati “nyuma yo guhabwa amakuru yizewe n’abaturage baturiye umupaka, ko hari magendu y’imyenda ya caguwa yinjijwe mu gihugu ivanywe mu bihugu by’abaturanyi, polisi yateguye ibikorwa byo kubafata, mu murenge wa kigarama wo mu karere ka kirehe, ku isaha ya saa kumi n’ebyiri za mu gitondo hafatirwa abantu batanu bari batwaye ku magare amabalo atanu.”",none,fear+sadness+surprise,0.223,0.002,0.264,0.18,0.655,0.169
kin_test_track_a_00519,"ati “ndashaka nihere ubutumwa inshuti yanjye jean fidèle, ndashaka nkubwire ko bitamvuye mu mutwe igihe wishimaga ibyishimo byanjye.",anger,fear+sadness+surprise,0.211,0.002,0.249,0.238,0.615,0.155
kin_test_track_a_00521,"hashize iminsi ikibazo cy’iyi ndwara gikurikiranwa cyane haba ku nzego z’ubuyobozi n’abahinzi ubwabo muri rusange, ariko ngo biranga bikaba iby’ubusa, uburwayi bugakomeza kwibasira umusaruro w’abahinzi.",sadness,fear+sadness,0.107,0.002,0.196,0.365,0.567,0.118
kin_test_track_a_00522,@<username> ubwo se si nko kuvugira #ishapure na rozari mu musigiti ku munsi w'iteraniro ra🙄🙄,none,anger,0.702,0.009,0.084,0.071,0.276,0.088
kin_test_track_a_00523,@<username> ahogutera intambwe 99 ujya inyuma uzatere imwe ugana imbere,none,anger,0.646,0.016,0.065,0.091,0.202,0.047
kin_test_track_a_00524,@<username> rayon imyenda tadusaziyeho peee!! uziko ku mupira wa mico izina rayon ryasibye!!! shameful for @<username>,anger+sadness,none,0.488,0.005,0.047,0.342,0.157,0.03
kin_test_track_a_00527,hari abantu baba banezezwa no gufasha abayobozi ntacyo bibatwaye.,none,surprise,0.087,0.048,0.173,0.068,0.534,0.208
kin_test_track_a_00528,ahubwo bipfira aho lil_g aririmbiye umusatsi. ##url##,none,joy,0.315,0.006,0.042,0.405,0.144,0.026
kin_test_track_a_00531,umwe mu bageze ahabereye ubu bwicanyi yabwiye igihe ko aba bagabo babiri bishwe baciwe imitwe gusa ngo ntiharamenyekana niba ababishe hari icyo bibye ngo kuko inzego z’umutekano zahise zihagera zirahazitira zinatangira iperereza.,sadness,fear+sadness+surprise,0.115,0.004,0.313,0.241,0.694,0.191
kin_test_track_a_00532,agahinda ka mbere nugufana arsenal uri umukene rwose,anger+sadness,surprise,0.215,0.018,0.143,0.053,0.38,0.188
kin_test_track_a_00533,"umva sister menya amazina ya boyfriend🙎‍♂️🙎‍♂️ wae ya nyayo ntagutera inda ntabwo tuzagufasha gushaka """" mane dreezy"""" 😂🤣🤣🤣🤣🤣🤣",none,surprise,0.479,0.006,0.171,0.082,0.417,0.297
kin_test_track_a_00534,@<username> muri bibiliya tukaba dufitemo igitabo cyanditswe n'umuzimu se? toka shitani!,anger,joy,0.326,0.005,0.047,0.572,0.134,0.029
kin_test_track_a_00535,"imig 20:4 nzarimirana w'umunyabute ntiyihingira atinya imbeho, ni cyo gituma mu isarura azasabiriza kandi ntagire icyo abona.",anger,none,0.165,0.002,0.13,0.236,0.478,0.107
kin_test_track_a_00536,"kalisa callixte ni umwe mu bikorera uvuga ko yahamagajwe n’ikigo cy’imisoro n’amahoro, kugira ngo asobanure imvano y’ibicuruzwa bigeze kuri miliyoni 200 frw byagaragaraga mu ikoranabuhanga ry’imisoro ko byaranguriwe kuri tin ye, ariko ntabisorere nk’umuntu wabicuruje.",none,fear+sadness,0.116,0.002,0.223,0.316,0.604,0.133
kin_test_track_a_00537,"yaramututse ngo ni imbwa, ngo na mama wawe ni imbwa.",sadness,disgust,0.173,0.171,0.084,0.057,0.232,0.097
kin_test_track_a_00538,"@<username> @<username> namba no kukuruma bwageze mu kanwa watangiye kumva ubunyunyusi bwabwo,uzi kukuruma umunwa ugiye gutamira,umunwa ugahita ubyimba!🤣🤣🤣",sadness,anger,0.661,0.007,0.1,0.08,0.319,0.128
kin_test_track_a_00539,"@<username> na @<username> ntibashinzwe abadayimoni. aya yihorere, azahura n'umucamanza uyashinzwe,azayajegeza, igihe nikigera. kandi si kera. ##url##",anger,joy,0.162,0.009,0.065,0.79,0.161,0.047
kin_test_track_a_00541,"@<username> babyeyi amazi turayakumbuye, mukore geste wenda tubone ayo kunywa ibicurane bigiye kutwica",sadness,anger,0.665,0.01,0.08,0.079,0.264,0.069
kin_test_track_a_00542,"umuyobozi mukuru wa irembo, israel bimpe, yagaragaje ko hakenewe kubaka ibikorwaremezo bikomeye kugira ngo abaturarwanda babone internet nziza kandi yizewe.",none,fear+sadness,0.125,0.002,0.238,0.318,0.602,0.136
kin_test_track_a_00544,@<username> @<username> uyu mwana aba rayon tumugurire umwenda wa equipe! uburayon buravukanwaaa!!,joy,anger,0.658,0.015,0.069,0.083,0.215,0.051
kin_test_track_a_00545,urongoye umugore mwiza aganya ibyago nuteye igiti cyamapera mukigo cyamashuli ya primary😂❤️,sadness,fear+surprise,0.385,0.006,0.196,0.078,0.463,0.353
kin_test_track_a_00546,"ijambo inkotanyi rinyibutsa ingabo zitazwi zagize uruhare mu rugamba rwo kwibohora, zitagize amahirwe yo kugera ku ivuko nka marume bosco.",sadness,joy,0.161,0.002,0.102,0.627,0.303,0.054
kin_test_track_a_00547,ubu se #apostlepaulgitwaza nk'uvuga rikijyana yaba yarabigenzuye neza ku buryo yabyigisha imbaga atya? birambabaje njyewe! @<username> @<username> @<username> @<username> @<username> @<username> ##url##,anger+sadness,none,0.374,0.003,0.066,0.33,0.229,0.047
kin_test_track_a_00548,@<username> @<username> @<username> @<username> @<username> @<username> @<username> @<username> @<username> @<username> @<username> nari ngiye gushyira status kuri watsapp ivuga ko watsapp yanze gukora none byanze🙄,none,anger,0.653,0.006,0.06,0.163,0.197,0.043
kin_test_track_a_00549,yatanze urugero rw’uherutse gutabwa muri yombi ashinjwa kwandika ubutumwa bushishikariza abantu gusambanya abana.,sadness,fear+sadness+surprise,0.09,0.006,0.278,0.164,0.704,0.216
kin_test_track_a_00550,"ati “ikibazo cyarakemuwe, turabona intambwe igenda iterwa mu bijyanye n’umubare munini w’abantu bari baravanywe mu byabo bari kubasha gusubira mu byabo kandi bagatangira ibikorwa nk’uko bikwiye.""",joy,fear+sadness+surprise,0.191,0.002,0.241,0.177,0.616,0.178
kin_test_track_a_00551,ai nyamara uba utubwiye nabi aba papa twirira udusendababoyi😅 ushatse wakwihana @<username> 🤣🤷🏾‍♂️ ##url##,sadness,anger,0.657,0.005,0.076,0.123,0.246,0.085
kin_test_track_a_00552,minecofin yo yagaragaje ko hari ibikorwa n’imishinga yarangiye ndetse amafaranga akaba ahari ariko abakoze ibyo bikorwa bakaba baratinze kwishyuza.,none,fear+sadness+surprise,0.099,0.003,0.232,0.283,0.627,0.153
kin_test_track_a_00553,"🙃mani girl arambwiye ngo iyambarire byanze …, ndacyamusaba another round ndakomeza mbahe ikuru 😭😭😭",none,surprise,0.468,0.005,0.177,0.082,0.441,0.284
kin_test_track_a_00554,"yabishe akoresheje umuhoro aho bose yagiye abatema mu mutwe, mu ijosi ndetse n’amaboko arangije ahita atoroka.”",sadness,fear+sadness+surprise,0.129,0.003,0.233,0.16,0.597,0.195
kin_test_track_a_00557,@<username> @<username> @<username> ni agahomamunwa c? cg njye mbaza ibindeba?🤦🤸,none,anger,0.688,0.016,0.069,0.064,0.216,0.066
kin_test_track_a_00559,ubu buryo kandi bugabanya ibibazo bishobora kuvuka mu guhanahana amafaranga hagati y’abantu.,joy,fear+sadness+surprise,0.07,0.009,0.312,0.162,0.692,0.279
kin_test_track_a_00560,"ubaye urumukobwa, ufite million 7 munzu, umujura akinjira, akagusaba ko mwakora sex, cg gutwara ayo amafaranga wahitamo iki?",sadness+surprise,fear+sadness+surprise,0.233,0.003,0.242,0.135,0.574,0.233
kin_test_track_a_00561,"yagize ati ""mu bibazo bikibangamiye igihugu harimo igwingira kuko ubushakashatsi bwerekanye ko mu bafite imyaka itanu nibura umwe muri batatu aba agwingiye.”",sadness,fear+sadness+surprise,0.247,0.002,0.256,0.184,0.595,0.209
kin_test_track_a_00563,@<username> @<username> hari umukobwa wambwiye ngo iyo umunsi wije atabonye umugabo umureba ngo amukurikize ijisho amenya ko uwo munsi yambaye nabi.,surprise,anger,0.61,0.006,0.082,0.098,0.311,0.07
kin_test_track_a_00564,yakomeje ati “hari n’abandi bakora ibyo bikorwa atari uko bafite impano ahubwo ari ukubera ko ubuzima bwabashyize mu kibazo gituma bagomba kubishobora.,sadness,fear+sadness+surprise,0.211,0.002,0.254,0.237,0.628,0.153
kin_test_track_a_00565,byazanye amara ahubwo niyompamvu bivuga nk’ibijunditse umwanda,anger+disgust,disgust,0.19,0.947,0.096,0.085,0.103,0.079
kin_test_track_a_00567,sinzi impamvu iyo maze kurya mubaturanyi mpita numva nakwitahira 😊😊,surprise,none,0.483,0.004,0.078,0.131,0.273,0.102
kin_test_track_a_00568,nyirashema yahakanye ibyo umusore we amushinja avuga ko yabivuze kuko ashaka kumutwara inzu.,anger,fear+sadness+surprise,0.087,0.006,0.301,0.224,0.697,0.225
kin_test_track_a_00569,"rutahizamu wa @<username> , william opoku mensah yahagaritswe iminsi 8 adakorana imyitozo na bagenzi be kubera imyitwarire itari myiza. ##url##",sadness,joy,0.141,0.015,0.07,0.817,0.159,0.056
kin_test_track_a_00570,"manirarora vincent, wacikirije amashuri, ubu akora akazi ko gutwara abagenzi kuri moto mu karere ka karongi, avuga ko mu bituma urubyiruko rwangije amashuri rutabona akazi harimo no gusuzugura imirimo imwe n’imwe.",none,joy,0.153,0.002,0.113,0.577,0.352,0.056
kin_test_track_a_00571,kwinjira muri iki gitaramo bisaba kwishyura ibihumbi 10frw ubundi ukayanywera wumva icyanga cya amstel.,joy,sadness+surprise,0.093,0.004,0.175,0.183,0.58,0.169
kin_test_track_a_00572,"inyubako y'umurenge wa @<username> yatwaye amafaranga y'u rwanda miliyoni 900 gusa, nyamara ni imwe mu nyubako zigezweho dufite. @<username> 👏🏾👏🏾👏🏾 @<username> @<username>",none,joy,0.17,0.012,0.064,0.754,0.159,0.051
kin_test_track_a_00573,ikindi usanga zijya kumera nk’izifitanye isano ya hafi.’’,none,disgust,0.184,0.619,0.09,0.064,0.16,0.083
kin_test_track_a_00574,urukiko rukuru umwaka ushize mu ukuboza rwemeje ko kohereza abimukira mu rwanda byubahirije amategeko.,none,fear+sadness+surprise,0.098,0.003,0.23,0.305,0.624,0.147
kin_test_track_a_00576,"yageze aho ahindura ishyamba rya shakahola mu burasirazuba bwa kenya nk’ahantu hadasanzwe, abakirisitu bajyaga guhurira bakahamara iminsi basenga.",surprise,fear+sadness+surprise,0.095,0.004,0.262,0.183,0.657,0.235
kin_test_track_a_00577,ati “kubera ko umugore yari yaramuhunze rero uwo mugabo yamusanze aho yamuhungiye bararwana amukura amenyo abiri.”,sadness,fear+sadness+surprise,0.215,0.004,0.306,0.109,0.653,0.334
kin_test_track_a_00579,ati mwana wanjye humura aho batari nzahababera.,joy+sadness,disgust,0.129,0.937,0.078,0.075,0.107,0.079
kin_test_track_a_00580,"habumugisha jean damascène ukorera mu murenge wa kabarondo, yavuze ko nyuma y’ubu bugenzuzi bamufungiye ububiko bw’imiti ndetse bakanamuha ibaruwa imuhagarika gukorera umwuga w’ubuvuzi bw’amatungo ku butaka bw’u rwanda.",sadness,fear+sadness+surprise,0.098,0.004,0.294,0.247,0.683,0.192
kin_test_track_a_00581,@<username> jesus christ 😭😭😭 kuva nabaho nubwambere ngize intimba . nshuti ihumurire wabayeho kdi warashibutse. god be with you,sadness,anger,0.665,0.005,0.069,0.131,0.243,0.062
kin_test_track_a_00583,"iyi komisiyo yagaragaje ko isesengura ryayo ryagaragaje ko umusaruro w’ubuhinzi n’ubworozi utaragera ku rugero rwifuzwa kubera imbogamizi ziterwa n’imihindagurikire y’ikirere, ubwishingizi bw’ibihingwa bukiri hasi, igiciro cy’ifumbire mvaruganda cyiyongereye bigatuma ikoreshwa ryayo rigabanuka n’inguzanyo zo mu rwego rw’ubuhinzi zikiri hasi.",sadness,fear+sadness+surprise,0.12,0.003,0.274,0.293,0.652,0.157
kin_test_track_a_00584,binanze mwegere umuhe undi munsi kuko birashoboka ko igihe wamuhaye byanze. ariko ubizirikane pe💜 ##url##,none,joy,0.269,0.002,0.095,0.468,0.309,0.054
kin_test_track_a_00585,@<username> kuva nakera umwana yacishwagaho akanyafu ubu abarimu nababyeyi ntibavuga uramva ejo hazaza nihabi cyane,sadness,anger,0.681,0.007,0.083,0.099,0.276,0.071
kin_test_track_a_00588,"undi yagize ati “namenye ko umwami yagiraga inzu zigera kuri 16 zikorerwamo ibintu bitandukanye zirimo inzu y’inzoga n’inzu y’amata, inzu y’abana n’inzu ye bwite n’ibindi bitandukanye.",none,fear+sadness+surprise,0.128,0.003,0.27,0.244,0.665,0.178
kin_test_track_a_00590,noneho ikibabaje n’ukuntu azinduka n’imituna ishoka ku maso nkaho aba mu ishamba.,disgust,fear+sadness+surprise,0.064,0.008,0.201,0.142,0.6,0.229
kin_test_track_a_00592,@<username> @<username> @<username> @<username> @<username> @<username> @<username> @<username> @<username> @<username> @<username> nukwesa uyumuhigo wa musa kuko ningirakamaro mubuzima bw'umuturage tubigire ibyacu,none,joy,0.273,0.008,0.055,0.686,0.137,0.039
kin_test_track_a_00595,ibi byaramubabazaga ku buryo yatangiye gukeka ko yaba afite undi mugore bacuditse ariko iteka akamwereka ko ari kumwe na wa musore bigatuma atuza.,sadness,fear+sadness+surprise,0.099,0.005,0.314,0.231,0.701,0.208
kin_test_track_a_00596,"bajya gutabaza animatrice, ngo ni uko umuhire yari amaze kwitura hasi.",sadness,none,0.241,0.004,0.085,0.243,0.281,0.063
kin_test_track_a_00599,"umunyamabanga nshingwabikorwa w’umurenge wa kabare, gatanazi rongin, yabwiye igihe, ko koko uyu mugabo ari gushakishwa nyuma yo kwica abantu bane bari bagize umuryango we yarangiza agahita atoroka.",sadness,fear+sadness+surprise,0.105,0.005,0.316,0.173,0.716,0.217
kin_test_track_a_00600,ni indirimbo weasel yanashyizemo ijambo ry’ikinyarwanda avuga ati ‘ndagukumbuye’ yibutsa teta sandra ko amukumbuye.,joy,fear+sadness+surprise,0.086,0.004,0.267,0.232,0.661,0.201
kin_test_track_a_00601,bavuga ko umutangabuhamya mu rubanza yayobeje abacamanza avuga ko ataramenya neza niba azasaba indishyi z’amafaranga.,sadness,fear+sadness+surprise,0.104,0.004,0.305,0.231,0.694,0.206
kin_test_track_a_00603,"@<username> bibiliya irakureba nawe, yubahe unayikurikize kugira ngo uzaramire mu gihugu uwiteka imana yawe iguha",none,anger,0.677,0.008,0.078,0.102,0.252,0.06
kin_test_track_a_00604,@<username> @<username> @<username> utarumva umwana asuhuza se amuhereza ingumi ati gongaho gee😁,none,anger,0.702,0.01,0.073,0.083,0.226,0.061
kin_test_track_a_00606,umvugiye ibintu rwose kandi neza! inabi ku isi imaze iki? kubiba amahoro bigoyeho iki? duharanire ku #baimfura 🙏🏾 ##url##,anger,joy,0.421,0.002,0.066,0.392,0.213,0.045
kin_test_track_a_00607,@<username> ikindi knd tugomb kwibukirany nuko isutiye ikunaniye kuyifungur uyinyuz hejuru nkama lunettes 👓 murakoze murakarama,none,anger,0.674,0.005,0.073,0.136,0.243,0.055
kin_test_track_a_00608,"yezu arebye imiruho wiriwemo ugashya muri iyi nyanja y'ibibazo maze arakubwira ati """"humura ni njye"""". yohani 6 : 20. tumwizere.",none,fear+sadness+surprise,0.081,0.003,0.211,0.259,0.609,0.175
kin_test_track_a_00609,"mu matariki 10 uku kwezi, ibitangazamakuru bitandukanye ku isi byatangiye kunuganuga ko rihanna, yaba yarabyaye ariko bifatwa nk’ibihuha kuko benshi ntibavugaga igitsina yibarutse cyangwa se amazina y’umwana cyangwa se ibindi byagaragaza ko koko haba hari abafite amakuru y’impamo.",none,fear+sadness+surprise,0.096,0.005,0.326,0.209,0.711,0.227
kin_test_track_a_00610,yapfuye atabaye umwami.,sadness,disgust,0.171,0.969,0.075,0.104,0.077,0.068
kin_test_track_a_00611,"kubona ikamyo ya #bralirwa igwa itwaye #amarwa, #inturire n'imitobe bisakaye mu ishyamba ry'inzitane ntabaturage ngo binywere nabyo birarenze😏😏 ##url##",sadness,none,0.459,0.002,0.119,0.238,0.374,0.094
kin_test_track_a_00612,yakomeje avuga ko uyu muryango bawohereje kuri rib ya kimisagara kugira ngo utazicana anashimangira ko uwo mugore wakabiri nawe yamaze kuva muri urwo rugo.,fear+sadness,fear+sadness+surprise,0.118,0.004,0.3,0.249,0.686,0.182
kin_test_track_a_00614,"muri rusange ibintu biba ari byiza.""",joy,disgust,0.216,0.825,0.07,0.055,0.099,0.065
kin_test_track_a_00615,@<username> hari umwana utaha iwabo uherutse kuntira ghetto ngo umwana azamusura ndanga ##url##,none,anger,0.589,0.005,0.065,0.18,0.216,0.046
kin_test_track_a_00617,@<username> ntago ubeshye rwose ni indamutsa @<username> arakaguhama wamfura we,joy,none,0.427,0.005,0.045,0.374,0.147,0.028
kin_test_track_a_00618,sha nukuri tubayimbwa birarangiye abasore barabakera koko nkaho mwakwiyandikishe mungabo zigihugu mwabusoremwe ngo mugiye kwimurika nano kubitekerezaho koko ##url##,anger,none,0.325,0.001,0.142,0.349,0.41,0.084
kin_test_track_a_00619,twatunguwe no gusanga imitungo yose yarayiyanditseho tutabizi nk’abanyamuryango ba koperative.,surprise,fear+sadness+surprise,0.061,0.027,0.246,0.094,0.615,0.338
kin_test_track_a_00620,"yakomeje abwira uyu muntu ko yizera ko nyuma y’ibi ameze neza kandi amusezeranya ko uwamwibasiye agiye kumukumira akanamukomanyiriza kuri instagram, kuko atakwihanganira imyitwarire nk’iyo yagaragaje.",anger,fear+sadness+surprise,0.126,0.003,0.244,0.277,0.628,0.165
kin_test_track_a_00621,@<username> @<username> babwire ko bari kunywa mukaru kandi mu by'ukuri barimo kunywa umutobororo,none,anger,0.684,0.009,0.081,0.086,0.256,0.064
kin_test_track_a_00622,"iran ni kimwe mu bihugu bikoresha cyane igihano cy’urupfu, mu 2022 hari abagera kuri 576 bishwe bakaba bakubye kabiri abishwe mu 2021 nk’igihano bahawe.",sadness,fear+sadness+surprise,0.09,0.003,0.235,0.23,0.625,0.205
kin_test_track_a_00623,sano ati “tumaze imyaka myinshi tuvuga ngo impanuka zigabanuke ariko birashoboka.”,none,fear+sadness+surprise,0.303,0.004,0.234,0.105,0.561,0.262
kin_test_track_a_00624,"kugeza ubu ibinyabiziga n’abantu baca mu mazi, bikaba ingorane mu gihe cy’imvura kuko hari n’abo bisaba kurara hakurya iyo basanze umugezi wuzuye.",sadness,none,0.118,0.002,0.146,0.375,0.488,0.092
kin_test_track_a_00625,"ba nyiribikamyo: banyonzi, birabujijwe gufata ku modoka kuko biteza impanuka. abanyonzi: ##url##",fear,joy,0.323,0.002,0.077,0.381,0.259,0.047
kin_test_track_a_00627,emeran na we yamusubije yifashishije akamenyetso k’igipfunsi wasobanura nko gushyigikira ibyo avuze.,none,fear+sadness+surprise,0.071,0.005,0.181,0.244,0.576,0.172
kin_test_track_a_00628,icyo mwapfuye nyine nuko nawe washakaga kuba umu oligarchs akabyanga yabonye inda nini yanyu mbere ##url##,anger,none,0.321,0.002,0.131,0.193,0.439,0.105
kin_test_track_a_00629,"“ikindi cyabayeho ni ibibazo bya ‘company’ mu gusoza igice cya mbere cya shampiyona, kubera kutabyumva hazamo intege nkeya mu buyobozi.”",sadness,joy,0.22,0.002,0.135,0.402,0.414,0.08
kin_test_track_a_00630,nizere ko babantu bafashaga mama kumfata agiye kunkubita ubu bakora muri cia na fbi😭😭 ibigome gusa😩,anger,fear+surprise,0.387,0.004,0.23,0.095,0.528,0.338
kin_test_track_a_00631,yasabye abaturage cyangwa abagana ahatangirwa serivisi muri rusange kujya batanga amakuru mu gihe hari aho batakiriwe neza.,none,fear+sadness+surprise,0.076,0.006,0.288,0.198,0.688,0.254
kin_test_track_a_00632,"ibibazo mu gutwara abantu mu mujyi wa kigali bikunze kugarukwaho kenshi mu bitangazamakuru, aho abagenzi bagaragaza ko bamara umwanya munini bategereje imodoka bikabagiraho ingaruka zitandukanye.",sadness,fear+sadness+surprise,0.129,0.005,0.323,0.188,0.71,0.198
kin_test_track_a_00635,cyakoza harinabantu badakunda bagenzi bababo reba ukuntu uyumushinwa akubita umunyarwanda mugenziwe areba rukara yari intwari peee ##url##,anger+sadness,joy,0.294,0.002,0.089,0.587,0.256,0.046
kin_test_track_a_00636,"@<username> @<username> @<username> ntabwo ndubaka ariko ndumva imvune z’umubyeyi n’inshingano zo kurinda ubuzima bw’umwana, nkurikije ibyo uvuga @<username> .",sadness,anger,0.534,0.004,0.057,0.28,0.195,0.034
kin_test_track_a_00637,sister umuhungu nakubwira ngo ukuremo inda uzayibyare umushyire umwana amwiyicire mu nda yawe si mwirimbi😔😔😒,anger,fear+surprise,0.417,0.005,0.201,0.08,0.497,0.318
kin_test_track_a_00638,"aba bana bombi barangana bose bafite amazi icyenda, gusa uko mbibona uyumwana w'inka ntiyoroshye 🤣🤣🤣 ##url##",none,anger,0.579,0.003,0.088,0.147,0.29,0.097
kin_test_track_a_00639,nibura abagabo bagera kuri 32 ngo bandikiye urwego rushinzwe abinjira n’abasohoka basaba ko pasiporo z’abana ziteshwa agaciro nyuma yo gusanga nta sano y’amaraso bafitanye nk’uko babitekerezaga.,none,fear+sadness+surprise,0.098,0.004,0.274,0.227,0.686,0.195
kin_test_track_a_00642,ibi ni byo bituma mvuga ko twiteguye neza.”,joy,disgust,0.152,0.659,0.083,0.042,0.141,0.082
kin_test_track_a_00646,mu cyumweru cyabanjirije igishize ni bwo davis d yagaragaraye yambaye inkweto za big red boots zigezweho mu ruganda rw’imideli.,none,joy,0.146,0.002,0.117,0.566,0.371,0.067
kin_test_track_a_00650,ndetse mwarakoze nk’u rwanda.”,joy,none,0.214,0.025,0.091,0.071,0.31,0.112
kin_test_track_a_00652,ark c musore ni gute uteka igikoma cyakubunnye cyamara gushya aho kugishyira muri teremusi ukakimena hasi koko🙄🙄🙄,anger+sadness,fear+surprise,0.462,0.005,0.202,0.092,0.475,0.317
kin_test_track_a_00653,"umukuru w’igihugu yavuze ko nubwo bimeze bityo, usanga hakiri icyuho mu bijyanye n’ubutabera buhabwa abagore ndetse no kuba benshi bakiri mu mirimo itanditse cyangwa itinjiza amafaranga ugereranyije n’abagabo.",sadness,fear+sadness+surprise,0.107,0.003,0.261,0.298,0.641,0.153
kin_test_track_a_00654,"ati ""mu myaka ya za 2014 navuga ko aribwo nanyuze mu bintu bikomeye, hari ubwo bigeze kundoga, ndataha ngera mu rugo nduka amaraso, mererwa nabi cyane!",sadness,fear,0.257,0.002,0.197,0.246,0.539,0.125
kin_test_track_a_00655,"kayibanda yaranzwe no gutuka abatutsi, abereka ko ntacyo bavuze mu rwanda ndetse ko kugaragaza ko barengana byatuma bicwa bose bagashira.",sadness,fear+sadness+surprise,0.128,0.003,0.3,0.242,0.681,0.181
kin_test_track_a_00657,icyo gihe umutwe w’umurangangoma w’ingoma ye wari ingabo zitwaga “abaganda”.,none,fear+sadness+surprise,0.175,0.008,0.217,0.077,0.582,0.265
kin_test_track_a_00658,julienne uwacu wayoboraga @<username> iheruka guseswa yahawe umwanya muri minisiteri y’ubumwe bw’abanyarwanda n’inshingano mboneragihugu nk’umuyobozi nshingwabikorwa w’ishami rishinzwe ukwiyubaka kw’umuryango. #rwanda @<username> ##url##,none,joy,0.155,0.008,0.067,0.785,0.174,0.048
kin_test_track_a_00659,uyu munsi ninde wakubeshye nturabukwe? cyangwa umunsi wo kubeshya waribagiranye!,none,disgust+surprise,0.075,0.504,0.12,0.044,0.245,0.214
kin_test_track_a_00660,@<username> ni hahandi bavuga ko abapfa bazakomeza bagapfa😭😭😭,sadness,anger,0.693,0.007,0.079,0.086,0.264,0.079
kin_test_track_a_00661,"biden yavuze ko yanze ibyo perezida putin yasabaga mbere y’uko intambara itangira, by’uko ukraine itakwemererwa kwinjira muri nato, avuga ko uyu muryango ufunguye kuri buri wese.",anger,fear+sadness+surprise,0.114,0.003,0.292,0.256,0.676,0.177
kin_test_track_a_00662,"uyu mugore abibwira undi uri mu bamukurikiye, akamusezeranya ubufasha ndetse akamubwira ati “reka kuri iyi nshuro, ntituze kureka ngo ibi bintu birangire gutyo gusa.’’",none,fear+sadness+surprise,0.132,0.003,0.257,0.178,0.643,0.213
kin_test_track_a_00664,munyumvire abase biyemeje icyaha batakoze kandi banasjija banahamya abandi icyaha bataranabaho. ibi nabyo ni icyaha ubwabyo bakoze. ##url##,surprise,none,0.282,0.002,0.128,0.347,0.394,0.074
kin_test_track_a_00665,@<username> bisanzwe bizwi nubundi ko ferwafa ikora nabi wagira ngoyo na reb biba biri kurushanwa,anger+sadness,anger,0.672,0.01,0.085,0.078,0.27,0.072
kin_test_track_a_00666,"ati “ni umudamu usanzwe atabarurirwa aha ariko utuye mu murenge wa muhima mu kagari kitwa tetero, uko byagenze yacumbikiye umugabo mu buryo bw’uburaya hanyuma rero bamaze kuryamana umugabo ntiyamwishyura asohoka ariruka n’umugore asohoka amwirukankana afite icupa ry’inzoga amufatira hano imbere yo kwa mutangana ahita amukubita iryo cupa.”",sadness,fear+sadness+surprise,0.181,0.002,0.271,0.185,0.662,0.185
kin_test_track_a_00667,@<username> @<username> kowagira ngo urumuhungu cg ubavukamo urumwe🤔😂😂 nibyo iyo ukabije 3 iya gatatu niyo kugutabara imvura yaguye😂😂,none,anger,0.704,0.009,0.095,0.068,0.29,0.124
kin_test_track_a_00668,akarere ka @<username> umurenge #tumba akagari ka #gitwa umudugudu #berwa habaye kwangirika kw'itiyo y'amazi bityo amazi ari kumeneka ku buryo bukabije. @<username> @<username> #tabara ##url##,fear,joy,0.209,0.003,0.065,0.659,0.204,0.04
kin_test_track_a_00670,"yagize ati “nibyo hari umwana koko wagaragaye yapfuye ariko ntabwo twakwemeza ko ari mukase wamwishe, gusa yahise ashyikirizwa ubugenzacyaha kugira ngo hakorwe iperereza.”",sadness,fear+sadness+surprise,0.184,0.003,0.302,0.178,0.684,0.205
kin_test_track_a_00671,@<username> abantu batukana baba bagaragaza intege nke muguhangana kuko umuntu ntiyemezw ningano yibitutsi wamututse ndabashimiye,none,anger,0.678,0.008,0.084,0.08,0.29,0.079
kin_test_track_a_00673,youtubers rn: baguwe gitumo bari kunywa urumogi ba banyamakuru mukunda cyane ##url##,sadness,joy,0.217,0.007,0.051,0.652,0.138,0.034
kin_test_track_a_00674,harigihe wibwira ko uri gutwika nyamara uri gushiririza 💀,anger,surprise,0.4,0.011,0.169,0.062,0.452,0.31
kin_test_track_a_00676,"iyi minisiteri itangaza ko mu gihe icyorezo cya covid-19 cyagenza make, icyizere cyo kuramba kizongera kuzamuka.",none,joy,0.125,0.006,0.077,0.779,0.209,0.051
kin_test_track_a_00677,"birasa n’aho abaturage bo muri ibyo bihugu banyuze muri byinshi kubera u bufaransa, magingo aya bakaba bashaka kubwigobotora bubi na bwiza.",anger,fear+sadness+surprise,0.095,0.003,0.217,0.221,0.623,0.162
kin_test_track_a_00678,"mu rwanda, urumogi rushyirwa mu cyiciro cy’ibiyobyabwenge bihambaye, aho umuntu wese uhamijwe n’urukiko gukora, guhinga, guhindura, gutunda, kubika, guha undi, cyangwa kurugurisha mu gihugu, ahanishwa igifungo cya burundu n’ihazabu y’amafaranga y’u rwanda arenze miliyoni 20 ariko atarenze miliyoni 30.",surprise,fear+sadness+surprise,0.114,0.004,0.29,0.185,0.69,0.213
kin_test_track_a_00680,inkuru zo gukubitwa kwa teta sandra zazamuwe n’amafoto ye yagiye hanze agaragaza ibikomere byinshi ku mubiri ndetse na rimwe mu menyo ye ryarahongotseho akantu.,sadness,fear+sadness+surprise,0.086,0.005,0.262,0.194,0.68,0.212
kin_test_track_a_00684,@<username> @<username> mujye mucisha make daa kuk ni 🔥,none,anger,0.628,0.01,0.065,0.081,0.231,0.063
kin_test_track_a_00685,yavuze ko uretse ko kwangiza ibidukikije ari n’icyaha ngo ubikora aba atifuriza ineza abaturage kuko ngo aba ashaka ko imvura ibura burundu.,anger,fear+sadness+surprise,0.089,0.006,0.318,0.17,0.71,0.245
kin_test_track_a_00686,"ariko, akenshi twirengagiza ababa banditse izi ndirimbo cyane ko umuhanzi uretse kugira ijwi ryiza aba akeneye ibitekerezo byinshi bituma akora igihangano gishitura benshi.",none,fear+sadness+surprise,0.103,0.003,0.253,0.316,0.637,0.149
kin_test_track_a_00687,"bitunguranye kuri ako gace yahasanze abandi bagabo batatu bose bategereza ko ubwo bwato buhaguruka, ariko ngo yari afite ubwoba ko abo bantu bashya bahuye bashoboraga kumwica cyangwa bakamusunika mu mazi.",fear,fear+sadness+surprise,0.128,0.004,0.326,0.219,0.701,0.195
kin_test_track_a_00688,birasa n’ibigamije guca intege abandi ngo bataza kuko hari igihano gikomeye kibategereje.,none,fear+sadness+surprise,0.104,0.004,0.23,0.155,0.643,0.203
kin_test_track_a_00689,umuyobozi w-uburezi muri @<username> [dde] yapfuye azize impanuka y'imodoka. ##url## @<username> @<username> @<username> @<username> @<username> @<username> @<username> ##url##,sadness,joy,0.129,0.022,0.067,0.813,0.145,0.057
kin_test_track_a_00690,"mu gihe yari ategereje kuririmba, uyu muhanzi w’umunya-nigeria yasohokeye ahantu hatandukanye muri kigali ari nabwo amashusho umukundwa yashyize hanze bari kumwe yafashwe.",none,fear+sadness+surprise,0.084,0.005,0.275,0.263,0.678,0.192
kin_test_track_a_00691,@<username> @<username> @<username> @<username> @<username> @<username> @<username> @<username> @<username> @<username> uyu mugore ni umugome bikabije. ni ishitani neza neza! @<username> rwose mudufashe uyu mugore ahanwe by’intangarugero!!,anger,joy,0.192,0.012,0.064,0.768,0.146,0.049
kin_test_track_a_00692,"@<username> @<username> @<username> @<username> @<username> @<username> @<username> @<username> @<username> @<username> @<username> , humura grand frere. turi kumwe. amahoro asagambe muri wowe no mu bawe. rwose humura.",none,joy,0.224,0.009,0.055,0.693,0.147,0.04
kin_test_track_a_00693,reba iyo photo? mu bigogwe ni hamwe mu hantu ha mbere haba amafoto meza muri iki gihugu ##url##,joy,anger,0.527,0.003,0.06,0.315,0.186,0.037
kin_test_track_a_00694,ati “kenshi usanga imishinga idindira kubera ko inyigo zitaba zarakozwe ngo zirangire cyangwa umuntu udafite ubumenyi ari we wakoze ibarura no kugena ibiciro wagera aho ugiye kubaka ukibaza niba ibyanditswe mu mpapuro ari ibizakoreshwa aho bikakuyobera.,sadness,fear+sadness+surprise,0.237,0.003,0.291,0.184,0.667,0.188
kin_test_track_a_00695,"ni ku nshuro ya mbere, ikipe y’igihugu ya leta zunze ubumwe za amerika isezererwa mu gikombe cy’isi itageze muri ½.",surprise,fear+sadness+surprise,0.1,0.003,0.208,0.3,0.581,0.146
kin_test_track_a_00696,amakuru avuga ko sam asghari yakomeje kwihanganira ibyabaga mu rugo rwabo ariko ibintu bikaba byarabaye bibi ubwo britney yatahurwagaho guca inyuma uyu wari umugabo we.,sadness,fear+sadness+surprise,0.113,0.004,0.327,0.215,0.705,0.207
kin_test_track_a_00698,@<username> @<username> @<username> karumye? 😂😂😂😂 niyompamvu njye mukangurira kwibwirira ikimama cyibizi (amazi) byinshi mumubili cya @<username> 😂😂😂😂😂,sadness,anger,0.7,0.009,0.084,0.078,0.268,0.106
kin_test_track_a_00699,"muri ayo majwi yabonywe bwa mbere na cnn, cbs na bbc, trump yumvikana asa nk’urambura izo nyandiko nka kumwe umuntu aba ari gusoma igitabo agahindura ipaji imwe ajya ku yindi, akagera aho avuga ati “izi zo zirimo amakuru y’ibanga akomeye.”",none,fear+sadness+surprise,0.171,0.003,0.305,0.16,0.682,0.208
kin_test_track_a_00700,"madam wanjye bamwoherereje message ngo """"ya ngurube nigenda umbwire"""" kdi ntatungo tworoye😭😭😭 @<username> @<username> @<username> @<username>",sadness,anger,0.632,0.005,0.078,0.12,0.272,0.086
kin_test_track_a_00701,@<username> uyumugabo yanijajara byo reka hashye mazurebe ngo harashya byanyabyo noneho nurwanda maze rurahita rwisubiza ibyo rwaskwe,none,anger,0.696,0.006,0.087,0.097,0.28,0.075
kin_test_track_a_00702,"@<username> wapi ntabwo byoroshye, buriya ari wowe upfukamye, wakumva ko ari fight koko.",sadness,anger,0.61,0.007,0.077,0.111,0.275,0.056
kin_test_track_a_00703,turi kugana mu bihe by’umubano mubi hagati y’u bubiligi n’u rwanda tutazi neza igihe bizamara n’ubukana bizaba bifite ariko byashoboraga kwirindwa ukurikije amakuru ahari.,fear,fear+sadness+surprise,0.092,0.004,0.269,0.247,0.662,0.186
kin_test_track_a_00704,‘goodlife health & beauty pharmacy’ ni farumasi yiyemeje kwita ku byo buri munyarwanda wese akeneye bijyanye n’ubuzima n’imibereho myiza.,none,joy,0.135,0.006,0.063,0.734,0.195,0.043
kin_test_track_a_00707,"*murakaza neza mu materaniro adasanzwe y’uyu munsi uramenya imirimo16 y’akamere n’imbuto9 z’umwuka.* @<username> kicukiro, kigali, rwanda ##url##",none,joy,0.117,0.015,0.071,0.829,0.163,0.057
kin_test_track_a_00708,ikindi ni ukubura ibimutungana n’abana be hakiyongeraho ko abahungu bakamusambanya ku gahato ari na bwo buryo yagiye abyaramo abana be.,sadness,fear+sadness+surprise,0.093,0.005,0.298,0.167,0.702,0.229
kin_test_track_a_00710,@<username> aka ka kane ushyizemo niko kabi urankomerekeje ubyumve. niwumva ufite ubumuntu unsabe imbabazi rwox,sadness,anger,0.66,0.007,0.066,0.154,0.216,0.044
kin_test_track_a_00711,iki gisebe cyawe kirirwa gitumaho amasazi umuntu ntiyarya akireba.,disgust,disgust+surprise,0.106,0.122,0.141,0.047,0.421,0.205
kin_test_track_a_00712,ibiganiro bya perezida kagame na serge brammertz bibaye mu gihe hari abantu bagize uruhare muri jenoside yakorewe abatutsi bakomeje kwihisha hirya no hino ndetse ibihugu bimwe birimo n’u bwongereza bigashinjwa no kubakingira ikibaba.,sadness,fear+sadness+surprise,0.125,0.003,0.26,0.259,0.656,0.152
kin_test_track_a_00713,"radio okapi yatangaje ko fayulu yasabye amahanga kumushyigikira, ntazigere yohereza indorerezi muri aya matora mu rwego rwo gushyigikira demokarasi n’uburenganzira bwa muntu.",anger,fear+sadness+surprise,0.1,0.004,0.289,0.251,0.68,0.186
kin_test_track_a_00716,"uyu mukinnyi yavuze ko biramutse bibaye, byaba ari inzozi zibaye impamo.",none,fear+sadness+surprise,0.077,0.005,0.231,0.197,0.634,0.202
kin_test_track_a_00717,gifite mukanwa hanuka nk‘imbwa yaboreye mu mazi.,anger+disgust,disgust,0.187,0.966,0.09,0.102,0.091,0.083
kin_test_track_a_00718,"mu kumenya ukuri kw’aya makuru, igihe yavuhanye n’umuyobozi ushinzwe ibijyanye n’ubutegetsi muri kaminuza y’u rwanda ishami rya nyarugenge, nkuranga jean pierre, avuga ko ibyo byumba byuzuye ndetse bitangira gukoreshwa muri uyu mwaka w’amashuri.",none,fear+sadness+surprise,0.09,0.004,0.274,0.257,0.67,0.183
kin_test_track_a_00720,uyu mugore ufite imyaka 24 avuga ko akazi ko mu rugo yagakoze amezi abiri gusa karamunanira biba ngombwa ko ajya kubana n’abandi bakobwa bagenzi be bari bakamurangiye.,sadness,fear+sadness+surprise,0.118,0.005,0.322,0.228,0.702,0.211
kin_test_track_a_00722,"yagaragaje ko kuba kabuga yari yarakorewe dosiye ajya no gushakishwa ndetse akaba yari yamaze guhakana icyaha, icyari gukurikiraho ari ukuburanishwa nta zindi mpaka.",none,fear+sadness+surprise,0.098,0.005,0.31,0.238,0.697,0.209
kin_test_track_a_00723,ati “ingorane zo ni nyinshi hari ubwo bamfata bakabinyambura nkongera ngatangira bundi bushya gusa birantunze kuko abana bararya nkanishyura inzu.,sadness,fear+sadness+surprise,0.196,0.003,0.293,0.183,0.673,0.209
kin_test_track_a_00725,💐💐💐 mwakire izi ndabyo n'iyi ndirimbo n'ibyanyu. turababaye no kuvuga bamwe biragoye. gusa ikivi cyanyu tuzacyusa nicyo twabizeza. #kwibuka27 #genocideagainsttutsi #neveragain ##url##,sadness,joy,0.175,0.002,0.085,0.634,0.27,0.05
kin_test_track_a_00726,avuka mu bakobwa batanu.,none,disgust,0.149,0.811,0.093,0.065,0.124,0.092
kin_test_track_a_00727,"imibiri y’inzirakarengane aho ishyinguye iracyarira, ishaka guhabwa ubutabera.",sadness,fear+sadness+surprise,0.049,0.015,0.195,0.139,0.587,0.24
kin_test_track_a_00729,ni nde wo kubibazwa?,none,disgust,0.211,0.914,0.065,0.051,0.081,0.07
kin_test_track_a_00730,"iyo bitaba amahirwe n’umunyezamu pavelh ndzila werekanye ko ari ku rundi rwego, iyi kipe y’ingabo yashobora kwinjizwa ibitego bitatu aho mukura vs yayisatiriye bikomeye mu minota 45 ibanza.",none,fear+sadness+surprise,0.092,0.004,0.265,0.279,0.66,0.17
kin_test_track_a_00732,hari abatawe muri yombi bari kubazwa barimo n’umugabo we kuko ni we muntu uzwi bari bafitanye amakimbirane.”,none,fear+sadness+surprise,0.208,0.004,0.233,0.13,0.565,0.249
kin_test_track_a_00733,"guhera mu mpera z’icyumweru gishize, hari inyandiko yakwirakwijwe ku mbuga nkoranyambaga, bigaragara ko ari paji imwe yafotowe ikuwe muri raporo nini.",fear,fear+sadness+surprise,0.082,0.004,0.225,0.256,0.625,0.168
kin_test_track_a_00734,umwe mu baturage waganiriye na igihe yavuze ko uwo musore bikekwa ko yishwe na bamwe mu batawe muri yombi kuko ngo harimo umugore byajyaga bivugwa ko basambana bakaba bakeka ko umugabo we yabimenye bagafatanya kumwikiza.,sadness,fear+sadness+surprise,0.119,0.004,0.319,0.238,0.698,0.197
kin_test_track_a_00736,"ati “ni uko abantu baba batazi ibyo gutwara abantu, urabona ubu turi mu mpeshyi abantu bose bari kujya ku mipaka, abantu benshi nta mirimo bafite abanyeshuri bari mu kiruhuko ndetse n’ababyeyi babo nibwo babonye umwanya wo gusura inshuti n’abavandimwe, ngaho nawe umva abo bantu bose baziye icya rimwe kandi imodoka zitwara abagenzi ziracyari za zindi.”",sadness,fear+sadness+surprise,0.226,0.003,0.265,0.14,0.654,0.196
kin_test_track_a_00737,"mazimpaka arnold wamamaye nka sintex, mukunzi vivens usanzwe akinira gorilla fc, ndikumana yvan uzwi nka navy amaru akaba umuhanzi w’i burundi batawe muri yombi bakurikiranyweho kunywa ibiyobyabwenge.",sadness,fear+joy,0.109,0.002,0.184,0.404,0.536,0.105
kin_test_track_a_00738,@<username> nukuri darla iyo utaywa inzoga ntabwo biba byabaye....,sadness,anger,0.606,0.018,0.057,0.111,0.177,0.038
kin_test_track_a_00739,reba aya macandwe wujuje aha,anger+disgust,disgust,0.227,0.956,0.084,0.096,0.087,0.072
kin_test_track_a_00742,@<username> ikibazo ni umuriro waho😂😂😂💀!,sadness,anger,0.661,0.014,0.074,0.064,0.245,0.096
kin_test_track_a_00744,"abarwanyi ba wagner bazwi nk’abacanshuro, bamaze gukorera ibikorwa bya gisirikare mu bihugu bya afurika ndetse no muri syria, aho bivugwa ko barwanye bikomeye n’ingabo za leta zunze ubumwe za amerika mu 2018.",none,fear+sadness+surprise,0.152,0.002,0.229,0.243,0.594,0.145
kin_test_track_a_00745,muhazi united na yo yatangiye guhusha uburyo bukomeye ariko abakinnyi bayo bagera imbere y’izamu bagakina nabi amahirwe bakayatakaza.,sadness,fear+sadness+surprise,0.062,0.007,0.222,0.178,0.66,0.236
kin_test_track_a_00747,"wowe wahoze uri urubavu rwanjye, none warusize rurangaye 🎶 ##url##",sadness,none,0.403,0.005,0.053,0.312,0.191,0.033
kin_test_track_a_00749,"niba wumva ko bf atazi maths, uzambwire ngo """"bae, i'm pregnant"""" 😂",none,surprise,0.44,0.005,0.168,0.079,0.44,0.257
kin_test_track_a_00750,"ibi bije mu gihe batiri z’imodoka zikoresha amashanyarazi i burayi usanga iyo ubushyuhe buhindaguritse bituma zitakaza ingufu, bigatuma umuriro ushiramo vuba.",sadness,fear+sadness+surprise,0.109,0.003,0.224,0.287,0.611,0.142
kin_test_track_a_00751,uyu mugore usanzwe akora mu kagari ka tetero mu murenge wa muhima amakuru avuga ko intandaro yo kugira ngo atere icyuma n’icupa mu mutwe uwo mugabo ari uko yasohotse mu nzu bari barimo yiruka kandi atamwishyuye amafaranga bari bumvikanye.,anger+sadness,fear+sadness+surprise,0.116,0.004,0.322,0.232,0.7,0.198
kin_test_track_a_00752,"nyina yasaga nk’ufite ikimwaro, yateraga ubwoba uwageragezaga kujyana uwo mwana w’umuhungu ku bitaro.",none,fear+sadness+surprise,0.073,0.007,0.232,0.145,0.628,0.261
kin_test_track_a_00753,byabaye akarusho ku butegetsi bwa perezida tshisekedi.,none,sadness+surprise,0.075,0.006,0.173,0.203,0.542,0.175
kin_test_track_a_00754,ubu buso na bwo ngo byagaragaye ko ari bunini kuko usanga umuntu ushaka inzu yo guturamo yubaka nko kuri metero kare 80 ahandi hagasigara imbuga n’igikari.,none,fear+sadness+surprise,0.119,0.004,0.313,0.203,0.699,0.207
kin_test_track_a_00755,"mu gihe kunyuza imipira hagati byasaga n’ibyanze ndetse ukabona ko shaiboub ali akina afasha ab’inyuma ye kurusha uko ajya imbere, impande za apr fc zanyuragaho ruboneka bosco, apam bemol na ba myugariro ishimwe christian na omborenga fitina, na zo zagowe no kugeza imipira kuri rutahizamu mbaoma.",none,joy,0.13,0.002,0.166,0.48,0.481,0.084
kin_test_track_a_00756,iyo wateraga akajisho ku bitabiriye wabonaga ko bamwe batashye badashize ipfa.,sadness,joy,0.191,0.004,0.061,0.46,0.238,0.041
kin_test_track_a_00758,"iminsi ibiri nyuma yo kunganya na gorilla fc, ubuyobozi bwa rayon sports burangajwe imbere na uwayezu jean fidèle bwari bumaze kurangizanya n’abakinnyi kalisa rachid wakiniraga as kigali, nzinga héritier luvumbu wategewe indege yihuse imukura i kinshasa ndetse n’umurundi mvuyekure emmanuel wageze i kigali ku wa gatanu.",none,fear+sadness,0.132,0.002,0.209,0.345,0.576,0.12
kin_test_track_a_00759,ni uburyo bwubakiwe kugenzura no gucunga umutekano w’ikinyabiziga ndetse n’ugitwaye aho ishobora kubona ko hashobora kuba impanuka maze igahita ifata feri byihuse kuburyo bishobora kuyirinda cyangwa bikagabanya ibyago byayo.,joy,fear+sadness+surprise,0.098,0.005,0.306,0.224,0.688,0.208
kin_test_track_a_00760,robert acronym_placeholder kennedy jr kandi yavuze ko cia ifite uruhare mu rupfu rwa se robert acronym_placeholder kennedy sr wishwe arashwe mu 1968.,sadness,joy,0.133,0.006,0.076,0.781,0.201,0.051
kin_test_track_a_00762,ibimenyetso bihari ni uburo buhuye kuko ubu muri za gereza zitandukanye harimo benshi bari abasirikare bahamwe n’ibyaha bya jenoside by’umwihariko kwica no gusambanya abagore ku ngufu.,sadness,fear+sadness+surprise,0.1,0.003,0.245,0.311,0.632,0.153
kin_test_track_a_00763,"yagize ati “ubuyobozi bugomba gukora inshingano zabwo bugashaka amafaranga buhemba kuko ni uburenganzira bw’abakinnyi, ariko nawe agomba gukora akazi.”",anger,fear+sadness,0.224,0.002,0.214,0.239,0.561,0.137
kin_test_track_a_00764,uretse mu ikinamico wari wabona ahandi hanu umukobwa yanze umusore wumukire agasanga uwumukene 😒😒,anger,fear+sadness+surprise,0.24,0.008,0.286,0.079,0.607,0.434
kin_test_track_a_00765,@<username> nyihera follow back unansobanurire ubusobanuro bwa troll bukwapplyingaho naho kwishima byo ntabyo tuzashira agahinda nitugera kwa nyagasani umugani w'abacatholique ##url##,sadness,joy,0.358,0.002,0.071,0.576,0.205,0.039
kin_test_track_a_00766,yaboneyeho gushimira musenyeri mbonyintege ku bw’umuhate n’umurava byamuranze mu myaka 17 amaze ayobora iyi diyosezi.,joy,sadness,0.074,0.004,0.176,0.33,0.564,0.14
kin_test_track_a_00767,"@<username> turi abo yaremye ituremeye imirimo myiza muri kristo yesu, iyo yiteguriye kuva kera. abefeso 2:10",none,joy,0.243,0.009,0.052,0.69,0.137,0.038
kin_test_track_a_00768,ntibisanzwe! abagabo bafashwe n’irari bafatira ku ngufu abagore mu rusengero pasteri areba. nawe ushake amafoto😂😂😂 ##url##,sadness+surprise,anger,0.575,0.003,0.095,0.157,0.311,0.1
kin_test_track_a_00770,"ati ""umugore yahaye amakuru inzego z’umutekano agaragaza ko muri icyo kigo hari gutangwamo serivisi zishingiye ku butinganyi.",sadness,fear+sadness,0.227,0.002,0.212,0.259,0.573,0.127
kin_test_track_a_00771,"ambasaderi w’u buyapani mu rwanda, isao fukushima, yavuze ko igihugu cye cyashyize imbaraga mu kugeza amazi ahagije kandi meza ku baturarwanda binyuze mu bufatanye n’u rwanda mu iterambere, gutera inkunga ubwo bufatanye mu buryo bw’amafaranga no kubaka ubushobozi mu bijyanye n’ubunararibonye.",joy,fear+sadness,0.114,0.003,0.236,0.339,0.609,0.13
kin_test_track_a_00772,iminsi ibaye itatu yikurikiranya u burusiya bwongeye kugaba ibitero bikomeye ku murwa mukuru wa ukraine kyiv no mu bice bitandukanye by’igihugu.,none,fear+sadness+surprise,0.078,0.004,0.242,0.264,0.652,0.185
kin_test_track_a_00774,@<username> nkunda ko yumva abacuye bugufi akumva ibitekerezo byabo mbese afite impano yiharuye,joy,anger,0.69,0.01,0.081,0.086,0.248,0.063
kin_test_track_a_00775,iyo bingezeho birambabaza cyane.,sadness,none,0.379,0.008,0.046,0.295,0.159,0.029
kin_test_track_a_00776,@<username> biriya yakoze byo gukubita umwari kuriya kabone nubwo yaba yanyweye izingana gute akabura ubwishyu ni amahano,sadness,anger,0.672,0.008,0.083,0.083,0.275,0.071
kin_test_track_a_00777,@<username> @<username> @<username> mwakoze kandi mukomereze aho #tujyanemo,joy,anger,0.583,0.011,0.052,0.145,0.169,0.032
kin_test_track_a_00779,@<username> reba icyana hasi sha nkujyane nawe x,none,anger,0.629,0.023,0.067,0.066,0.209,0.054
kin_test_track_a_00780,"uwo munyeshuri yafashwe amaze kunywa imiti ikuramo inda, ahita yoherezwa mu bitaro kugira ngo yitabweho.",sadness,fear+sadness+surprise,0.078,0.007,0.297,0.179,0.686,0.262
kin_test_track_a_00781,"hari abagize ngo ibuye ryagaragaye ntiriba ricyishe isuka, ku buryo abakinnyi b’amavubi bagombaga guserukana imyenda mishya nk’uko byari byavuzwe ko bayihabwa.",none,fear+sadness+surprise,0.107,0.005,0.323,0.203,0.71,0.219
kin_test_track_a_00782,ubushinjacyaha bwagaragaje ko uyu mugabo mu bihe bitandukanye yagiye atoteza umugore we amubwira amagambo mabi ndetse akanamutuka ibitutsi by’urukozasoni byatumye abaho mu bwoba.,sadness,fear+sadness+surprise,0.111,0.004,0.307,0.257,0.688,0.185
kin_test_track_a_00783,ubu se uwaraye muri stade ko itegeko ryasohotse yamaze kuhagera ubwo ntaribuhite afata icyumba?,none,fear+sadness+surprise,0.229,0.003,0.254,0.133,0.581,0.285
kin_test_track_a_00784,umwe mu baturage wanze ko amazina ye atangazwa yagize ati “umva abajura batumereye nabi bakubita abantu bakabakomeretsa noneho ubu baduye ingeso yo kukwiba n’imyenda wambaye ugasigara wambaye ubusa.”,fear+sadness,fear+sadness+surprise,0.267,0.003,0.279,0.123,0.627,0.247
kin_test_track_a_00786,"ahantu honyine guterres avuga u rwanda, ni aho agaragaza ko umubano warwo na congo wazambye nyuma y’uko m23 itangije intambara.",surprise,fear+sadness+surprise,0.098,0.004,0.298,0.202,0.68,0.226
kin_test_track_a_00787,"kuri ubu ibihugu byombi bifitanye umubano mu nzego zirimo uburezi, ubuhinzi, ikoranabuhanga, umutekano, ubuzima n’ibindi bitandukanye.",joy,fear+sadness,0.102,0.003,0.211,0.283,0.596,0.139
kin_test_track_a_00788,"seville ikimara gutsindwa, abakinnyi bayo bashyushye mu mutwe, byavuyemo guhabwa ikarita y’umuhondo ya and rafa mil wari ku ntebe y’abasimbura.",sadness,fear+sadness+surprise,0.069,0.007,0.289,0.208,0.693,0.238
kin_test_track_a_00789,"@<username> ikiganiro cyiza. usibye no kuba abo baba babizi, hari n'ubwo abo wizeraga baba ari bo bamusambanya. ni hatari.",sadness,joy,0.317,0.003,0.055,0.527,0.188,0.033
kin_test_track_a_00791,nyuma yo kugobokwa n’abagiraneza uyu muhanzi yahise agaruka ku mbuga nkoranyambaga atangiza ubukangurambaga bwo gukusanya inkunga yo kuvuza umubyeyi we.,joy+sadness,fear+sadness+surprise,0.095,0.005,0.271,0.146,0.686,0.236
kin_test_track_a_00793,mutsobanurire pe ubanze icyongereza cyanjye ari hafi yantacyo. johnson&amp;johnson c na rwo ni swarara ##url##,none,joy,0.168,0.006,0.065,0.758,0.171,0.044
kin_test_track_a_00794,ahitwa nyabyondo #shyorongi umugore bamutwikishije lisansi arakongoka nyamara ngo yari yarishinganishije ku buyobozi. ubu bugome bwaba buterwa n'iki?,sadness,fear+sadness+surprise,0.174,0.002,0.209,0.176,0.58,0.177
kin_test_track_a_00796,imvura yejo yaguye kuva (6:00pm-2:09am) aho itaguye mumenyeko hagiye kuba ubutayu 😂,none,surprise,0.425,0.005,0.135,0.086,0.398,0.218
kin_test_track_a_00798,ntugate umwanya wae wigisha cg uhanura udashaka guhinduka ... kuko ntibishoboka ko wahindura umuntu mudahuje imico😔,none,fear+surprise,0.403,0.005,0.223,0.089,0.51,0.334
kin_test_track_a_00799,"nk’ubu muri uyu mwaka wa 2023 muri werurwe bagabanye ubwasisi busaga miliyoni 339 frw ndetse babonye ingoboka zisaga miliyoni 12,4frw.”",joy,fear+sadness+surprise,0.202,0.002,0.191,0.207,0.545,0.182
kin_test_track_a_00800,ati “nahuye n’impunzi zo mu bihugu byinshi zishima cyane ubufasha u rwanda rwazihaye.,joy,fear,0.184,0.002,0.185,0.293,0.538,0.119
kin_test_track_a_00801,ati “ubwo rero turakeka ko impamvu bihekuye ari ubushobozi buke bwo gutunga abo bana nubwo bidakwiye na gato.”,sadness,fear+sadness+surprise,0.272,0.003,0.283,0.137,0.615,0.262
kin_test_track_a_00802,"🎸ubukene bw'amafaranga ntawe budashavuza. nyamara uzajye wibuka ko imana ariyo ibigaba. 📌rubanda ntibakakoshye, kubana biruta byose. ~makanyaga abdul",none,joy,0.253,0.003,0.076,0.618,0.223,0.047
kin_test_track_a_00803,"ati “kugira ngo impfu n’indwara zigabanuke ndetse havuke abana bazima, iyi ni yo ntego yacu.",fear+joy,fear+sadness+surprise,0.2,0.003,0.241,0.169,0.63,0.186
kin_test_track_a_00804,utabeshye murusengero bateretse imbere uduseke kamwe arako gushyiramo amaturo yo gushimira pasitoro akandi perezida akandi google...nakahe kakuzura mbere?,surprise,anger,0.541,0.002,0.117,0.187,0.328,0.102
kin_test_track_a_00805,ese ntagatsiko ka bagore cg abakobwa baba kire bagumiwe mwaba muzi ngo umuntu atagire abikundishweho?,none,fear+surprise,0.465,0.018,0.193,0.056,0.432,0.295
kin_test_track_a_00806,ibipimo ku bumwe n’ubwiyunge byerekana ko abanyarwanda 94% bumva neza ubumwe n’ubwiyunge ariko abagera kuri 27% bafite ibikomere bakomora ku mateka.,joy+sadness,fear+sadness+surprise,0.105,0.003,0.269,0.187,0.672,0.211
kin_test_track_a_00807,"urupfu ruragapfa😭, uruhukire ijabiro kwa jambo💔. warakoze cyane ku bwa buri kimwe, nzagukumbura iteka ryose🙏. @<username> 👑 @<username> repubulika y'u rwanda ##url##",sadness,joy,0.158,0.01,0.067,0.792,0.167,0.052
kin_test_track_a_00808,"yatanze urugero ku muhate w’inkotanyi zari zigizwe n’abana bato ziyobowe na perezida paul kagame zirokora abatutsi mu bice bitandukanye by’igihugu, asaba n’urubyiruko kwigira ku babohoye igihugu bakagira uruhare rutaziguye mu kubaka u rwanda.",joy,fear+sadness+surprise,0.105,0.003,0.225,0.254,0.627,0.15
kin_test_track_a_00810,"ubushobozi bwawe ntibugaragarira mu ntege nye z'undi. aho kunenga gusa, wakora neza bakakwigiraho.",none,fear+sadness,0.108,0.002,0.189,0.309,0.563,0.129
kin_test_track_a_00811,"hari umwe mu bayobozi b’u rwanda wavuze ati ""aya masezerano mashya arerekana ko tshisekedi atarajwe ishinga no gushaka amahoro.",anger,fear+sadness+surprise,0.162,0.002,0.247,0.268,0.626,0.152
kin_test_track_a_00812,"izi ntumwa mu minsi igera kuri irindwi zizamara mu rwanda zizasura ibikorwa n’inzego zitandukanye hagamijwe kumenya ibizikorerwamo nk’uko byatangajwe n’umunyamabaga wa leta muri minisiteri y’ububanyi n’amahanga ushinzwe umuryango wa afurika y’iburasirazuba, prof nshuti manasseh.",none,fear+sadness,0.114,0.002,0.21,0.328,0.578,0.127
kin_test_track_a_00814,waramutse rwanda ese namwe aho muri impeshyi yabatashyeho? mukomeze mugire umunsi mwiza wuzuye ubunyangamugayo no gukora cyane.,none,joy,0.143,0.002,0.127,0.48,0.398,0.08
kin_test_track_a_00815,bituma kandi abantu badahenda cyangwa ngo bahendwe cyane.”,none,disgust,0.291,0.125,0.1,0.029,0.251,0.127
kin_test_track_a_00816,"icyo gihe yiyemeje kumufasha gukora indirimbo yitwaga ikibindi, ari nayo yatumye riderman yiyemeza kumwinjiza mu ibisumizi.",none,fear+sadness+surprise,0.055,0.012,0.278,0.175,0.696,0.277
kin_test_track_a_00818,"@<username> @<username> @<username> oya nawe gabanya kumwubahuka dore ni ukuganira, mutavaho mufatana mu mashati bikarangira mubaye nka wa mudasso wasafarinze.",fear,joy,0.325,0.003,0.056,0.541,0.193,0.034
kin_test_track_a_00819,"@<username> uyumunsi turaba turikumwe saa 15:30 live ku izuba tv, ubwo gahunda niyayindi....... turikumwe na @<username> &amp; @<username> mix by @<username> 📸 by @<username> @<username> kigali, rwanda ##url##",none,joy,0.161,0.011,0.063,0.779,0.151,0.048
kin_test_track_a_00820,"yavuze ko ingabo z’ubutegetsi bwateguye bukanashyira mu bikorwa jenoside yakorewe abatutsi, zari nyinshi, zifatanyije n’interahamwe nazo zari zaratojwe zifite intwaro zisanzwe ndetse n’iza gakondo kandi zishyigikiwe n’ibihugu by’amahanga.",sadness,fear+joy,0.11,0.002,0.183,0.469,0.523,0.097
kin_test_track_a_00822,"uwayezu yakomoje ku bihe bikomeye yahuye nabyo muri rayon sports aho yavuze ko bishingiye cyane ku banyamakuru batamwifurije ineza, nubwo ngo bitamukozeho cyane.",sadness,fear+sadness+surprise,0.116,0.003,0.269,0.281,0.648,0.166
kin_test_track_a_00823,"umwe yagize ati ""bari barimo kunywa inzoga noneho dj aza gushyiramo indirimbo bakunda, abo basore barahaguruka barabyina, na we ahita ahaguruka ajya kubyinana nabo, nibwo yatangiye kwagaza umwe muri bo ahita amukubita umugeri agwa hasi.""",sadness,fear+sadness+surprise,0.163,0.002,0.276,0.199,0.663,0.184
kin_test_track_a_00824,@<username> harigihe utanga message ukagirango warebaga neza mu mutima w'umuntu! thanks so much @<username> for that tweet ❤️,joy+surprise,joy,0.279,0.008,0.056,0.658,0.147,0.045
kin_test_track_a_00825,uyu mubyeyi wari ugiye kubyara agaragaza ko yagejejwe ku bitaro by’akarere bya nyanza umwana yamaze kwicara mu nda ndetse ngo amazi yamaze kumushiramo kubera ko imbangukiragutabara yari yatinze kumugeraho.,sadness,fear+sadness+surprise,0.102,0.004,0.304,0.25,0.691,0.196
kin_test_track_a_00826,"maze iminsi mbyibaza, kuki ugize imbaraga zo kugaragaza ihohoterwa yakorewe, ahindukira akaba ari we ushingwa ibikwasi? yataka bati arasakuza🤔 ##url##",anger,joy,0.447,0.002,0.071,0.462,0.209,0.048
kin_test_track_a_00827,ishobora kuba yagira uruhare mu ididindira ry’ubwenge bigasaba kwitabwaho byihariye.,fear+sadness,fear+sadness+surprise,0.059,0.009,0.276,0.18,0.678,0.274
kin_test_track_a_00828,ubu bushakashatsi bwagaragaje ko sosiyete ikunze kwirengagiza uruhuri rw’ibibazo abagabo bahura na byo nyuma ya gatanya.,sadness,fear+sadness+surprise,0.074,0.007,0.286,0.174,0.693,0.255
kin_test_track_a_00829,"nubwo bigaragara ko ibyagezweho mu buryo bw’imibare mu gihe gito ari byiza, haracyari icyuho kinini ugereranyije no kuba abanyarwanda bageze kuri miliyoni hafi 14.",fear,fear+sadness,0.138,0.002,0.237,0.337,0.595,0.133
kin_test_track_a_00831,"uwoya n’umugabo we katauti bagiye bagirana ibibazo bikomeye birimo no gutandukana bakongera bagasubirana, gucana inyuma, kurwana , intonganya za hato na hato n’ibindi.",sadness,fear+sadness+surprise,0.1,0.003,0.233,0.212,0.648,0.173
kin_test_track_a_00832,amashusho yasakajwe ku mbuga nkoranyambaga agaragaza uyu muraperi yagiye gushaka akazi ko gufasha abubatsi (ubuyede) ngo arebe ko yabona amaramuko.,none,fear+sadness+surprise,0.104,0.004,0.298,0.238,0.687,0.203
kin_test_track_a_00833,allah akbar ya allah🙏 komeza unyongere kwihangana @<username> nyagatare ##url##,sadness,joy,0.195,0.009,0.053,0.715,0.138,0.037
kin_test_track_a_00836,impungurabigombyi,none,disgust,0.22,0.922,0.086,0.087,0.102,0.069
kin_test_track_a_00837,kazenga ni we wabaye inkomoko y’agati bitaga “ingororero” kabaga gasatuye bakagashinga mu butaka bagashyira muri ubwo busate ikintu nk’isaro ryo kurushanyirizaho kumasha.,none,fear+sadness+surprise,0.083,0.005,0.285,0.222,0.69,0.216
kin_test_track_a_00838,hakorwe iki koko ngo aho imyitwarire nk'iyi igaragara mu bana bacu icike? iyi video yashengura umutima w'umubyeyi😔 @<username> ##url##,fear+sadness,anger,0.521,0.003,0.075,0.213,0.27,0.065
kin_test_track_a_00839,manayange guhabwa follow na big fish bisigaye bintera ubwoba an following uyu munsi ejo akanjugunya brock,fear,anger,0.517,0.003,0.099,0.14,0.315,0.109
kin_test_track_a_00840,ngo ntabwo ari umukobwa? ibijya gucika bica amarenga. ejo azihakana ko atari umubyeyi nagira amahirwe akamuba.,anger,fear+sadness+surprise,0.239,0.003,0.183,0.106,0.558,0.188
kin_test_track_a_00842,maze ndumigwaga kokoooo😂😂😂😂😂😂 caze kanigire guhiga umuceri mvabo ubusutwa aha😂😂 ##url##,anger,anger+surprise,0.641,0.005,0.107,0.102,0.309,0.146
kin_test_track_a_00843,umva abastar mwanze kubakira iwanyu ahubwo mukirirwa hagati yamaguru yabana babandi umva muzabona ishyano mwankozi zibibimwe toka muri ibicucu #ishazathursday,anger,none,0.293,0.001,0.139,0.354,0.394,0.09
kin_test_track_a_00844,icyakora frederiksen yavuze ko ibi biteye impungenge kuri ejo hazaza h’isi mu gihe hadashyizweho uburyo buhamye bwo gukoresha iri koranabuhanga.,fear,fear+sadness+surprise,0.107,0.003,0.256,0.272,0.638,0.164
kin_test_track_a_00845,"kuko sinumva ukuntu umuntu ukurusha byinshi byiza umwita umuswa kandi yarageze ku byo utarageraho, ushobora no kutazageraho.",anger,fear+sadness+surprise,0.115,0.006,0.273,0.115,0.671,0.254
kin_test_track_a_00847,ubundi the so-called big fish idafite amafaranga kuri njye nyifata nk'ururagara. uko ni ukuri kandi twumve dukomeye dutekanye 👍👌,anger,surprise,0.412,0.002,0.136,0.161,0.401,0.162
kin_test_track_a_00848,"yagize ati ""ubu mfite inzu byibuze ihagaze miliyoni 9 frw, nashatse umugore, mfite ingurube n’inkoko ndoroye, ubwo se navuga ko ntabayeho neza nshingiye ku iki?""",joy,fear+sadness+surprise,0.192,0.002,0.23,0.238,0.595,0.151
kin_test_track_a_00849,😁😁 ubu tuvugana hari abantu iminwa iri kurya. aho bari buvugire irakweduka bararwara ivutu ryamagambo 🤣🤜,anger,surprise,0.498,0.007,0.167,0.076,0.418,0.273
kin_test_track_a_00850,@<username> karakemutse wanguriye byel mumisi mike ko ndakuzanira umukiriya,none,anger,0.631,0.013,0.07,0.084,0.237,0.054
kin_test_track_a_00851,icyakora guverineri yavuze ko atizeye neza ko ingabo zizakomeza kubahiriza ayo masezerano.,fear,joy,0.116,0.002,0.171,0.449,0.499,0.099
kin_test_track_a_00852,"gitifu gatanazi yakomeje avuga ko babimenye mu gitondo nyuma yo kubona nta muntu n’umwe wo muri urwo rugo ukoma, bajya kureba bagasanga abantu bose bapfuye.",sadness,fear+sadness+surprise,0.115,0.005,0.301,0.167,0.706,0.205
kin_test_track_a_00854,uyu muyobozi yabajijwe uko uyu mukinnyi yabanyuze mu myanya y’intoki kandi kera rayon sports yaragiraga abantu bayifasha gukurikirana abakinnyi ishaka.,none,fear+sadness+surprise,0.139,0.002,0.233,0.258,0.623,0.155
kin_test_track_a_00855,"ibihugu birimo u butaliyani, espagne n’u bugereki byo byatangiye guhura n’ubu bushyuhe budasanzwe, aho nk’inzego z’ubuzima mu butaliyani zatanze integuza y’ubu bushyuhe mu mijyi 16 yabwo irimo roma, bologna ndetse na florence.",fear+sadness,fear+sadness+surprise,0.094,0.003,0.211,0.274,0.607,0.155
kin_test_track_a_00856,uyu mugabo avuga ko yagiye kwiga muri kaminuza bikamunanira kwiga kubera imyitwarire ye mibi ariko yishimira ko yaje gusubira mu rugo rwe nubwo rwari rwarasenyutse n’imitungo yose yaramaze kuyoboka.,joy+sadness,fear+sadness+surprise,0.11,0.003,0.268,0.312,0.647,0.153
kin_test_track_a_00857,"nubwo hari icyizere ariko hari n’impungenge zishobora gushingira ku biza biheruka kwibasira intara y’iburengerazuba n’amajyaruguru, byangije umusaruro ku rwego rukomeye, abantu barenga 135 bakahasiga ubuzima.",fear,fear+sadness+surprise,0.115,0.004,0.29,0.208,0.692,0.182
kin_test_track_a_00858,ubundi rata @<username> biradukwiye rwose kubwira umubyeyi umugongo uduhetse iyo ndamukanyo waramutse #rwanda ##url##,joy,none,0.456,0.003,0.055,0.374,0.182,0.034
kin_test_track_a_00859,"ati “nkurikije uko tuganira, icyizere kirahari cyo gutsinda.",none,joy,0.31,0.003,0.064,0.41,0.225,0.037
kin_test_track_a_00860,"muri ibi biganiro byari biyobowe n’umuyobozi mukuru wa i&m bank rwanda, mutimura benjamin hagaragajwe umuhate w’iyi banki mu gushyira umukiliya ku isonga.",joy,none,0.104,0.003,0.155,0.378,0.506,0.104
kin_test_track_a_00861,@<username> za nudes zanuza uzazima😂😭,none,anger,0.647,0.011,0.069,0.074,0.242,0.081
kin_test_track_a_00863,wa mugani nyamara @<username> uzi ubwenge urereunze 😂😂😂✌️✌️✌️✌️✌️✌️✌️✌️✌️😂😂😂😂🙌 ##url##,none,anger,0.675,0.007,0.077,0.103,0.244,0.09
kin_test_track_a_00864,uteye isesemi nk'ubukurugutwa bamennyemo amazi.,anger+disgust,disgust,0.202,0.968,0.084,0.101,0.083,0.079
kin_test_track_a_00865,"uwunganira uyu mushoferi ari na we wagaragaraga aho iyi mpanuka yabereye, yavuze ko umushoferi yamubwiye ko imodoka icitse feri, ngo kuva bakora impanuka umushoferi ntiyongere kumuca iryera.",sadness,fear+sadness+surprise,0.096,0.004,0.272,0.265,0.664,0.175
kin_test_track_a_00866,bahamya ko muri aka gace hari ubujura bukabije ku buryo benshi bataha kare kugira ngo badategerwa mu nzira.,fear+sadness,fear+sadness+surprise,0.11,0.004,0.313,0.231,0.7,0.209
kin_test_track_a_00867,@<username> ahubwo iyi kipe ko ishaka gukwepa final bite byayo😂😂. turabategereje pe,fear,anger,0.679,0.006,0.071,0.115,0.243,0.066
kin_test_track_a_00868,urwego rw’ubugenzacyaha ubu ruri mu butabera ntabwo tukiri mu mutekano.,none,fear+sadness+surprise,0.073,0.006,0.222,0.163,0.621,0.224
kin_test_track_a_00869,"ati “ni imbogamizi zishingiye ku mpamvu zitandukanye haba mu mategeko mu ngo zabo, kutagira uburyo babona igishoro n’ibindi.",sadness,fear+sadness+surprise,0.217,0.002,0.229,0.217,0.605,0.156
kin_test_track_a_00870,"icyo gihe mu bapfuye harimo mutesi diane, niwenshuti isaac, atete sine ornella, mukabahizi hiralie, samuel ntiziryayo na niyomugabo jeannine.",sadness,fear+sadness+surprise,0.095,0.003,0.227,0.296,0.605,0.153
kin_test_track_a_00871,uwo mwana nta mubyeyi agira kuko bose bapfuye.,sadness,disgust,0.145,0.962,0.09,0.093,0.101,0.08
kin_test_track_a_00872,"dore uburyo inkundo z'ubu zibeshya 🙈. baba bashaka amata gusa bagahita bigendera🏃, biratangaje🤸 🔥 ukore subscribe👇 ##url##",surprise,none,0.422,0.002,0.078,0.364,0.251,0.063
kin_test_track_a_00874,"umuyobozi mukuru w’inama nkuru y’amashuri makuru na za kaminuza [hec], dr rose mukankomeje, aherutse gutangaza ko kuba amafaranga agenerwa kwishyurira abanyeshuri buruse yaragabanutse, bizagira ingaruka zikomeye ku mubare w’abajya muri kaminuza.",fear,none,0.126,0.002,0.177,0.379,0.524,0.101
kin_test_track_a_00875,"ati ""dushingiye ku mubano w’ibihugu byacu, turashaka kurushaho kunoza ubufatanye mu nzego zigamije inyungu.",joy,fear+sadness,0.205,0.002,0.209,0.249,0.578,0.136
kin_test_track_a_00876,imana ihe umugisha u rwanda.”,joy,disgust,0.156,0.142,0.08,0.048,0.202,0.112
kin_test_track_a_00877,@<username> uzashake umuntu inshuti nziza ajye agutwaza ku mutwaro ufite umutima uzaruhuka gake gake,none,anger,0.662,0.013,0.081,0.068,0.269,0.075
kin_test_track_a_00878,"towari marie louise uhagarariye umuryango ufite inkomoko mu buyapani, npo think about education in rwanda’, yavuze ko bashyize imbaraga mu burezi ndetse harimo no kwigisha amahoro hagati y’u rwanda n’u buyapani kuko ibihugu byombi byanyuze mu mateka akomeye.",sadness,joy,0.125,0.002,0.169,0.48,0.489,0.089
kin_test_track_a_00879,"szwaczyk yavuze ko nubwo bemeye guhindura nimero y’umuhanda, ubu ikibazo bafite ari ukwakira ibirego by’abatarishimiye ko nimero yahindutse.",fear,fear+sadness,0.154,0.002,0.182,0.369,0.543,0.102
kin_test_track_a_00880,"umwe mu banyeshuri wandikiye umunyamakuru niwemwiza anne marie kuri twitter yavuze ko “muri ur-nyarugenge hari ikibazo cy’amacumbi make aho bacumbikira abanyeshuri 400 ku barenga 7000 bahiga, nyamara huzuye amacumbi meza yakwakira abanyeshuri 900.”",sadness,fear+sadness+surprise,0.212,0.002,0.239,0.17,0.61,0.2
kin_test_track_a_00881,nkanamuha andi mahirwe ariko biba iby’ubusa.’’,sadness,disgust,0.221,0.664,0.08,0.055,0.141,0.066
kin_test_track_a_00882,"igena yakomeje ati “kuko byaje kugaragazwa ko uzakora icyo kintu azagihanirwa mu buryo ubu n’ubu, byagiye birushaho koroshya.”",none,fear+sadness+surprise,0.183,0.002,0.256,0.212,0.633,0.17
kin_test_track_a_00883,ufite umwuka nk'uwu muntu urwawe mburugu kbsa.,anger+disgust,disgust,0.201,0.95,0.072,0.081,0.081,0.071
kin_test_track_a_00885,@<username> @<username> nyamara iki kibazo kirabareba nubwo mukirengagiza,sadness,anger,0.67,0.015,0.075,0.079,0.229,0.057
kin_test_track_a_00886,perezida #kagame yahaye imbabazi abagore 10 bari bafungiwe gukuramo inda ##url##,joy,none,0.481,0.006,0.067,0.178,0.228,0.044
kin_test_track_a_00887,abamufashe bamugezeho saa kumi n’ebyiri z’umugoroba yemera ko ari we bigeze saa yine z’ijoro.,sadness,fear+sadness+surprise,0.085,0.004,0.221,0.271,0.637,0.161
kin_test_track_a_00888,ese kucyi abahungu bicyigihe basigaye bumva ko kuryamana aringombwa wamuhakanira mugahita mutandukana urwo nurukundo koko🙄🤔?,sadness,fear+surprise,0.414,0.006,0.255,0.089,0.528,0.389
kin_test_track_a_00889,"nibura abantu 700 basaba ubuhungiro bari mu gihugu, babayeho nabi, kuko baryama mu bigo bashyiriweho ahantu hadafite matola cyangwa se ibindi bikoresho by’ibanze mu gace ka ter apel.",sadness,fear+sadness+surprise,0.102,0.004,0.29,0.184,0.695,0.201
kin_test_track_a_00891,ase ubu kavunumuheto biracyari igitutsi🤔😅,none,anger+surprise,0.512,0.015,0.151,0.056,0.358,0.26
kin_test_track_a_00892,nta muntu waremye undi.”,anger,disgust,0.214,0.89,0.067,0.063,0.084,0.058
kin_test_track_a_00893,mfite ubwoba ko murugo nihafatwa ninkongi yumuriro nka vugango murugo harahiye 🔥 abantu bazansubiza ngo hadashya se 😭😤😭🔥🔥🔥🔥,fear,fear+surprise,0.412,0.004,0.195,0.093,0.477,0.307
kin_test_track_a_00894,"yagize ati “hamaze kuboneka imibiri ine, yabonetse ejo ku wa kabiri ariko igikorwa cyo kirakomeje cyo gushakisha indi.”",sadness,fear+sadness+surprise,0.183,0.003,0.263,0.165,0.646,0.197
kin_test_track_a_00896,biteye ubwoba pe. ibi biterwa no gufata ingamba nibatange igihe cyokwitegura kuzishira mubikorwa ##url##,fear,joy,0.302,0.002,0.088,0.456,0.282,0.048
kin_test_track_a_00897,bimwe muri ibi byaha trump ashinjwa bimuhamye ashobora gufungwa.,fear,disgust+surprise,0.071,0.304,0.167,0.097,0.368,0.188
kin_test_track_a_00898,"umuyobozi wungirije ushinzwe imodoka zijya mu ntara muri volcano isingizwe eric, we avuga ko imodoka zitabuze ahubwo abagenzi babaye benshi kubera ko ari mu gihe cy’impeshyi.",none,fear+sadness+surprise,0.119,0.003,0.239,0.279,0.615,0.145
kin_test_track_a_00900,ababonye ko wamwana womubakire arigukoresha computer ya nicole mumpe follow🤣🤣🤦 narumiwe @<username> @<username> @<username> ##url##,surprise,anger,0.518,0.003,0.071,0.274,0.228,0.063
kin_test_track_a_00901,@<username> ushyireho ni zina ryawe ry' ukuri. ureke iryo watoraguye kuri iyi mihanda. nakuzaniye impano ndakubura bambwira ko batakuzi.,sadness,joy,0.266,0.003,0.061,0.607,0.201,0.036
kin_test_track_a_00902,"ni mu gihe ariko ku rundi ruhande, bahati we yicuza ibyamubayeho akaburira abandi bahanzi kutisaga mu mutego nk’uwo yaguyemo.",sadness,fear+sadness+surprise,0.066,0.007,0.257,0.155,0.661,0.271
kin_test_track_a_00903,"yagize ati “ ejo bundi nka saa mbili z’ijoro nibwo umugabo w’imyaka 63 yagiye ahantu anywa inzoga arasinda, atahana n’umugore wari inshoreke ye kuko si ubwa mbere bari batahanye.”",none,fear+sadness+surprise,0.153,0.003,0.292,0.165,0.684,0.228
kin_test_track_a_00904,si ubwa mbere perezida wa gasogi united yavuze kuri ibi bibazo bihora bitangwa muri ferwafa ariko abasifuzi bakabyitambika ntibigire aho bigera kubera izindi nyungu bakuramo.,anger+sadness,fear+sadness+surprise,0.117,0.003,0.265,0.273,0.65,0.164
kin_test_track_a_00905,ntabwo ibihugu kuleba azasura byatangajwe byose.,none,disgust,0.112,0.536,0.106,0.092,0.19,0.096
kin_test_track_a_00906,"yagize ati “mucane amatara abantu bababone muri kure kubera ko umuhanda uba urimo abantu benshi, uba urimo imodoka harimo moto harimo amagare n’abanyamaguru, cana itara kugira ngo umuntu akubene ukiri kure.”",none,fear+sadness+surprise,0.259,0.003,0.24,0.124,0.603,0.215
kin_test_track_a_00907,uyu mugabo yaje gushakishwa ariko aza kugaragara yapfuye ku buryo bakeka ko yiyahuye.,sadness,fear+sadness+surprise,0.071,0.01,0.323,0.187,0.704,0.294
kin_test_track_a_00908,fally merci avuga ko mu rwanda hari ikibazo cy’uko atari ahantu henshi abana babona ho kwidagadurira.,sadness,fear+sadness+surprise,0.098,0.004,0.272,0.259,0.67,0.184
kin_test_track_a_00909,@<username> @<username> ibaze nawe gutegereza ko umunyamerika ari we ukubwira ububi cg ubwiza bw'umuco wawe. ni cyo cyica abanyafurika.,anger+sadness,joy,0.24,0.004,0.062,0.672,0.187,0.038
kin_test_track_a_00911,mwaramutse @<username> ese ejo hashize ko network zanyu zatumye mpomba ndetse nkashwana na benshi kubera ko ntahamagarwa murumva bishimishije? mwirirwe😫😩😩😫😩😩😫😩😩😩😩😫😩😩😩,anger+sadness,anger+surprise,0.68,0.006,0.12,0.078,0.351,0.171
kin_test_track_a_00913,@<username> ko atayafite cg bimubihira or bimubabaza,none,anger,0.671,0.012,0.078,0.091,0.233,0.056
kin_test_track_a_00915,ingimbi z’u rwanda zatangiye neza igikombe cya afurika,joy,none,0.389,0.005,0.052,0.275,0.192,0.035
kin_test_track_a_00916,"ati “dufite ikibazo cy’ibitambaro cyane, usanga amahitamo ahari atari menshi ari na cyo gituma hari ubwo bihenda kuko ibintu byose dukoresha biva hanze.”",sadness,fear+sadness+surprise,0.189,0.002,0.246,0.196,0.623,0.174
kin_test_track_a_00917,ibyo iyo bitavumbuwe hakiri kare bishobora guteza ubundi bumuga.”,fear,disgust,0.35,0.118,0.065,0.044,0.177,0.069
kin_test_track_a_00920,mbere y’uwo mukino habanje kubaho igikorwa cyo kwizihiza nelson mandela nk’umwe mu bihangange bya afurika.,joy,fear+sadness+surprise,0.065,0.009,0.211,0.151,0.59,0.253
kin_test_track_a_00921,uyu muvugizi kandi yabwiye sputnik ko imodoka ya ukraine iriho intwaro zishinzwe guhagarika ibisasu mu kirere hamwe n’izindi ntwaro na byo byarasiwe mu gace ka velykyi burluk birangirika bikomeye.,sadness,fear+sadness+surprise,0.087,0.004,0.261,0.268,0.661,0.183
kin_test_track_a_00922,hari umwana w’umukobwa yasambanyije ku gahato waje no kubitangaho ubuhamya.,sadness,fear+sadness+surprise,0.046,0.027,0.275,0.129,0.662,0.308
kin_test_track_a_00923,@<username> @<username> gukubita umukobwa byo nta murava byagutera uri umusore. ni ugutera ingumi ikagenda muri rolanti yamugeraho ukicuza.,sadness,anger,0.597,0.004,0.071,0.176,0.249,0.047
kin_test_track_a_00925,"mu gitero cy’abishe harimo abitwa ndiramiye boniface, mbigizembishaka jean, kanyamanza damascène, athanase, marc n’abandi.",sadness,fear+sadness,0.104,0.003,0.199,0.299,0.58,0.137
kin_test_track_a_00926,"amashusho yagiye asakara agaragaza intwaro za ukraine zitwikwa n’ibisasu byo mu butaka bizwi nka ‘mine’ ndetse hari abasirikare ba ukraine baherutse gutangaza ko buri uko bigiye imbere ho metero ijana, batakaza abasirikare bane cyangwa batanu.",none,fear+sadness+surprise,0.108,0.004,0.306,0.24,0.688,0.194
kin_test_track_a_00927,kugira ngo iki kibuga kizajye cyifashishwa na nijoro cyongerewe amatara aho ubu gifite umunani agicanira.,joy,fear+sadness+surprise,0.082,0.005,0.262,0.237,0.68,0.208
kin_test_track_a_00928,"impanuka yahitanye soviet w’imyaka 40 yabaye mu ma saa kumi na 20 zo ku wa gatanu tariki ya 12 gicurasi 2023 mu mujyi wa williston ho muri leta ya dakota y’amajyaruguru imwe muri leta zigize leta zunze ubumwe za amerika, ubwo imodoka yari itwawe na soviet yagongwaga n’indi maze zoze zikarenga umuhanda we agahita ahasiga ubuzima.",sadness,fear+sadness+surprise,0.091,0.004,0.26,0.265,0.665,0.181
kin_test_track_a_00930,"n’iyo wakihisha ubutabera imyaka na nyakaka ugakomeza kubiba urwango n’ingengabitekerezo ya jenoside, amateka azabibabaza. ##url##",anger+sadness,joy,0.213,0.002,0.105,0.472,0.351,0.056
kin_test_track_a_00931,"mukabunani christine uyobora ishyaka ps imberakuri, ritavuga rumwe n’ubutegetsi mu rwanda, ni urugero rw’ibishoboka kuko ubu amaze imyaka itanu ari umudepite mu nteko.",joy,fear+sadness,0.123,0.002,0.209,0.307,0.574,0.133
kin_test_track_a_00933,##url## mbega inkuru ibabaje. umva urugendo rwanyuma rwa akeza rutiyomba elisie umwana w' imyaka 5,sadness,joy,0.369,0.003,0.058,0.483,0.186,0.032
kin_test_track_a_00934,@<username> love ni ibikorwa si ukubivuga gusa kandi ukomeje kumuha umwanya wawe arabibona nubwo yakwirengagiza aba abizi so courage bro,none,anger,0.672,0.008,0.09,0.074,0.302,0.097
kin_test_track_a_00935,@<username> rwandan media: wa mukobwa na none yananiwe guhisha amarangamutima ye yereka amakurikira ko atwitwe😂😂,none,anger,0.7,0.008,0.083,0.077,0.275,0.091
kin_test_track_a_00937,bwerekanye ko gasana yakoreshaga uburyo butandukanye akavana amafaranga yanyerejwe na kabila muri rdc akayajyana mu bigo mpuzamahanga by’imari aho miliyoni 50 z’amadolari zanyerejwe ku ikubitiro ibikorwa bikaza gukomeza nyuma.,none,fear+sadness+surprise,0.093,0.005,0.295,0.22,0.69,0.216
kin_test_track_a_00938,dushyize ingufu mu kubaka ubukungu butangiza ibidukikije no kwimakaza ibinyabiziga bitabangamira ibidukikije kuri bose.”,none,fear+sadness+surprise,0.217,0.003,0.227,0.146,0.553,0.243
kin_test_track_a_00940,"@<username> kuri uru rugamba rwo kwirinda, gukangurira abandi kwirinda no kubafasha kwirinda @<username> arurimo neza kuva iki gihanya kikigera ino. #niyubahwe #ntakudohoka",anger+joy,joy,0.196,0.008,0.068,0.764,0.17,0.051
kin_test_track_a_00941,"“hari uguhindura aho batuye bakagenda bimuka, hari uguhindura amadini niba yari umugatolika agahinduka umuyisilamu, cyangwa agashyiraho amatangazo ko yapfuye, imbogamizi zirahari ariko inzego z’iperereza, ubushinjacyaha ntabwo ducika intege.”",none,fear+sadness+surprise,0.13,0.002,0.256,0.255,0.639,0.159
kin_test_track_a_00942,"nyamara itegeko rigaragaza ko urukiko rubisuzumye rugasanga ari bwo buryo bwonyine bwo gukumira icyaha cyangwa kurinda umutekano w’ukekwaho icyaha n’ibindi, ashobora gufungwa bityo bikaba bitanyuranyije n’amategeko.",none,fear+sadness+surprise,0.105,0.004,0.313,0.227,0.696,0.201
kin_test_track_a_00943,"abana bahawe umuganura ni 21 ariko abari bahamagawe bagera kuri 40, gusa abandi batinye kujya aho uyu muganura wabereye batinya ko ari amayeri yo kugira ngo bafatwe.",sadness,fear+sadness+surprise,0.115,0.004,0.334,0.182,0.705,0.241
kin_test_track_a_00944,"umva mukoo niba uziko unywa igikoma byongeye ho uka gihorobya ,gira ushake umugabo dore urashaje 🤨🤫😂",anger,fear+surprise,0.409,0.005,0.213,0.088,0.486,0.342
kin_test_track_a_00945,"##url## amahoro kurimwese.reba inama zangombwa ,zigamije kubaka igihugu cyacu. abirirwa bakigambanira bakwiriye kubihagarika.nabasabaga nubufasha bwo fungura iyo video mukayireba.",none,joy,0.217,0.003,0.069,0.679,0.208,0.039
kin_test_track_a_00946,wikirata kumwana wababaye ngo nukwi iwanyu bakize. amafranga ya so sayawe!! ##url##,anger,none,0.364,0.005,0.05,0.347,0.17,0.03
kin_test_track_a_00947,"yateranye mu gihe umwuka utari mwiza hagati y’u rwanda n’umuturanyi warwo wo mu burengerazuba, repubulika iharanira demokarasi ya congo.",none,joy,0.12,0.002,0.133,0.488,0.427,0.079
kin_test_track_a_00948,ati “namaze icyo gihe cyose nta kazi mfite.,sadness,fear+surprise,0.347,0.005,0.185,0.123,0.51,0.143
kin_test_track_a_00950,@<username> nyemerera nkubere umukiliya bwa rimwe😂😂🤲,none,anger,0.652,0.01,0.068,0.079,0.237,0.081
kin_test_track_a_00951,"nibura 20% muri bo bakoresha imiti yica udukoko ikunze kugaragara cyane mu bice by’icyaro bikorerwamo ubuhinzi, mu bihugu bikiri mu nzira y’amajyambere, mu gihe abandi bakunda gukoresha uburyo bwo gusimbuka ahantu harerare naho bamwe bakirasa.",sadness,fear+sadness+surprise,0.106,0.004,0.264,0.248,0.648,0.175
kin_test_track_a_00953,undi mugabo ucuruza inyama yavuze ko muri iki gihe hari ubwo bataha basize inyama muri frigo umuriro ukaza kugenda ku buryo mu gitondo bazikuramo zapfuye.,sadness,fear+sadness+surprise,0.1,0.005,0.325,0.226,0.705,0.221
kin_test_track_a_00957,yasabye ababyeyi b’abana gukomeza kubitaho babaha uburere bukwiye kuko imyaka bagezemo ari bwo bamwe batangira kurangara.,fear,fear+sadness+surprise,0.068,0.007,0.283,0.171,0.689,0.264
kin_test_track_a_00959,"yakomeje agira ati ""hari n’abakinnyi bangiza ibikoresho baba bahawe nk’amasogisi bakayaca, wenda icyo mwavuga ni ubwoko butari bwiza akaba ari yo mpamvu bayanga, gusa ushinzwe ikipe n’ushinzwe ibikoresho bagomba kubyitaho.""",anger,fear+sadness,0.195,0.002,0.208,0.233,0.581,0.133
kin_test_track_a_00960,"@<username> @<username> @<username> @<username> @<username> @<username> @<username> @<username> @<username> @<username> 😭😭 ni agahinda kubura iyi ntwari tumwifurije iruhuko ryiza, kandi twihanganishije imiryango isigaye. uwiteka abakomeze.",sadness,joy,0.25,0.006,0.061,0.693,0.167,0.048
kin_test_track_a_00962,"“iyo bashyiraho igiciro ku bwishingizi, kigendana n’ibyo barimo kwishingira.",none,fear+sadness+surprise,0.24,0.002,0.194,0.206,0.56,0.14
kin_test_track_a_00963,@<username> “amashushoyega “ ikinyarwanda cyogere gitumbagire kibe ubukombe. abahanga bemeza ko ikinyarwanda ari kimwe mu ndimi ziremetse neza.,joy,anger,0.533,0.003,0.074,0.275,0.264,0.045
kin_test_track_a_00965,"aba bagabo bavuga ko mbere y’uko bashyiraho umugoroba w’abagabo bajyanaga amafaranga y’urugo mu kabari bakayanywera, bataha umugore yabaza aho amafaranga yagiye, umugabo akabura icyo asubiza intonganya zikaba ziratangiye.",joy,fear+sadness+surprise,0.101,0.004,0.309,0.21,0.699,0.21
kin_test_track_a_00966,ubwumvikane ku birebana no kwemera icyaha ntibubuza uwakorewe icyaha kumenya amakuru kuri dosiye y’ikurikiranacyaha no kugira uruhare mu gusobanura imikorere y’icyaha.,none,fear+sadness+surprise,0.073,0.006,0.277,0.197,0.683,0.225
kin_test_track_a_00967,"ku munsi wakurikiyeho guverinoma ya congo yaramuvuguruje, itangaza ko abapfuye basaga 100 ndetse hashyirwaho icyunamo cy’iminsi itatu.",sadness,joy,0.106,0.002,0.168,0.476,0.498,0.097
kin_test_track_a_00968,"birashoboka se ko nayibona nubwo yanshuka , ko aho ngeze nkeneye n'inkingi ya #shugamami??!😹😥🤲 ibyo nigira byose nkeneye shugamami😹😹😉 ##url##",none,anger,0.592,0.003,0.105,0.157,0.33,0.117
kin_test_track_a_00969,"umwe mu batangije uru rubuga mu mwaka wa 2001, larry sanger, yahishuye ko inzego zinyuranye za amerika n’abafatanyabikorwa bazo bakora ibikorwa bijyanye n’ubutasi bakoresha uru rubuga mu nyungu zabo bwite bagahindura amakuru aba yarutangarijweho mu buryo bunyuranyije n’amategeko.",none,fear+sadness,0.134,0.002,0.199,0.363,0.566,0.116
kin_test_track_a_00970,"umuyobozi wa rwanda leaders fellowship, ndahiro moses, yavuze ko aya masengesho ari amahirwe abayobozi bo mu nzego z’ibanze n’ab’amadini n’amatorero baba babonye yo guhuriza hamwe ibyo bakora kuko byose babishobozwa n’imana.",none,joy,0.117,0.002,0.155,0.498,0.467,0.083
kin_test_track_a_00971,"kugeza ubu mu rwanda hamaze koherezwa abakurikiranyweho ibyaha bya jenoside 29 bafatiwe mu bihugu by’amahanga, mu gihe ababuranishirijwe hanze ari 25 ndetse umuryango w’abibumbye wemeje ko inkiko zo mu rwanda zifite ubushobozi budashidikanywaho bwo kuburanisha ibi byaha bya jenoside.",none,fear+sadness+surprise,0.117,0.003,0.287,0.293,0.664,0.165
kin_test_track_a_00972,"bamwe muri aba bana babwiye igihe ko bacirira ibibwana by’imbwa ahantu hatandukanye, byamara gusa nk’aho bikura gato bakabigurisha kugira ngo babone ibibatunga.",sadness,fear+sadness+surprise,0.092,0.005,0.33,0.173,0.716,0.253
kin_test_track_a_00973,@<username> @<username> @<username> ariko mana ubwose ushatse kuvuga iki? mubyukuri gusa ndumiwe cyane.,sadness,anger,0.572,0.006,0.053,0.204,0.187,0.036
kin_test_track_a_00974,nyamara muve mubyo gutegereza ya pusi murebe uko mwaremera uyu mutype @<username> ##url##,sadness,joy,0.306,0.004,0.05,0.437,0.164,0.031
kin_test_track_a_00975,@<username> wazashatse aga take away ko numva congolese batazi neza gahunda raa,none,anger,0.693,0.012,0.078,0.087,0.231,0.057
kin_test_track_a_00976,umunyezamu kwizera oliver yatawe muri yombi na @<username> akurikiranweho gukoresha ibiyobyabwenge. @<username> @<username> @<username> @<username> .mbega igihombo disi,sadness,joy,0.18,0.012,0.065,0.772,0.15,0.05
kin_test_track_a_00978,"nyuma y’ibi byabaye umugore uri mu bari begereye uyu muntu wajugunye ikinyobwa kuri cardi b, yagiye kuri polisi yo muri las vegas kurega uyu muraperikazi avuga ko na we iyi micro yajugunywe na cardi b yamwikubiseho nk’uko tmz yabitangaje.",surprise,fear+sadness,0.095,0.003,0.22,0.329,0.605,0.138
kin_test_track_a_00979,ibi biganiro byarangiye saa tatu n’igice z’umugoroba bitanga ishusho ko bigirimana afite amahirwe yo gusinya mu ikipe y’abashinzwe umutekano nubwo nta cyemezo cya nyuma cyahise gifatwa.,none,fear+sadness+surprise,0.106,0.004,0.304,0.207,0.699,0.209
kin_test_track_a_00980,"𝘐𝘨𝘪𝘵𝘰𝘯𝘥𝘰 𝘤𝘺𝘪𝘻𝘢 !! nuko mwicishe bugufi muri munsi y'ukuboko gukomeye kw'imana, kugira ngo ibashyire hejuru mu gihe gikwiriye. 1 pet 5:6",none,joy,0.236,0.003,0.069,0.655,0.209,0.038
kin_test_track_a_00982,yavuze ko uretse gutera amabuye muri uru rugo ngo niyo ahuye n’abandi baturage bagashaka kumubuza ngo ashobora kubasagarira bagasaba ubuyobozi kwita kuri iki kibazo.,fear,fear+sadness+surprise,0.121,0.004,0.317,0.218,0.698,0.199
kin_test_track_a_00983,nakoranye imibonano mpuzabitsina n’abandi ibihumbi 10”.,surprise,none,0.233,0.004,0.156,0.127,0.508,0.132
kin_test_track_a_00984,"umwaka ushize urukiko rwisumbuye rwa musanze rwahamije bagiruwubusa jean nepomuscène icyaha cy’ubwicanyi, rumuhanisha igifungo cya burundu.",none,joy,0.13,0.002,0.149,0.423,0.476,0.092
kin_test_track_a_00985,kwa kundi abakobwa bateye nabi bitera ibirungo byinshi 😭&gt;&gt;&gt;&gt;&gt;&gt;&gt;&gt;&gt;&gt;&gt;&gt; ##url##,anger,joy,0.351,0.003,0.061,0.394,0.208,0.045
kin_test_track_a_00987,"mu bubatse imfatiro zubakiweho u rwanda na n’ubu zikiganje, harimo umwami mibambwe gisanura waremye uburyo buhoraho bwo kurwanya akarengane n’iyicarubozo, atanga urugero ruhanitse rwo kurwanya imitekerereze n’imigirire nk’iyo.",joy,fear+sadness+surprise,0.093,0.004,0.254,0.194,0.654,0.202
kin_test_track_a_00989,abatangabuhamya babwiye urukiko ko babonye biguma atwaye ibintu bitandukanye yabaga yasahuye nyuma yo kwica ba nyirabyo.,sadness,fear+sadness+surprise,0.079,0.008,0.336,0.147,0.724,0.306
kin_test_track_a_00990,"abakozi bagira ubwoba, bakibaza bati ko njyanama twari kumwe ubwo twe ntibizatugeraho?",fear,fear+sadness+surprise,0.225,0.003,0.259,0.125,0.596,0.255
kin_test_track_a_00991,"muri mutarama uyu mwaka kandi urukiko rwisumbuye rwa gasabo rwategetse ibitaro byitiriwe umwami faisal kwishyura mbareba geoffrey mu izina ry’umwana we, indishyi ya miliyoni 125 frw, kubera uburangare bw’abaganga bwatumye umwana we avukana ubumuga bwa burundu.",sadness,fear+sadness+surprise,0.095,0.004,0.305,0.219,0.695,0.215
kin_test_track_a_00993,"yabyutse abona inyo zitonze umurongo, naho ni imbeba zapfiriye munsi y'uburiri bwe.",disgust,fear+sadness+surprise,0.055,0.01,0.24,0.189,0.646,0.233
kin_test_track_a_00994,"bishobora guterwa kandi n’uko umutsi wacitse amaraso ntagere mu mutima neza, ibizwi mu mvugo ya kiganga mu ndimi z’amahanga nka ‘myocardial infarction’.",fear+sadness,joy,0.134,0.003,0.103,0.625,0.329,0.056
kin_test_track_a_00995,"abaturage bo mu bwoko bw’aba- irigwe bo mu gihugu cya nigeria, babayeho igihe kinini bagira uyu muco aho umugore yashakanaga na’abagabo barenze umwe bigafatwa nk’ibisanzwe, ariko akagira urugo rw’umugabo umwe abarizwamo ku buryo ari na we witwaga se w’abana bose uwo mugore yabyaraga n’ubwo bose bataba ari ab’uwo mugabo.",surprise,fear+sadness+surprise,0.114,0.004,0.297,0.221,0.685,0.198
kin_test_track_a_00996,“abashinze ndabaga bari bafite umugambi mwiza wo kwita ku mibereho myiza y’abanyamuryango gusa kubera impamvu zitaduturutseho n’iziduturutseho ntabwo twabikoze.,sadness,joy,0.216,0.002,0.156,0.461,0.455,0.08
kin_test_track_a_00997,@<username> @<username> @<username> zinduka mwaramutse ni shafiki obed nyamagabe kitabi ndabakunda mutahe amahoro twari kumweee,joy,anger,0.7,0.01,0.078,0.092,0.236,0.059
kin_test_track_a_00999,@<username> wa mugabo yatugarutsemo ndaq😂😂😂😂😂😂😂😂😂😂😂😂😂😂😂😂😂 ##url##,surprise,anger,0.664,0.01,0.082,0.082,0.253,0.116
kin_test_track_a_01000,"ati “turashaka gutera imbere, turashaka uburumbuke, abaturage bazamura ibyo binjiza, imibereho igahinduka kugira ngo tugire urwego tugeraho mu gihe runaka”.",joy,fear+sadness+surprise,0.222,0.002,0.243,0.163,0.587,0.177
kin_test_track_a_01002,noneho uburyo asoma isosi imeneka muri ibyo binwete bye nibyo bintera kubura aho nkwoirwa.,disgust,surprise,0.067,0.068,0.163,0.066,0.419,0.278
kin_test_track_a_01003,"ndashimira nyakubahwa perezida, ku bikorwa bye bihamye bigamije inyungu za uganda.""",joy,none,0.221,0.002,0.133,0.262,0.423,0.105
kin_test_track_a_01004,"minisitiri w’ubutegetsi bw’igihugu, musabyimana jean claude aherutse kuvuga ko igenzura ryakozwe mu nzego no mu duce aba bayobozi bayoboraga, ryagaragaje ibibazo bitandukanye kandi bikomeye bishingiye ku dutsiko bari barubatse.",sadness,fear+joy+sadness,0.116,0.002,0.202,0.418,0.557,0.108
kin_test_track_a_01005,kubufatanye ninzego zibanze ndetse ni z'ubuzima uyu munsi twakurikiranye igikorwa cyo gutanga urukingo rwa #covid19 mubigonderabuzima bya @<username> @<username> @<username> @<username> @<username> @<username> ##url##,none,joy,0.134,0.015,0.071,0.825,0.162,0.058
kin_test_track_a_01007,dukurikije uburyo abana bakoze ahubwo twatunguwe.,surprise,disgust,0.162,0.925,0.079,0.084,0.095,0.073
kin_test_track_a_01008,ati “bigaragara ko inganda z’itunganya zikanatubura imbuto zazamutse.,joy,fear+sadness+surprise,0.203,0.002,0.208,0.2,0.591,0.147
kin_test_track_a_01009,"kristo yazanywe no kugira ngo tubone ubugingo. nubwo waba warasubiye inyuma; mugarukire! •luka 12:32 @<username> kigali, rwanda ##url##",none,joy,0.204,0.005,0.062,0.723,0.165,0.04
kin_test_track_a_01011,uyu mukobwa yahise ahabwa imodoka ya mercedes benz ifite agaciro ka miliyoni 30 tzsh ndetse na miliyoni 10 tzsh nk’amafaranga azamufasha gushyira mu bikorwa umushinga we.,joy,fear+sadness+surprise,0.097,0.003,0.245,0.289,0.638,0.165
kin_test_track_a_01012,@<username> @<username> @<username> hahahaha akarimi n'icyumvirizo numvisemo ka mugobeko ndacangwa,none,anger,0.689,0.011,0.075,0.095,0.227,0.056
kin_test_track_a_01013,"yatanze ikizamini agira ati “musa yinjiye mu rusengero nta nkweto yambaye , kora intero utangije ijambo inkweto…”",none,fear+sadness+surprise,0.186,0.002,0.258,0.167,0.635,0.203
kin_test_track_a_01014,"kugeza kuri uyu wa kabiri, leta ya congo yabaruraga abasaga 425 bamaze gupfa, mu gihe imiryango myinshi igishakisha abayo bikekwa ko bapfuye.",sadness,fear+sadness+surprise,0.097,0.004,0.26,0.298,0.654,0.166
kin_test_track_a_01015,"umuyobozi mukuru w’ishami rya ejo heza mu kigo cy’igihugu cy’ubwiteganyirize (rssb), gatera augustin, yatangaje ko uyu mwaka wajemo imbogamizi zatumye intego yari yashyizweho itagerwaho 100%.",sadness,fear+sadness,0.098,0.002,0.204,0.37,0.568,0.127
kin_test_track_a_01016,turabibuka kandi ntituzabibagirwa na rimwe igihe cyose tugihumeka. baruhukire mu mahoro. ##url##,sadness,joy,0.172,0.008,0.062,0.772,0.155,0.043
kin_test_track_a_01017,polisi y’ako gace byabereyemo yatangaje ko mukisa yishwe ubwo yari atashye ageze mu rugo rwe.,sadness,fear+sadness+surprise,0.082,0.008,0.316,0.178,0.713,0.251
kin_test_track_a_01018,"umuyobozi wungirije w’umujyi wa kigali ushinzwe imiturire n’ibikorwaremezo, dr merard mpabwanamaguru, yabwiye igihe, ko bari gusenya kiosque zagiye zishyirwa iruhande rw’inyubako nziza kuko zituma imiryango imwe n’imwe yazo n’inzira bidakoreshwa.",sadness,fear+sadness,0.105,0.003,0.236,0.324,0.619,0.137
kin_test_track_a_01019,"yagize ati ""mu by’ukuri bijya gutangira, nagiye kumva numva umukozi w’ikigo cy’imisoro arampamagaye, ati ’turagushaka ku kimihurura uzaze gufata ibaruwa yawe’.",none,fear+sadness+surprise,0.148,0.003,0.252,0.25,0.639,0.163
kin_test_track_a_01020,izi nkweto zirashaka 10k zombi inbox dore nabuze aho nzishyira kdi inzara niyose ##url##,sadness,joy,0.407,0.003,0.057,0.445,0.179,0.034
kin_test_track_a_01021,"biba bigoye kwakira ubwo buzima, bigahumira ku mirari noneho iyo wabujijwe uburenganzira bwo kuba mu gihugu cyawe, ku bw’amaherere n’inyungu za bamwe, zishingira ku mpamvu zidafututse, nk’ururimi uvuga, ubwoko n’ibindi boshye ko hari ugena uko avuka.",sadness,fear+sadness+surprise,0.105,0.003,0.275,0.257,0.667,0.168
kin_test_track_a_01022,"ati “inzu yacu yaraguye mu gihe cy’ibiza, bingiraho ingaruka cyane kuko nitegura gukora ikizamini cya leta.",sadness,fear+sadness+surprise,0.193,0.002,0.248,0.212,0.629,0.174
kin_test_track_a_01024,"umunyamabanga nshingwabikorwa w’umurenge wa nyamirambo, uwera claudine, yemeza ko muri aka gace hagaragara inzoga zitujuje ubuziranenge ariko hashyirwaho ingamba zo kuzihashya.",fear,fear+sadness+surprise,0.11,0.004,0.297,0.227,0.683,0.185
kin_test_track_a_01025,bati “by’umwihariko abagurishwaga babaga ari abakozi bo mu rugo n’abandi babaga bafashwe mu minyago […] n’abana babaga baturuka mu miryango ikennye mu gihe cy’inzara”.,sadness,fear+sadness+surprise,0.181,0.002,0.237,0.216,0.596,0.179
kin_test_track_a_01026,ni urukingo rushobora gutangwa rukaba rwafasha mu buzima bw’umushwi bwose.”,joy,fear+surprise,0.24,0.002,0.212,0.184,0.536,0.196
kin_test_track_a_01027,@<username> @<username> batamufite baba bari mu bipondo,none,anger,0.643,0.018,0.071,0.077,0.223,0.053
kin_test_track_a_01029,umuraguzi w'umutwe yaramumpebeje iyeeee!!! ariko ubanza bidasaba kuraguza ahubwo ibyaha akora n'umwana arabibona @<username> @<username> mwite ku gusaba kw'abanyarwanda🙏🙏🙏 ##url##,anger,joy,0.277,0.004,0.058,0.629,0.167,0.037
kin_test_track_a_01030,kare nanyuze kumubyeyi kuri t2000 aravuga ngo mbega indaya nihumurije parfe niteye niba uhumura indaya biranshanga,sadness,fear+sadness+surprise,0.215,0.003,0.231,0.135,0.581,0.233
kin_test_track_a_01031,– ifoto ya gitwaza ari kumwe n’abana yavugishije benshi,surprise,disgust,0.245,0.1,0.103,0.053,0.286,0.109
kin_test_track_a_01032,ndashaka guhemba aba follows 200+ bambere✨ twagiye uko ukora follow usige number ya momo muri comment 😍 twagiye @<username> 🙈🙈🙈,none,anger+surprise,0.6,0.005,0.108,0.094,0.333,0.159
kin_test_track_a_01033,yongeyeho ko kuba yarabuze umusore wamuteye inda byamugizeho ingaruka kuko se wabo yamubwiye ko nta kintu na kimwe azigera amufasha mu buzima bwe.,sadness,fear+sadness+surprise,0.106,0.004,0.297,0.251,0.685,0.19
kin_test_track_a_01034,hari n’ubwo ubikorerwa ukabura ibimeyetso ntube watanga ikibazo ariko ukaba watanga ubuhamya bukangura abandi.,sadness,fear+sadness+surprise,0.075,0.006,0.231,0.152,0.658,0.225
kin_test_track_a_01035,"ibyo byose babizi neza, ntibisaba ubwenge bwinshi kumva ko guverinoma iyo ari yo yose izirikana inshingano zayo, ituranye n’ahantu hari umutekano muke kandi hari icyuho cy’imiyoborere, huzuye imitwe yitwaje intwaro, irimo n’umwe wiyemeje kwica abaturage bayo, ifite inshingano, ikoresheje uburyo mpuzamahanga, zo kurinda umutekano w’abaturage, by’umwihariko mu gihe iyo mitwe yitwaje intwaro ifashwa byeruye n’ingabo za leta.",none,fear,0.145,0.002,0.195,0.363,0.537,0.107
kin_test_track_a_01036,mu mana biremera wanjye ngaho niba utari umupagani shima imana kandi utagenda utagize icyo uvuga urakoze nyagasani amen🙏🙏🙏 ##url##,none,joy,0.259,0.003,0.063,0.605,0.188,0.039
kin_test_track_a_01037,"yavuze ko nibura mu kwezi kuri ubu ibimene by’ibirahure byo mu mujyi wa nyamata hafi ya hose abikusanya, akabibakiza nk’umwanda.",joy,fear+sadness+surprise,0.086,0.005,0.305,0.213,0.696,0.224
kin_test_track_a_01040,@<username> ubundi umujura nyawe iyo abuze icyo yiba ashaka na po umwana yitumyemo,none,anger,0.626,0.033,0.069,0.071,0.202,0.054
kin_test_track_a_01041,ngo yakomeje gukora muri urwo rugo ariko nyuma aza kuhava yerekeza i nyanza ari na bwo abana bato bo muri rwa rugo yakoragamo baje kubwira ababyeyi ko bigeze kubona afite uruhinja mu cyumba cye.,surprise,fear+sadness+surprise,0.112,0.004,0.305,0.201,0.69,0.211
kin_test_track_a_01042,"ibyo iyo bije turunguka nk’igihugu, tukagira amabanki akora kinyamwuga.”",joy,none,0.287,0.032,0.092,0.048,0.28,0.12
kin_test_track_a_01044,"iyo abihamijwe n’urukiko, ahanishwa igifungo kitari munsi y’imyaka irindwi ariko kitarenze imyaka icumi n’ihazabu y’amafaranga y’u rwanda yikubye inshuro kuva kuri eshatu kugeza kuri eshanu z’agaciro k’umutungo adashobora kugaragaza aho yawubonye mu buryo bwemewe n’amategeko.",none,fear+sadness+surprise,0.097,0.003,0.233,0.297,0.628,0.154
kin_test_track_a_01045,"ku munota wa 62, vyamungu yongeye gucomekera umupira nduwimana ariko umunyezamu kalyowa arasohoka awukuraho ndetse umusifuzi avuga ko nta kosa ryatuma atanga penaliti ryabayeho.",none,fear+sadness+surprise,0.103,0.004,0.293,0.214,0.682,0.211
kin_test_track_a_01047,"naho mu babikoresha bose, hafi kimwe cya kabiri baba barwaye hépatite c, miliyoni 1.4 baba bafite agakoko gatera sida, mu gihe miliyoni 1.2 baba bafite izo ndwara zombi.",fear+sadness,fear+sadness+surprise,0.112,0.003,0.242,0.312,0.623,0.155
kin_test_track_a_01049,uwambajimana valentine ukurikiranyweho gucuruza ibiyobyabwenge nyuma yo gufatanwa udupfunyika 889 tw’urumogi we aramutse ahamijwe iki cyaha n’urukiko yahanwa n’ingingo ya 11 y’itegeko nimero 69/2019 ryo ku wa 08 ugushyingo 2019 rihindura itegeko nimero 68/2018 ryo ku wa 30 kanama 2018 riteganya ibyaha n’ibihano muri rusange.,sadness,joy,0.14,0.002,0.168,0.423,0.515,0.104
kin_test_track_a_01050,ibimeme bye biranuka wagirango ntazi koga,disgust,disgust+surprise,0.13,0.326,0.122,0.037,0.26,0.161
kin_test_track_a_01051,ati “duhangayikishijwe n’umubare munini w’impunzi uri mu bituma imiryango myinshi irushaho gusonza.”,fear,fear+surprise,0.215,0.002,0.186,0.216,0.519,0.164
kin_test_track_a_01052,munyakazi avuga ko hakenewe ingamba zikomeye kugira ngo ikibazo cy’ibirayi kibashe gukemuka burundu.,none,fear+sadness+surprise,0.095,0.004,0.285,0.205,0.677,0.209
kin_test_track_a_01054,"iki kigo cyasozanyije abana 102 mu y’inshuke bagiye mu abanza, usibye babiri bahuye n’uburwayi butuma badakomeza.",joy+sadness,fear+sadness+surprise,0.076,0.004,0.203,0.277,0.605,0.158
kin_test_track_a_01055,urunuka n’urwawe wa mabyi we.,anger+disgust,disgust,0.11,0.956,0.079,0.084,0.098,0.078
kin_test_track_a_01056,"imana ikomeze abasigaye b’umuryango we, abo basenganaga, urubyiruko n’abandi bose ubutumwa bwe bwafashije.",sadness,fear+sadness,0.104,0.003,0.182,0.282,0.552,0.13
kin_test_track_a_01057,"ati “hari ibihe bidasanzwe byabaye nko mu myaka itanu ishize, umugore wanjye yarwaye indwara kugeza n’ubu tutarabasha kumenya iyo ariyo, yararwaye bikomeye, umubiri wose urabora.",sadness,fear+sadness+surprise,0.202,0.002,0.235,0.22,0.618,0.151
kin_test_track_a_01059,abakunzi ba ruhago bagiye kwica inyoni ebyiri n’ibuye rimwe,joy,disgust,0.176,0.958,0.078,0.075,0.083,0.073
kin_test_track_a_01061,"muri make, himbara araburana urwa ndanze!",none,disgust,0.185,0.938,0.069,0.066,0.078,0.061
kin_test_track_a_01062,@<username> ibyo uvuze nukuri kuzuye 🙏🙏 #ripmagufuli nyagasani akwiyereke iteka 😭😭💔💔💔 ##url##,sadness,anger,0.61,0.004,0.062,0.221,0.21,0.052
kin_test_track_a_01063,"yari kumwe n’umuyobozi w’urugaga rw’abahinzi-borozi, imbaraga, munyakazi jean paul, umuyobozi ushinzwe ubugenzuzi mu kigo gishinzwe ubugenzuzi, ihiganwa mu bucuruzi no kurengera umuguzi, niragire ildephonse n’umuhinzi, kantesi odette.",none,joy,0.103,0.002,0.177,0.395,0.538,0.105
kin_test_track_a_01064,"twabanye nabo, bambwira ko akazi ngomba gukora ako ako gutara amakuru nkayababwira.’’",none,surprise,0.219,0.013,0.154,0.066,0.422,0.213
kin_test_track_a_01066,"umuryango uhuza ibihugu byo mu burengerazuba bwa afurika, cedeao uherutse kugaragaza ko ibiganiro bya dipolomasi bisakunze ushobora kohereza ingabo zawo muri niger gusubiza ku butegetsi perezida mohamed bazoum.",none,fear+sadness+surprise,0.121,0.003,0.29,0.263,0.669,0.165
kin_test_track_a_01067,@<username> 😉🙄 basi waba uzi ko kimwe mu bintu ntajya nkora ari ukubeshya?😊🙆 basi bimenye ubu..,none,anger,0.671,0.005,0.076,0.114,0.259,0.078
kin_test_track_a_01068,"hari amakuru avuga ko bijoux yambitswe iyi mpeta atunguwe bityo akanga gusebya uyu musore bari basanzwe baziranye ariko bitaragera ku rwego rwo kubana, uyu mukobwa nyuma yo kuyambikwa yagerageje gukundana na abijuru bya nyabyo biza kwanga.",sadness,fear+sadness+surprise,0.094,0.006,0.329,0.188,0.72,0.241
kin_test_track_a_01069,"yavuze ko bemeye gusubira inyuma kubera ko bashaka amahoro, ariko mu gihe ibyo byabaga, abasivili basigaye inyuma bakomeje kwicwa.",sadness,fear+sadness+surprise,0.107,0.004,0.305,0.23,0.692,0.197
kin_test_track_a_01071,"muri iyi minsi hari ikintu cy’ihungabana, iyo rero nk’uwarokotse jenoside afite ubukene, ibikomere yatewe na jenoside birushaho gukomera.”",sadness,fear+sadness+surprise,0.13,0.002,0.185,0.223,0.546,0.156
kin_test_track_a_01072,@<username> @<username> @<username> @<username> @<username> @<username> @<username> birashoboka se ?gusa ikibazo cyo kirahari ariko niba bigeze aha?turakomerewe,fear+sadness,anger,0.699,0.008,0.066,0.12,0.207,0.048
kin_test_track_a_01074,"ni ikimenyetso cy’uko ubutabera bwatsinze umuco wo kudahana ubugome, ubumwe bwatsinze amacakubiri, ugukunda igihugu byatsinze urwango.",joy,fear+sadness,0.115,0.002,0.197,0.359,0.554,0.118
kin_test_track_a_01076,kambwire uriya musirikare antize i mbunda ndebeko narasa resani yo kupantaro yanjye yanze gufunguka... ....,surprise,fear+sadness+surprise,0.121,0.003,0.209,0.19,0.604,0.184
kin_test_track_a_01077,"ati “mwadukorera ubuvugizi kuko hari n’abana b’abakobwa bagiye bajya kugikoramo hashira iminsi bakabatera inda, nk’ubu rwose hari abana b’abaturanyi banjye babiri bagiye kugikoramo babatera inda ubu barabyaye bicaye iwabo.”",sadness,fear+sadness+surprise,0.22,0.002,0.237,0.162,0.612,0.187
kin_test_track_a_01078,ubuzima bwarakomeye kugezaho umuntu atinya kurya amafaranga yo kurya 😢 ##url##,sadness,anger,0.541,0.003,0.087,0.135,0.31,0.085
kin_test_track_a_01079,@<username> erega ntago amafaranga ari yo atwara zilige mwana 🤣🤣🤣🤣🤣 n'ubwo bagura n'ibivejuru gutwara champions league byo bibari kure,none,anger+surprise,0.65,0.008,0.109,0.078,0.327,0.161
kin_test_track_a_01081,uyu muyobozi yakomeje avuga ko inzego z’ibanze zari zaregereye uyu muryango zibagira inama yo kuboneza urubyaro umugore ngo ajya no kwa muganga bamushyiramo agapira ariko ngo nyuma y’ukwezi yahise agakuramo afatanyije n’umugabo we.,none,fear+sadness+surprise,0.102,0.005,0.306,0.178,0.704,0.219
kin_test_track_a_01083,"bahere ku bifi binini kuko ni nabo banyirabayazana.""",anger,fear+sadness+surprise,0.296,0.003,0.205,0.134,0.568,0.173
kin_test_track_a_01084,@<username> @<username> @<username> hari ubwo abantu bihererana utwana nyamara!,sadness,anger,0.64,0.02,0.061,0.073,0.201,0.048
kin_test_track_a_01085,ufite ubwisungane mu kwivuza #musa nturembera mu rugo #musa save life @<username> @<username> @<username> @<username> @<username> @<username> @<username> ##url##,none,joy,0.212,0.007,0.049,0.629,0.143,0.033
kin_test_track_a_01086,"twabyanze, ntabwo twakora imyitozo batayatwishyura.”",anger,disgust,0.241,0.131,0.079,0.054,0.205,0.074
kin_test_track_a_01087,aba bombi bari bagiye gukora impanuka nyuma yo kwirukankanwa muri uyu mujyi n’abanyamakuru bashakaga kubafotora.,sadness,fear+sadness+surprise,0.073,0.007,0.266,0.147,0.674,0.271
kin_test_track_a_01088,@<username> iyo watangiye kwibaza ibibazo nkibyo kaba kabaye ndakurahiye bagusabire ahubwo nibura uyu mwaka ntugusige,fear,anger,0.699,0.01,0.081,0.083,0.252,0.067
kin_test_track_a_01089,ugasanga umunsi umwe ubonye bonus yo kujya muri hotel/motel uragiye urayizenguritse wifotoza nkaho ari wowe boss waho wisubireho,anger,none,0.412,0.002,0.09,0.267,0.281,0.069
kin_test_track_a_01090,"mu gihe twizihiza uku kwezi ko kwibohora, dukwiriye kumva ko kurera ari ingenzi cyane mu kugena ahazaza h’igihugu cyacu.",none,fear+joy,0.12,0.002,0.188,0.442,0.53,0.102
kin_test_track_a_01091,ibi ntibivuze ko abakunzi ba apr fc bagiye kuryoherwa n’ibyo mvuze?,none,fear+surprise,0.257,0.008,0.185,0.081,0.492,0.272
kin_test_track_a_01092,"ibibazo byatewe n’ubukoloni, ibyatewe na apartheid n’ibindi, byagarutsweho, humvikanishwa ko u burusiya nta ruhare na ruto rwabigizemo, ko ahubwo abanyaburayi na amerika batsikamiye afurika.",none,fear+sadness,0.113,0.002,0.211,0.35,0.581,0.121
kin_test_track_a_01093,"kanseri ni indwara yiyongera umunsi ku wundi ku isi ku buryo nko mu 2020 hatahuwe abagera kuri miliyoni 18 basanzwemo iyi ndwara bwa mbere, mu gihe muri amerika honyine abagera kuri miliyoni ebyiri bayisanzwemo bwa mbere.",fear,fear+sadness+surprise,0.088,0.005,0.27,0.241,0.676,0.196
kin_test_track_a_01096,"mukuru w’uyu mugabo wishe se we yagize ati “umwana yaje kutubwira ngo dutabare umusaza ari kumuniga nibwo nahageze nsanga abaturage bahuruye ari benshi, nibwo nasanze murumuna wanjye yikingiranye yanze gusohoka noneho ntangira kurwana no kugira ngo adacika ku buryo nabonye ko muzehe yapfuye nyuma.”",sadness,fear+sadness+surprise,0.165,0.003,0.303,0.199,0.684,0.199
kin_test_track_a_01097,"nta gikwirakwiza amacakubiri nk’iki ng’iki, ngo gushyingira uwo mudahuje idini ni icyaha!",anger,disgust,0.142,0.405,0.086,0.033,0.176,0.128
kin_test_track_a_01099,"bitewe n’uko aba bari bamaze igihe gito batandukanye, byabaye inkuru kuba bahuriye mu mashusho y’indirimbo y’urukundo bituma inkuru yayo yihuta cyane.",surprise,fear+sadness+surprise,0.082,0.004,0.234,0.261,0.632,0.166
kin_test_track_a_01100,uyu muyobozi yashimangiye ko aba bana bashyinguwe kuri uyu wa kane aboneraho kwihanganisha imiryango yabo no gusaba ababyeyi kujya bamenya neza aho abana babo baba baherereye no kujya birinda ko bijyana mu kwirinda ko bahura n’ibyago nk’ibyo.,sadness,fear+sadness+surprise,0.087,0.006,0.323,0.203,0.712,0.247
kin_test_track_a_01102,kalisa adolphe turakwishimiye cyane kuko umenyereye umupira wu rwanda kd abantu baguhe umwanya kuko ndazi ko nukorana neze na comite nyobozi uzakosora byishi kuko ndabizi neza ko uzi aho byapfiraga baguhe umwanya,joy,surprise,0.332,0.002,0.175,0.214,0.478,0.142
kin_test_track_a_01103,minisitiri w’ububanyi n’amahanga nkuko byari byabivuzwe mu nama rusange yaratuvugishije kugira ngo hemezwe umunsi azabuzaniraho ariko nyuma baje kuvuga ngo ‘imikino n’ubundi ni iyanyu ntabwo akeneye ubutumire.”,none,fear+sadness+surprise,0.196,0.003,0.263,0.143,0.617,0.249
kin_test_track_a_01105,umusaruro w’izi ngabo kandi wanenzwe na bamwe mu rwanda mu 1994 ubwo zari zahoherejwe kubungabunga amahoro ariko hakaba jenoside zirebera.,sadness,fear+sadness+surprise,0.102,0.003,0.252,0.235,0.655,0.186
kin_test_track_a_01107,"@<username> kizz daniel se ko afungiwe mubaturanyi , ubwo umuntu wafunzwe uyu munsi azaba ari tayari in 5 days ?",fear,anger,0.712,0.01,0.084,0.069,0.27,0.088
kin_test_track_a_01108,"ariko imashini yahitaga itubwira iti nsanze igifitanye isano na byo ari abakaraba intoki ntabwo ari agapfukamunwa, noneho rbc igahita ijyana ingamba iti nyabuneka nimukarabe intoki.”",anger,fear+sadness+surprise,0.138,0.003,0.294,0.169,0.676,0.217
kin_test_track_a_01109,"@<username> @<username> ni psychological abnormal shifting y,ibibazo byawe ku bandi uzacunge @<username> na @<username> ako kantu barakagira ko guhora bumva banzwe",sadness,anger,0.677,0.007,0.068,0.142,0.212,0.046
kin_test_track_a_01110,pasteur. ntimukanywe inzoga dore nabanzi banyu yesu ati nimukunde abanzi banyu. nonese ngewe ndinde wokutumvira yesu..nibaribyo nyihera like 🕵🕵,none,anger,0.534,0.002,0.072,0.304,0.22,0.049
kin_test_track_a_01111,abajyanama b’ubuzima baganirijwe ku budasa mu guhangana na covid-19 ndetse n’uruhare rwabo muri ubu bukangurambaga #operationcovidfree #sindohoka @<username> @<username> ##url## ##url##,none,joy,0.15,0.008,0.068,0.803,0.168,0.048
kin_test_track_a_01112,ashwi da! bakoresha ibendera ry'u rwanda risanzwe. bariya se bakurahe ibendera? ry'ikihe gihugu se? nta benders ry'inzererezi ribaho. ##url##,anger,joy,0.283,0.002,0.07,0.579,0.21,0.041
kin_test_track_a_01113,iyi nama kandi izanaganira ku kibazo cy’amahanga akomeza kwivanga mu bibazo bya afurika bigatuma n’ingamba zifashwe n’abanyafurika zitagerwaho kuko haba hari abantu bari inyuma basunika mu nyungu zabo..,anger,fear+sadness+surprise,0.122,0.004,0.303,0.209,0.693,0.187
kin_test_track_a_01114,yavuze kandi ko ari imbogamizi kuko atabasha gutembera mu ntara na moto ye yisanzuye.,sadness,fear+sadness+surprise,0.071,0.008,0.29,0.201,0.686,0.251
kin_test_track_a_01115,niba wibuka neza mu myaka irindwi ishize mu karere ka kayonza hakunze kuvugwa abaturage benshi basuhutse kubera amapfa.,sadness,fear+sadness+surprise,0.094,0.003,0.206,0.304,0.606,0.145
kin_test_track_a_01117,ninge mu jeunes umeze neza👍 munsi yubutayu bwa sahara😂🤣🤣🤣,joy,anger+surprise,0.555,0.007,0.114,0.077,0.315,0.187
kin_test_track_a_01119,"mu gihe trump anenga biden, inzego z’ubutabera zikomeje gukurikirana uwo wahoze ari perezida ku byaha birimo uburyo yafashe nabi inyandiko zirimo amabanga ya leta n’ibindi byaha bishobora gusiga afunzwe imyaka n’imyaka muri gereza.",fear,fear+sadness+surprise,0.099,0.004,0.285,0.205,0.687,0.199
kin_test_track_a_01120,ubutabera bwafashe icyo cyemezo nyuma y’imyaka myinshi padiri munyeshyaka ashinjwa ibyaha bya jenoside.,none,fear+sadness+surprise,0.072,0.005,0.253,0.201,0.656,0.225
kin_test_track_a_01121,"ugereranyije n’ubwiyongere bw’abaturage, abashora imari mu kubaka inzu ziciriritse n’iz’ubucuruzi baba bake.",fear,none,0.115,0.002,0.151,0.282,0.47,0.111
kin_test_track_a_01123,@<username> @<username> ntago ari bubisome wikwirushya bro 😂,none,anger,0.682,0.015,0.07,0.063,0.227,0.072
kin_test_track_a_01125,"ibaruwa kaminuza y’u rwanda yanyujije ku rubuga rwayo rwa twitter yashyizweho umukono n’umuyobozi mukuru wayo, dr didas kayihura muganga, ivuga ko aba banyeshuri bimuwe ku mpamvu z’uko ari ryo shuri ribarizwa muri cbe ryari risigaye ryonyine i nyagatare.",none,fear+sadness+surprise,0.107,0.003,0.251,0.32,0.632,0.148
kin_test_track_a_01126,@<username> oya. ndizera ko na we yabyumva kuko byaba bimeze nko gusimbukira mu mazi arimo ingona uri kuzibona zasamye,none,anger,0.641,0.006,0.082,0.111,0.286,0.064
kin_test_track_a_01127,"bro ushobora kwiyahura ugapfa, ex wawe akaza kugushyingura ari kumwe na boyfriend we mushyashya😒 njye bimaze kumbaho kabiri😭😭. @<username> 💋💋",sadness,anger,0.559,0.003,0.107,0.124,0.364,0.134
kin_test_track_a_01128,"ati “duhura na bpn twari dufite abakozi batandatu bahoraho ariko ubu tugeze kuri 20 bahoraho kandi haba no mu micururize ubona ko ikigo cyacu cyazamutse, batwigishije ko ikigo tutagishinze ku bwacu ahubwo ari ku bw’umukiliya.",joy,fear+sadness+surprise,0.219,0.002,0.255,0.24,0.624,0.149
kin_test_track_a_01130,"imana yumve amasengesho yawe, kandi utangire kubona ibyo wasengeye. umunsi mwiza.",none,joy,0.145,0.006,0.058,0.652,0.193,0.037
kin_test_track_a_01131,bavuga ko ibi bibagiraho ingaruka kuko bahora barwaye indwara zitandukanye zirimo inzoka n’ibicurane bya buri gihe baboneraho gusaba ubuyobozi kubafasha kugira ngo na bo babone amazi meza.,sadness,fear+sadness+surprise,0.125,0.003,0.312,0.23,0.692,0.188
kin_test_track_a_01132,"kugeza ubu abantu batatu ni bo bakomeretse bikabije, abandi bo ni ibikomere byoroheje.”",sadness,surprise,0.244,0.006,0.172,0.096,0.494,0.196
kin_test_track_a_01134,"ku mpungenge zigaragarizwa abantu bafite ubumuga bw’uruhu ko ari bake hakaba hatanazwi neza umubare wabo bigatuma ibigo nderabuzima bidatumiza ayo mavuta kuri farumasi z’akarere, ndayisaba yavuze ko byakabaye binatumiza make ariko uyakeneye yahagera ntayabure.",sadness,fear+sadness+surprise,0.119,0.005,0.316,0.183,0.715,0.2
kin_test_track_a_01135,@<username> @<username> eeeh imana izagutwika ku munsi w'imperuka pe,none,anger,0.616,0.025,0.064,0.082,0.196,0.045
kin_test_track_a_01136,mf iziko yasibye ep ya @<username> kuri youtube nizibeshye go ikadagire muri kkblock😤😤 #seriously #rwanda,sadness,anger,0.701,0.007,0.073,0.104,0.244,0.065
kin_test_track_a_01137,yabasabye kandi kwirinda ubushoreke n’ubusambanyi ngo kuko nabyo bishobora kubakururira ibyago.,fear,fear+sadness+surprise,0.084,0.007,0.305,0.168,0.688,0.256
kin_test_track_a_01138,izi zo urebye nabi zanakurya da! ##url##,fear,none,0.418,0.02,0.05,0.179,0.164,0.032
kin_test_track_a_01139,"yaba aho yakanguriye abantu batandukanye kwica abatutsi, aho ubwe yabyikoreye, ku byaha bya jenoside amategeko yo mu bufaransa ateganya ko uhanwa nk’aho ari wowe bwite wakoze icyaha.",sadness,fear+sadness+surprise,0.107,0.005,0.303,0.174,0.707,0.21
kin_test_track_a_01141,nyagasani mana wakwisubije ibitsina waduhaye ko bikomeje kuduteza ibibazo koko.,none,fear+sadness+surprise,0.068,0.008,0.296,0.172,0.69,0.264
kin_test_track_a_01142,kugira icyo ugeraho nugukora cyane rubyiruko dukore buri kimwe nibwo tuzatera imbere. ##url##,none,joy,0.226,0.003,0.065,0.655,0.186,0.038
kin_test_track_a_01143,"umuvugizi wa polisi mu ntara y’iburengerazuba, sp bonaventure twizere karekezi, yavuze ko kugira ngo bafatwe byaturutse ku makuru yatanzwe n’abaturage.",joy,fear+sadness+surprise,0.101,0.004,0.292,0.208,0.693,0.205
kin_test_track_a_01144,"ramjaane joshua yatanze urugero rw’ibyo yakijijwe, birimo kunywa itabi n’urumogi yanywaga yahishe abo mu rugo iwabo.",joy,fear+sadness+surprise,0.071,0.006,0.261,0.18,0.682,0.228
kin_test_track_a_01145,"umuyobozi mukuru wa airtel rwanda, emmanuel hamez, yavuze ko mu myaka mike iri imbere nta telefoni zikoresha sim card zifatika (physical sim cards) zizaba zigisohoka, asaba abaturage gutangira kwimenyereza izi z’ikoranabuhanga.",none,joy,0.131,0.003,0.113,0.677,0.338,0.058
kin_test_track_a_01146,bamwe bahise bibaza impamvu umuntu ashobora kurega leta ndetse n’icyo bisaba ngo umuturage abe yarega leta.,fear,fear+sadness+surprise,0.107,0.007,0.27,0.114,0.686,0.251
kin_test_track_a_01147,@<username> izuba ryamanutse! wihangane nugutera agatebe muri douche ariko bitari ukoga ahubwo kwibobeza just!,none,anger,0.7,0.008,0.075,0.11,0.233,0.054
kin_test_track_a_01148,"@<username> @<username> umusaza ninawe waduhaga show kera mu muziki akazana ibyamamare, bivuzeko za gishuti z'amavubi zajya ziba zikaze.",joy,anger,0.547,0.004,0.059,0.273,0.204,0.035
kin_test_track_a_01151,aha uyu musore yanafashwe amafoto yambaye ubusa.,sadness,disgust,0.177,0.854,0.071,0.086,0.107,0.066
kin_test_track_a_01152,"impala imaze gucikamo ibice bibiri, bose bahise bacika intege kuko indirimbo bahimbye muri icyo gihe zitakunzwe, bikaza gutuma n’ubundi bahagarika umuziki burundu.",sadness,fear+sadness,0.124,0.002,0.206,0.245,0.588,0.134
kin_test_track_a_01153,yakomeje agira ati “ni icyorezo gituma umwuga wacu uta agaciro n’ubutabera bugata agaciro ku buryo ari ikintu gikwiye kurwanywa twivuye inyuma kand dufatanyije n’abo dufatanyije mu rwego rw’ubutabera bikaba byagabanyuka uko bishoboka byose.”,sadness,fear+sadness+surprise,0.227,0.003,0.278,0.142,0.61,0.258
kin_test_track_a_01154,"ni ibihe biba bigoye byo kwibuka ubuzima bw’abantu baguye muri icyo gihe, ibihe banyuzemo n’icyo bazize, aba ari ibihe bikomeye kandi bitoroshye.”",sadness,fear+sadness+surprise,0.124,0.003,0.245,0.205,0.636,0.177
kin_test_track_a_01156,@<username> ndashaka kuzareba umuntu uha ruswa ngo ujue mu ijuru 😂😂😂😂😂😂,none,anger+surprise,0.641,0.012,0.097,0.063,0.299,0.15
kin_test_track_a_01157,@<username> sha nukuri urugero rwiza niwoe ark baba bavuga ukuri,none,anger,0.638,0.021,0.077,0.072,0.238,0.062
kin_test_track_a_01158,"visi perezida wa ibuka mu karere ka nyarugenge, nduwawe denyse, yasabye abafite amakuru y’abishwe bakajugunywa muri nyabarongo kuyatanga.",anger+sadness,fear+sadness+surprise,0.09,0.005,0.276,0.216,0.683,0.206
kin_test_track_a_01161,umuryango w’ubumwe bw’u burayi na wo washimangiye ko wifatanyije n’umuryango wa #lgbtiq.,none,fear+sadness+surprise,0.064,0.008,0.249,0.173,0.656,0.241
kin_test_track_a_01163,"ni ubushakashatsi prof. paul dawson yakoze ari kumwe n’itsinda ry’abanyeshyuri yigishaga, ashaka kubereka ko ari ngombwa gutekereza byimbitse ku buziranenge bw’ibiribwa, aho bwagaragaje ko guhuha iyo buji byongera bagiteri ku mutsima, ku kigero cya 1400%.",fear,joy,0.131,0.002,0.16,0.497,0.472,0.082
kin_test_track_a_01165,"umwarimu w’bijyanye n’ubumenyi bw’ikirere muri kaminuza ya chicago, noboru nakamura, ahamya ko ibyabaga byitezwe ko bishobora kuba mu myaka 1000 bishobora kuzajya bibaho buri myaka 20 mu gihe ikirere kitabungabunzwe nk’uko bikwiye.",fear,fear+sadness+surprise,0.107,0.003,0.259,0.289,0.647,0.154
kin_test_track_a_01166,umusa reka dushake ama frw kuko ibyo indaya y'umusaza rukukuri inkoreye muri bar nagahuma munywa😭😭😭 ##url##,anger+sadness,anger,0.594,0.003,0.083,0.182,0.276,0.082
kin_test_track_a_01167,ni inyito ikura ibirari byayo ahasaga mu wa 1120.,none,disgust,0.1,0.586,0.094,0.063,0.161,0.108
kin_test_track_a_01168,uyu munsi ndumva urampa follow ndahita nyimusubiza ntabwo biragombera ejo ndahari wese,none,fear+sadness+surprise,0.184,0.005,0.24,0.121,0.562,0.307
kin_test_track_a_01169,@<username> uyumunsi hashize iminsi 26 mwarahagaritse amafaranga yayobye mwanze kuyagarura aho yaturutse nyamara mujya muhemuka muri computability ibyo mukora ntibibaho,anger,anger+joy,0.515,0.004,0.053,0.406,0.165,0.033
kin_test_track_a_01170,"mu mpamvu yavuze zatumye ikipe ye itsindwa, haringingo yashyizemo ikibazo cy’umunaniro watewe n’imikino baheruka gukina.",sadness,fear+sadness+surprise,0.072,0.005,0.233,0.232,0.648,0.191
kin_test_track_a_01172,iyo bavuze ishyano wumva iki?,none,disgust,0.233,0.954,0.07,0.067,0.071,0.073
kin_test_track_a_01173,"ku rundi ruhande, mbirizi eric yari hasi ndetse ntiyagize umwaka ushize mwiza, ku buryo bigoye kumwitegaho byinshi kuri iyi nshuro nubwo abakinnyi bari gusoza amasezerano bamera nk’abiyuburuye.",sadness,joy,0.104,0.002,0.156,0.483,0.486,0.091
kin_test_track_a_01175,gukomera kw’iki kibazo kwashimangiwe n’uko uyu mukinnyi w’umunyarwanda yagombye kujyanwa ahavurirwa indembe nyuma yo gukomerekera muri iyo mirwano.,sadness,fear+sadness+surprise,0.081,0.005,0.253,0.176,0.67,0.234
kin_test_track_a_01176,"akimara kumenya ko arwaye gutya, yarihebye bikomeye atangira gushaka abakozi b’imana ngo bamusengere.",sadness,fear+sadness+surprise,0.084,0.006,0.313,0.196,0.702,0.234
kin_test_track_a_01177,"ubundi aya masezerano yemejwe n’inama y’abakuru b’ibihugu n’aba za guverinoma z’ibihugu bigize umuryango w’ubumwe bwa afurika, yateraniye i maputo muri mozambique ku wa 11 nyakanga 2003 yemezwa burundu n’iteka rya perezida nimero 11/1/ ryo ku wa 24 kamena 2004.",none,fear+sadness+surprise,0.122,0.003,0.238,0.225,0.629,0.167
kin_test_track_a_01178,"ubushakashatsi bugaragaza ko hazakomeza kugenda habaho itakazagaciro k’ifaranga hirya no hino ku isi, hakabaho ikibazo cy’uko ubukungu buzajya buzamuka ku gipimo cyo hasi, ibibazo bishingiye ku bukungu n’ibura ry’ibicuruzwa kikarushaho kuba ingorabahizi.",fear+sadness,fear+sadness+surprise,0.112,0.004,0.282,0.284,0.666,0.165
kin_test_track_a_01179,umva nubwo inzonzi zibeshya ariko haribyo zitakwereka wari warota umukobwa yaguhaye amafaranga mbajije abasore?,none,fear+sadness+surprise,0.251,0.006,0.266,0.099,0.586,0.363
kin_test_track_a_01180,"hategekimana philippe ‘manier’ aregwa ibyaha bya jenoside yakorewe abatutsi ashinjwa ko yakoreye ku misozi itandukanye y’i nyanza, akanaregwa ubufatanyacyaha mu byaha byibasiye inyoko muntu",sadness,fear+sadness+surprise,0.157,0.002,0.229,0.202,0.611,0.168
kin_test_track_a_01182,"abagiye mu majyepfo bibuka ivumbi ry’i nyaruguru, ku buryo umuntu yakandagiraga rikamugera mu matwi!",surprise,fear+sadness+surprise,0.176,0.015,0.22,0.081,0.543,0.321
kin_test_track_a_01183,etienne naramubwiye ngo ntazane umugore yanga kunyumva murashaka ko azakora divorce mwabarezi mwe? ##url##,anger,none,0.474,0.002,0.13,0.173,0.39,0.109
kin_test_track_a_01184,ni ku nshuro ya kabiri muri icyo cyumweru umurwa mukuru w’u burusiya wari ugabweho ibitero bya drones.,none,fear+sadness+surprise,0.059,0.01,0.265,0.186,0.666,0.254
kin_test_track_a_01185,ese kuki abakozi bo murugo bakunda kwirukanwa cyane iyo hamwe mugace bakomokamo hashyizwe muri guma mukarere ? @<username> @<username>,sadness,joy,0.245,0.007,0.057,0.72,0.142,0.041
kin_test_track_a_01186,@<username> @<username> @<username> 😜😜😜😜abeza bose baba batutuka bigogwe erega nawe urabizi,none,anger,0.693,0.009,0.07,0.09,0.227,0.063
kin_test_track_a_01187,urugero rwa hafi ni uko uyu musore ari we wanafashe amashusho n’amafoto y’igitaramo davido aherutse gukorera i boston.,none,joy,0.13,0.002,0.126,0.434,0.425,0.084
kin_test_track_a_01188,@<username> @<username> @<username> @<username> @<username> @<username> @<username> nuko nuko wamfura we🙏,joy,none,0.433,0.005,0.046,0.369,0.151,0.031
kin_test_track_a_01189,iyi ngingo yakunze kutavugwaho rumwe mu bihe bitandukanye ku buryo hari n’abayobozi bo mu nzego za leta bagaragaza ko inkwano iri mu bituma umusore n’umukobwa iyo bamaze kurushinga babaho nabi kubera kumarira amafaranga menshi mu bukwe hakiyongeraho n’inkwano iremereye iba yatanzwe.,sadness,fear+sadness+surprise,0.107,0.004,0.293,0.266,0.68,0.178
kin_test_track_a_01190,"minisitiri w’imari, janet yellen, yagiriye uruzinduko mu bushinwa nyuma y’iminsi mike, mugenzi we ushinzwe ububanyi n’amahanga muri amerika, anthony blinken avuye muri iki gihugu mu ruzinduko rwasize anagiranye ibiganiro na perezida xi jinping.",none,joy,0.1,0.003,0.171,0.402,0.528,0.104
kin_test_track_a_01191,"iki kinyamakuru kigaragaza ko iyi ndwara yibasira ab’igitsina gore kurusha ab’igitsina gabo nubwo nta mpamvu yabyo izwi, ariko ngo abashakashatsi bagaragaje ko bishoboka ko imisemburo ya estrogen na progesterone ingana mu mibiri yabo ariko igakora mu buryo butandukanye ibigiramo uruhare.",sadness,fear+sadness+surprise,0.11,0.004,0.318,0.25,0.691,0.194
kin_test_track_a_01193,icyakora mu myaka yo hambere umuntu yashoboraga kumara iminsi runaka adakoresheje ibi bikoresho dore ko byari bizwi na bake abo twitaga ko bakandagiye mu ishuri.,none,fear+sadness+surprise,0.124,0.004,0.305,0.213,0.695,0.19
kin_test_track_a_01196,"umwe mu babyeyi bafite abana bakina karate, karamba jean claude, yavuze ko uyu mukino wafashije cyane abana be babiri bawurimo, asaba n’abandi babyeyi kujya baha umwanya abana babo bakagira imikino bitabira.",joy,fear+sadness+surprise,0.113,0.004,0.291,0.24,0.681,0.178
kin_test_track_a_01197,"yageze n’aho atanga nimero ya telefoni ye, ariko inshuro nyinshi yabwiwe ko yataha mu rwanda akaba ariho afashirizwa, yashwishurije uyu musore baganiraga.",sadness,fear+sadness+surprise,0.102,0.004,0.232,0.209,0.649,0.166
kin_test_track_a_01198,bivugwa ko iran yarashe kuri ubwo bwato ishaka kubutwara.,sadness,fear+sadness+surprise,0.064,0.012,0.303,0.151,0.69,0.292
kin_test_track_a_01199,ubu bukwe bwabaye mu ibanga rikomeye dore ko aba bombi nta mpapuro bigeze batanga zisaba gushyingiranwa mu buryo bwemewe n’amategeko.,surprise,fear+sadness+surprise,0.101,0.004,0.28,0.178,0.681,0.226
kin_test_track_a_01200,"bivugwa ko bamukomerekeje mu mutwe, bakanamuvuna imbavu.",sadness,fear+sadness+surprise,0.096,0.005,0.266,0.15,0.642,0.23
kin_test_track_a_01202,@<username> @<username> aya mata ko aryoshye 😅,none,anger,0.65,0.013,0.063,0.075,0.215,0.058
kin_test_track_a_01205,"uribaza uko uzaba wangije izina ryawe n’abakiliya bayobye bisobanuye ngo hari ingaruka nyinshi mu kutarinda izina ryawe.""",anger,fear+sadness+surprise,0.229,0.004,0.249,0.113,0.594,0.256
kin_test_track_a_01206,yavuze ko ikindi kibazo gihari ari icy’ahantu hazwi ko hateza impanuka ariko ugasanga hadakosorwa vuba.,anger,fear+sadness+surprise,0.103,0.004,0.307,0.232,0.692,0.204
kin_test_track_a_01207,"mu ukuboza 1995, agatha habyarimana, gen bizimungu na gen kabiligi bagiriye uruzinduko muri zaïre, bahura n’abasirikare bakuru b’icyo bari boherejwe na perezida mobutu.",none,fear+sadness,0.119,0.002,0.199,0.312,0.571,0.125
kin_test_track_a_01208,"iki kigo gihereye kacyiru mu nyubako ya kera ikomeye ifata agasozi kose, iteyemo ibiti ku buryo ushobora kwibwira ko uri hanze y’umujyi wa kigali kubera uburyo hatuje.",none,fear+sadness+surprise,0.106,0.003,0.279,0.283,0.662,0.166
kin_test_track_a_01209,yagize ati “yumvise ko umugabo yazanye undi mugore ni bwo yagiye guteza amahane ubuyobozi bw’umudugudu bujyayo burabafasha.”,sadness,fear+sadness+surprise,0.209,0.003,0.276,0.135,0.62,0.275
kin_test_track_a_01210,amakipe yombi yakomeje guhangana bikomeye yibanda cyane ku kugarira.,none,joy,0.24,0.003,0.07,0.5,0.248,0.042
kin_test_track_a_01212,"uyu mudepite yafashwe n’uburakari bwinshi mu biganiro byagarukaga ku ngurane zigomba guhabwa abaturage bo mu gace ahagarariye, bimuwe kubera ibikorwa by’ubucukuzi bw’amabuye y’agaciro.",anger,fear+sadness+surprise,0.095,0.004,0.27,0.264,0.663,0.179
kin_test_track_a_01213,"ati ""ubu ndi kunyura mu nzira y’impinduka ingeza ahantu nitegura gufunga igice cya the weeknd.""",none,fear+surprise,0.226,0.002,0.18,0.204,0.507,0.167
kin_test_track_a_01214,"abo ku mpera yose y'isi bazibuka bahindukirire uwiteka, amoko yose yo mu mahanga azasengera imbere yawe. (zaburi 22:28)",none,surprise,0.105,0.003,0.168,0.254,0.536,0.144
kin_test_track_a_01217,nonese buriya kubera iki inka igenda icebe ricuritse ariko amata ntameneke????,none,fear+surprise,0.327,0.041,0.201,0.047,0.414,0.355
kin_test_track_a_01219,@<username> nta bana b'abakire uzi apfusha umubyeyi akananirwa gucunga imitungo ye?,sadness,anger,0.687,0.016,0.082,0.064,0.251,0.074
kin_test_track_a_01220,@<username> xlm papa ewan amafaranga nibyose kbx ndemezako àmafaranga atanga ibyishimo kugera naho ibiceri 30 byatumyw umwana wimana ahohoterwa,surprise,anger,0.687,0.005,0.074,0.153,0.226,0.051
kin_test_track_a_01221,"uyu mukobwa ari kuvuga ngo mubwire niba naramuciye inyuma kuri diane, ntabwo azi ko iby'isi aramabanga 🤣🤣",none,fear+sadness+surprise,0.333,0.004,0.229,0.098,0.548,0.305
kin_test_track_a_01222,"ati ""nibyo koko yatemye umugore we, na we anywa umuti wica udukoko mu myaka witwa tiyoda.",sadness,fear+sadness+surprise,0.217,0.004,0.245,0.118,0.638,0.214
kin_test_track_a_01223,@<username> @<username> @<username> umutungo kamere afurika ifite wakabaye uyikiza. abo wita umubyeyi bakabaye ari abafatanyabikorwa mu bwubahane,sadness,anger,0.658,0.009,0.072,0.104,0.234,0.052
kin_test_track_a_01224,nkawe uratweeting ibyimipaka ya gatuna utazi na gatsata wakwicaye ugategereza moviti ko ariyo wabuze😂😂😂😂,anger,anger+surprise,0.527,0.006,0.157,0.075,0.412,0.268
kin_test_track_a_01225,@<username> ijoro ryiza wo kajyire imana namafaranga weee,joy,anger,0.545,0.011,0.05,0.152,0.166,0.032
kin_test_track_a_01226,@<username> ariko ko wifashe nka papa mbyitire bite? kankurwaneh nawe uzandwanaho kumunsi mubi.,joy,anger,0.625,0.008,0.078,0.088,0.278,0.066
kin_test_track_a_01227,"trump ari gukorwaho iperereza ku nyandiko zagaragaye umwaka ushize mu nyubako ye mar-a-lago iri muri leta ya florida, aho bivugwa ko izo nyandiko zirimo amabanga akomeye ya leta ku buryo atari yemerewe kuzitwara, ahubwo zagombaga kubikwa ahantu hizewe leta yahisemo.",none,fear+sadness+surprise,0.107,0.004,0.314,0.239,0.696,0.195
kin_test_track_a_01228,"abakinnyi 14 bakomeje umwiherero ni ndagijimana iris, uwera lea, uwiringiyimana albertine, dusabe flavia, musabyemariya donatha, musaniwabo hope, uwamahoro béatrice.",none,joy,0.148,0.002,0.098,0.597,0.313,0.055
kin_test_track_a_01229,muri bk arena abenshi bari bitabiriye bari biganjemo igitsina gore ndetse ku buryo hari uwo wabazaga muri abo akakubwira atikandagira ko ari uyu muhanzi watumye ashamadukira kuza.,joy,fear+sadness+surprise,0.104,0.005,0.317,0.234,0.702,0.207
kin_test_track_a_01231,"aha tuhagira abagenzi benshi ariko imihanda yaho ni ibinogo; usanga imodoka ihageda isaha yose kandi hatarenga kilometero 12, hakiyongeraho ko itabasha gukora umunsi wose idapfuye kubera ububi bw’umuhanda.”",sadness,fear+sadness+surprise,0.152,0.002,0.252,0.265,0.62,0.153
