id,text,gold,pred,p_anger,p_disgust,p_fear,p_joy,p_sadness,p_surprise
kin_test_track_a_00001,@<username> tom nawe ko numva ukwirakwiza ibihuha wagiye usoma ##url##,anger,fear,0.093,0.018,0.78,0.02,0.031,0.016
kin_test_track_a_00002,"yagize ati “nari nje mu kazi ngeze hano numva ngo perezida agiye kuhanyura, ni bwo nazengurutse ndazamuka njya mu igorofa rya mbere, imodoka zimaze kuza natunguwe no kwisanga hasi.",surprise,none,0.007,0.002,0.029,0.078,0.162,0.058
kin_test_track_a_00003,mu rwanda niho honyine umubyeyi agutonganya amasaha atanu🙄 yarangiza ngo ntanamagambo menshi ashaka kuvugana nawe😁😁,surprise,none,0.103,0.004,0.005,0.012,0.203,0.023
kin_test_track_a_00004,@<username> mugerageze kunoza service. niba nagize ikibazo saa mbili mukagerageza kumbonera igisubizo saa kumi nimwe. nooo oyant rwose,anger+sadness,anger,0.194,0.004,0.063,0.017,0.035,0.005
kin_test_track_a_00005,yitabye imana aheruka kugaragara mu ruhame mu 2021.,sadness,surprise,0.003,0.008,0.034,0.049,0.16,0.131
kin_test_track_a_00006,biteye isoni n'ikimwaro kubona abantu bari gukorera imibonano mpuzabitsina ku gasozi.,disgust,none,0.07,0.118,0.028,0.005,0.163,0.015
kin_test_track_a_00007,"abazigize bakora imirimo y’ubuhinzi budatanga umusaruro ufatika, bafite ubumenyi buciriritse kandi bahora bimuka bashakisha ubuzima.",none,joy,0.01,0.017,0.012,0.937,0.128,0.026
kin_test_track_a_00008,@<username> @<username> @<username> cyaze uramuhaye tsu nawe nuko yumva yayibye bruh,none,anger,0.872,0.009,0.012,0.006,0.403,0.064
kin_test_track_a_00009,@<username> mwaramutse neza mudufashe ko turimo gukatwa amafaranga igihe nkuye amafaranga kuri momo nyashyira kuri konte bimeze bite ko bidasobanutse?,anger+sadness,anger,0.676,0.011,0.335,0.014,0.018,0.017
kin_test_track_a_00013,"uwimana wahinduye izina ry’akabari ke akakita akabenzi avuga ko hari abashoramari babiri bamusanze i kamembe batwara bamwe mu bakozi be botsaga ibenzi i rusizi, umwe ajya gutangiza ubucuruzi bwo kotsa ibenzi ku muhima, undi ajya kuyitangiza i musanze.",joy,sadness,0.069,0.008,0.01,0.021,0.87,0.008
kin_test_track_a_00014,ni ibintu ahuza no kuba abagana ayo mashuri bakiri mbarwa gusa akavuga ko hari icyizere ko abanyarwanda bazakomeza kwitabira ayo mashuri.,fear,joy,0.008,0.018,0.14,0.784,0.02,0.013
kin_test_track_a_00017,miliyoni nyinshi z’ #abanyarwa bahanze amaso #amavubi uyu munsi. ni umunsi ukwiriye kuba uw’ibyishimo! @<username> ##url##,none,joy,0.007,0.022,0.016,0.953,0.028,0.097
kin_test_track_a_00018,@<username> gufata ifoto ndi hagati yabo ntacyo bitwayee🤷🏾‍♂️🤷🏾‍♂️,none,anger,0.839,0.018,0.026,0.008,0.051,0.009
kin_test_track_a_00019,igitondo kiza ndakwifuriza kugira isabato nziza kubayemera uyu munsi namwe mugiye gushabika muhahe muronke abatameze neza mwihangane imana irabazi,joy,none,0.021,0.009,0.033,0.451,0.021,0.005
kin_test_track_a_00020,@<username> ahubwo c ahazaza haracyahari aha wapi kuva kera niga naza primary bajyaga bamuvuga ukuntu ashitura boro none dore ndashaje,none,anger,0.778,0.006,0.015,0.007,0.211,0.019
kin_test_track_a_00023,"nubwo bimeze gutyo ariko, mu gihe hasigaye ibyumweru bitatu gusa ngo umwaka mushya w’imikino utangire, nta kigaragaza ko iyo gahunda yamaze gushyirwa ku murongo.",fear,none,0.01,0.004,0.147,0.125,0.029,0.023
kin_test_track_a_00024,"umuyobozi w’akarere ka nyaruguru, murwanashyaka emmanuel, yavuze ko umugoroba w’abagabo ari agashya keza, asaba ko bibaye byiza n’aho iyi gahunda itaragera bayigira iyabo kuko ifasha mu kugabanya amakimbirane yo mu ngo.",joy+surprise,joy,0.009,0.01,0.045,0.848,0.033,0.011
kin_test_track_a_00025,"umuyobozi w’umuryango hear us initiative organization, rukinga irene, yagaragaje ko ihohoterwa rikorerwa mu kazi riri mu byiciro bitandukanye aho hari ibikorwa haba mu buryo bukora ku mubiri, mu bitekerezo cyangwa ku gitsina.",sadness,none,0.03,0.008,0.231,0.018,0.225,0.004
kin_test_track_a_00027,@<username> @<username> yigize igisambo ku ngufu kand izo yibye zigira likes 3 gusa,anger,anger+sadness,0.226,0.007,0.01,0.011,0.91,0.028
kin_test_track_a_00029,@<username> @<username> reka nkuremere uzavuge ngo ngo,none,anger,0.901,0.021,0.037,0.008,0.07,0.01
kin_test_track_a_00032,@<username> @<username> @<username> @<username> @<username> @<username> @<username> @<username> @<username> @<username> @<username> @<username> @<username> @<username> @<username> inzangano hagati y’imiryango ikaba iravutse maze abana bakahatikira weeee..,sadness,joy,0.005,0.009,0.033,0.871,0.195,0.02
kin_test_track_a_00034,@<username> @<username> bro oe nuko utamuzi uburyo arenze,surprise,joy,0.017,0.007,0.016,0.581,0.014,0.012
kin_test_track_a_00036,"guverineri wungirije wa bnr, soraya hakuziyaremye, yavuze ko hakiri kare kuba rwayoboka andi mafaranga atari idolari, hakurikijwe ibihugu rucuruzanya nabyo cyane.",none,fear,0.087,0.011,0.691,0.025,0.049,0.01
kin_test_track_a_00037,petit frère ngukunda kubi!!!! aha wagaragaje mwibanga amahitamo yaweee. ohhhh @<username> ##url##,none,joy,0.014,0.02,0.027,0.975,0.021,0.033
kin_test_track_a_00038,ese uretse ikigare wigeze utera ibuye kukarere zirakonera cg ubyumva nkanjye aha!?😂😂nese kuki batavuze intara!?😂😂,none,anger+surprise,0.966,0.087,0.103,0.009,0.056,0.391
kin_test_track_a_00042,ububiko bw’intwaro budacunzwe neza bushobora kuba intandaro y’iturika ry’ibisasu bikomeretsa cyangwa bigahitana ubuzima ndetse no gusenya ibikorwaremezo n’ibikoresho n’ibikoresho bihenze.”,fear,sadness,0.048,0.025,0.04,0.019,0.984,0.019
kin_test_track_a_00044,i am deeply saddened by the loss of tina turner.,none,sadness,0.012,0.01,0.014,0.092,0.827,0.035
kin_test_track_a_00046,fortunat biselele yatawe muri yombi muri mutarama uyu mwaka.,sadness,none,0.039,0.012,0.024,0.01,0.044,0.021
kin_test_track_a_00049,"ikoresha amashanyarazi izwi nka i5 edrive40 izaba igura 67.000$, asaga miliyoni 75 frw, aho ifite ubushobozi bwo kugenda ibilometero 470 mu gihe yuzuye.",none,surprise,0.009,0.008,0.019,0.223,0.086,0.602
kin_test_track_a_00051,@<username> @<username> bikwiye gukosorwa kugira ngo hatabaho gukoresha imvugo zitutuzuzanya pour ne pas dire ziviguruzanya,none,anger,0.558,0.009,0.123,0.01,0.039,0.008
kin_test_track_a_00055,@<username> hahhhh uriya mwanzuro n'inyamibwa kd nawe uzawufata,joy,none,0.107,0.01,0.017,0.036,0.019,0.006
kin_test_track_a_00057,"@<username> @<username> @<username> @<username> nuko hasuzuguwe umugore, ntan'ubwo ari ugusuzugura, ni ugupfobya!",anger+sadness,anger,0.955,0.037,0.031,0.012,0.086,0.018
kin_test_track_a_00058,"umwunganizi we barrister ben myers, yabwiye urukiko ko umukiliya we yari umunayamurava kandi yakundaga akazi ke.",none,sadness,0.039,0.017,0.01,0.024,0.956,0.022
kin_test_track_a_00059,"nyir’ibikorwa by’ubucuruzi ajya gusaba inguzanyo muri banki, akishyura ½ cyarangira ikindi umushinga ukacyishingira.",none,anger,0.291,0.004,0.009,0.008,0.474,0.06
kin_test_track_a_00060,twirinde izo violences tubane mu mahoro ✍️ ##url##,none,anger,0.2,0.007,0.029,0.013,0.592,0.005
kin_test_track_a_00061,"radio okapi yanditse ko ku wa gatandatu, tariki 29 nyakanga 2023, ibiro bya komisiyo y’igihugu y’amatora, ceni, mu mujyi wa bukavu byakongotse, hahiramo imashini zo gutoreraho 900, moto na bateri ndetse n’imirasire y’izuba.",sadness,none,0.005,0.005,0.053,0.093,0.15,0.018
kin_test_track_a_00062,harigihe umuntu aba afite amahirwe yo kuza mubuzima bwawe ariko akirata nyuma kazifuza kuza utakimukeneye 😭😂😂🥱,anger,none,0.021,0.003,0.008,0.035,0.362,0.026
kin_test_track_a_00064,"amahoteli yari huye yaravuguruwe ndetse aranasuzumwa, dutegereze ntitwafata umwanzuro ntacyo turabona.”",none,sadness,0.069,0.006,0.035,0.008,0.834,0.01
kin_test_track_a_00065,@<username> @<username> dutabare twese uyu mubyeyi jeanne 0788673956 murakoze ##url##,none,joy,0.01,0.017,0.035,0.96,0.019,0.033
kin_test_track_a_00066,"ndibaza nti ‘ese nshobora gukina uyu mukino mbikuye ku mutima?’ igihe ntazaba nshoboye gutanga ibyo mfite mu kibuga, ni bwo nzahagarika gukina.",none,anger,0.286,0.003,0.042,0.009,0.061,0.015
kin_test_track_a_00067,niba kwifuza ari icyaha ubwo abantu ba hano bagikora buri munota ngabo muri mwandemeye aba follow like retweet....😂😂😂,none,anger,0.88,0.015,0.028,0.011,0.046,0.011
kin_test_track_a_00068,"uhagarariye ikigo, koperative cyangwa ishyirihamwe na we azitwaza indangamuntu ye n’agatabo ka banki.",none,anger,0.926,0.029,0.032,0.007,0.522,0.012
kin_test_track_a_00071,nariye ibiryo bifite impumuro mbi,disgust+sadness,disgust,0.047,0.986,0.042,0.062,0.046,0.035
kin_test_track_a_00072,japhet yateye urwenya rw’uko i rukara yahasanze isuku idasanzwe kuko iri no mu mifuka y’abahatuye n’abanyeshuri.,joy,sadness,0.02,0.024,0.021,0.015,0.952,0.017
kin_test_track_a_00073,@<username> @<username> @<username> arifata agashyiraho umuntu wananiwe gusimbuka urukuramende rwa santimetero 50 koko?😏😏🤣😂,sadness,anger+surprise,0.529,0.016,0.035,0.013,0.036,0.597
kin_test_track_a_00074,kugeza ubu nubwo uyu muhanzi ntacyo aratangaza kuri iyi nkuru y’akababaro dore ko ari inkuru imenyekanye ari muri finland mu rugendo rw’ibitaramo afite ku mugabane w’u burayi.,sadness,none,0.007,0.004,0.009,0.076,0.134,0.13
kin_test_track_a_00075,senateri murangwa yavuze ko kibazo kiri mu bikoma mu nkokora gahunda yo gukumira no kurwanya impanuka ari icyo kuba hari umubare munini w’ibinyabiziga bigenda mu muhanda bidafite ubwishingizi.,anger,fear,0.016,0.021,0.925,0.046,0.346,0.02
kin_test_track_a_00077,shaddyboo kuva yerekeje i burayi muri werurwe 2023 yakunze kugaragaza ko akumbuye bikomeye manzi ajya yita ‘sugar daddy’.,none,surprise,0.033,0.007,0.016,0.039,0.11,0.738
kin_test_track_a_00081,"@<username> @<username> ikibazo si aho byabereye , ibyabere i bigogwe byabera n'ahandi . ikibazo ni ubuzima bwatwawe , kandi ikiguzi giciriritse . memory card ? 😬",anger+sadness,sadness,0.095,0.008,0.012,0.01,0.918,0.021
kin_test_track_a_00082,mbere y’ibi kizz daniel witwaga kiss daniel mu 2018 yahaye abafana be amafoto ari kumwe na chidinma bafite ‘tattoos’ zisa ku mibiri yabo.,none,surprise,0.013,0.019,0.025,0.304,0.11,0.924
kin_test_track_a_00083,ariko buriya niyihe mpamvu iyo umuntu amaze kurya ahantu hatari iwabo/iwe ahita yumva ashatse gutaha ??😎,surprise,none,0.057,0.021,0.024,0.007,0.174,0.016
kin_test_track_a_00084,"@<username> @<username> niba ari njye ugira amarangamutima niba atari atari njye.....genda rwanda urakagira imana ,uragahoraho rwanda.@<username> wubahwe",joy,anger,0.168,0.005,0.018,0.03,0.034,0.005
kin_test_track_a_00085,"ahazaza hawe hagize uhamenya yakwiyegereza cg akaguhunga , ariko hashimwe imana ikubonamo icyo isi itakubonamo #fridaymotivation #happyfriday",none,joy,0.039,0.005,0.013,0.647,0.025,0.009
kin_test_track_a_00088,mukwinyesebura ukumva ngo ndakwinginze😢ntuzitemo🍆🍑🙈 none bako muba mwumva byoroshye gusimbuka imodoka irimo igenda😳 @<username>,none,anger,0.161,0.003,0.009,0.016,0.163,0.012
kin_test_track_a_00090,"imyanda itera impiswi, ugahora wiruka, unnyagagura",disgust,anger+disgust,0.178,0.979,0.054,0.022,0.028,0.027
kin_test_track_a_00095,"ati “afurika ni igihangange, abanyafurika ni ibihangange ariko mu by’ukuri, igihe kirageze ntabwo mukeneye guhora mwibutswa, mugomba kubimenya, mukabyakira kandi tukaba ibihangange turi byo kandi tugomba kuba.”",anger,none,0.053,0.007,0.196,0.025,0.169,0.003
kin_test_track_a_00100,ngo ubu ko twari dufite ishyirahamwe ry’abagore turaba aba nde?,sadness,none,0.094,0.009,0.013,0.027,0.018,0.013
kin_test_track_a_00102,"yandikaga ari iwabo aho ababyeyi be bari batuye mu bubiligi, akandika amagambo yisuka atazi aho ari kuyavana nk’uko yabibwiye w magazine.",surprise,sadness,0.012,0.005,0.007,0.06,0.649,0.032
kin_test_track_a_00103,"ati “nubwo navuze ko fdlr iri hano ariko noneho bari banafite umugambi wo gutera grenade muri uyu mujyi [wa rubavu], na ndetse batubwira ko zamaze no kwinjira.",fear,anger,0.156,0.003,0.108,0.007,0.21,0.015
kin_test_track_a_00104,@<username> @<username> @<username> harya nangahe ngo nyohereze,none,anger,0.701,0.007,0.053,0.009,0.072,0.012
kin_test_track_a_00105,@<username> nonex uzigute ko atarimo kwihorera 🤷🏾 wasanga baramwiciye umwana cgw ababyeyi nimugahubuke ngo muzanibinu namakuru yuzuye mufite,none,anger,0.933,0.014,0.03,0.008,0.278,0.009
kin_test_track_a_00108,ubushinjacyaha bwari bukurikiranyeho ab godwin usanzwe akora amashusho y’indirimbo na filime icyaha cyo gukoresha indege itarimo abapilote mu rwanda nta ruhushya abifitiye.,sadness,anger+sadness,0.136,0.006,0.007,0.007,0.741,0.038
kin_test_track_a_00111,"@<username> abana barahari bo kujya mu kibuga bakaba aribo batsindwa tukavugako wenda barimo gutegurwa, mashami se niki adafite?",anger,none,0.086,0.004,0.015,0.008,0.068,0.055
kin_test_track_a_00113,"musenyeri andré perraudin ni we mubyeyi wa parmehutu kuko yayireze kuva ikivuka arayikuza, kugeza inyigisho zayo zisenye u rwanda mu 1994.",anger+sadness,sadness,0.045,0.006,0.007,0.014,0.86,0.033
kin_test_track_a_00114,"@<username> @<username> yiiiii. akumva yagusebeje, rwose yakukubabaje. ukugirango abantu bari bazi ko umubiri wawe udakora! 😂😂😂 so stupid!",anger,sadness,0.092,0.014,0.016,0.023,0.977,0.026
kin_test_track_a_00118,"#ubutwari2022 """"umuntu ufite audience aba afite ibintu byose!"""" ##url##",none,joy,0.013,0.012,0.021,0.828,0.013,0.022
kin_test_track_a_00119,"@<username> @<username> @<username> umva mbese, wowe fata turuwasa zawe uzishore neza urebe ko utazagafata tukumirwa",none,anger,0.436,0.006,0.025,0.044,0.048,0.003
kin_test_track_a_00120,"iyo uganiriye n’abahanga mu myubakire bakwereka ko buriya ubukonje bwibasira inzu buturuka hasi mu butaka bityo iyo utabanje kwita ku musingi w’inzu yawe ngo iyo myuka ihere mu butaka, ntakabuza inzu irangirika.",none,anger+fear,0.245,0.018,0.677,0.009,0.077,0.01
kin_test_track_a_00122,@<username> uriya ntajya atenguha abantu be,joy,anger,0.128,0.013,0.056,0.006,0.033,0.011
kin_test_track_a_00123,@<username> hey namenye ko: uzirinde guta igihe mu gihe ufite igihe kandi utegereje igihe.,none,anger,0.155,0.006,0.024,0.027,0.018,0.007
kin_test_track_a_00124,"we yagize ati ""hano naharwarije umuhungu wari wahuye n’impanuka none umudamu we nawe yaje kubyarira hano ku bitaro.",surprise,sadness,0.018,0.014,0.035,0.013,0.846,0.008
kin_test_track_a_00125,"iyo imaze kwinjira mu muryango w’ibagiro barafunga, bakayirasa amashanyarazi atuma itakaza ubwenge ariko idapfuye kuko iyo umukozi ayikata ijosi ubona yikanze, bivuze ko igifite ubuzima.",none,sadness,0.042,0.013,0.018,0.02,0.969,0.017
kin_test_track_a_00128,"@<username> @<username> @<username> @<username> urakuvamo se vuga akanyuma, kuko mugiye kuza mukubwita murwico gusa, iyaba igikombe kugitwara ari amagambo @<username> mwaza mubyibikaho byose🤣🤣🤣🤣",anger,none,0.094,0.008,0.01,0.205,0.01,0.007
kin_test_track_a_00129,@<username> @<username> wishyire wizane muri byose urangwe nishyaka uterimbere none uraganje mubwigenge tugukomeyeho uko turi tweseeeeeeeehhhhhh,joy,none,0.059,0.004,0.01,0.186,0.025,0.008
kin_test_track_a_00130,"mu mpera z’icyumweru gishize, u burusiya bwatangaje ko bwaburijemo igitero cya drones cyari cyagabwe na ukraine mu kirere cy’umurwa mukuru, moscow.",none,sadness,0.033,0.01,0.315,0.009,0.914,0.018
kin_test_track_a_00131,"@<username> rata ibyo uvuze ni ukuri❤👌👌 ahubwo waretse match itaha tukazayirebera hamwe, rwose binkorere pee🙏",none,anger,0.199,0.007,0.014,0.113,0.015,0.004
kin_test_track_a_00135,"uyu mugabo wari wahawe kuyobora iri shyirahamwe nyuma y’imyaka 18 atagera ku kibuga, yaranzwe no kudaca ibintu ku ruhande, adafite umwanya wo kujya mu kajagari kari kamenyerewe muri ferwafa.",none,sadness,0.045,0.014,0.015,0.009,0.947,0.078
kin_test_track_a_00136,equipe y’u rwanda ihagaze neza muze tubashyigikire! dore abakinnyi bo guhanga amaso! ##url##,none,joy,0.012,0.023,0.038,0.985,0.029,0.045
kin_test_track_a_00137,niba uzi ibintu ubifite neza ukagera mu kizamini ntubashe no kubura amaso ngo urebe ukubaza burya uba watsinzwe.,none,anger,0.34,0.007,0.048,0.01,0.053,0.011
kin_test_track_a_00139,n’iyo ubajije abaturage barakubwira bati ‘iyo umukozi ushinzwe gutanga ibyangombwa byo kubaka akubwira ngo dosiye ‘ntiragaruka’ aba ashaka kwaka ruswa.”,sadness,anger,0.84,0.009,0.043,0.007,0.053,0.126
kin_test_track_a_00141,@<username> aha ntacyo tubaveba. tubashyigikire tariki 26/01/2021 bazadutere gusimbuka tukajya mu bicu.,joy,anger,0.146,0.005,0.013,0.07,0.018,0.006
kin_test_track_a_00143,@<username> ikigali ntitwabona umwanya wo guteka imitwe ngo tunabone uwo kotsa runonko 😒,none,anger,0.579,0.01,0.024,0.008,0.059,0.009
kin_test_track_a_00146,"ngo iyo babonaga hari abantu bashobora kubasuhuza, aho hantu ntibahahagararaga mu kwirinda gutakaza igihe, ku buryo ngo hari n’umwana wabasabye kumusinyira ku ishati ye (autographe), babona ko byabakereza barakomeza.",none,sadness,0.005,0.007,0.251,0.04,0.725,0.018
kin_test_track_a_00147,"nyuma, uyu muyobozi yaje kwandika ko hari drone yarasiwe mu kirere cy’iyi ntara, ariko ntabwo yemeje niba ari nayo yagabye igitero cya mbere.",none,sadness,0.054,0.005,0.332,0.008,0.83,0.059
kin_test_track_a_00149,bibiriya itwigisha byose bidufitiye umumaro muri ibi bihe ndetse n'ibituzanira ubugingo twirinde impaka z'amategeko ##url##,none,anger,0.213,0.015,0.014,0.018,0.046,0.005
kin_test_track_a_00150,"banasobanuriwe ko kwanga kwishyura ku bushake bigira ingaruka kuko utishyuye bituma ashyirwa ku rutonde rwa ba bihemu, bigatuma nta kigo cy’imari gishobora kumuha inguzanyo.",none,fear+sadness,0.015,0.013,0.853,0.04,0.741,0.015
kin_test_track_a_00151,uburyo uyu muhanzikazi aba aririmba afatanyije n’itsinda ry’abamufasha n’abacuranzi barimo n’abazungu biri mu byatunguranye.,surprise,sadness,0.013,0.017,0.034,0.028,0.972,0.11
kin_test_track_a_00152,"ku gisenyi amafi yatangiye gupfa, ikirunga cyabaye ikirunga wallah! @<username> #gomavolcan #nyiragongo ##url##",fear,sadness,0.004,0.009,0.047,0.078,0.691,0.018
kin_test_track_a_00156,"n’ubwo kiyovu sports kuri ubu itemerewe kwandikisha abakinnyi nyamara hari abo yari yamaze gusinyisha barimo niyonzima olivier ‘seif’ wari usoje amasezerano muri as kigali, gakuru matata yakuye muri rutsiro fc, myugariro kazindu guy brian wavuye muri gasogi united, rutahizamu w’umunye-congo, jérémie basilua, umunya-angola utaha izamu, fofo cabungula, rutahizamu w’umunya-liberia, obediah freeman, abagande batatu, kalumba bryan, mulumba suleiman n’umunyezamu emmanuel kalyowa.",sadness,none,0.006,0.005,0.011,0.196,0.081,0.027
kin_test_track_a_00157,sinzibagirwa umunsi maman yanze ko nsiba ishuli kandi namusobanuriye neza ko umutima uri kundira mu mavi 😒😭😂😂,surprise,sadness,0.041,0.009,0.005,0.01,0.714,0.082
kin_test_track_a_00159,"u rwanda ni igihugu cyagiye cyubakira ku mateka akakakaye amaze imyaka isaga 1723 (30-2023), yose yabayemo ibikorwa byinshi byo kuruhanga, kurwubaka no kuruhengamura rugiye kuzima, rukongera rukajya mbere.",surprise,none,0.008,0.006,0.009,0.111,0.568,0.019
kin_test_track_a_00160,@<username> ayiwe ! itahire n'ubundi ibi ni urupfu🤣! ubu se ni ukurya cg ni ukuzuza igifu mpaka uheze umwuka🙈,sadness+surprise,anger,0.521,0.008,0.007,0.01,0.249,0.009
kin_test_track_a_00161,"aline gloriose uwizigiye, umwe mu barokotse jenoside yakorewe abatutsi i nyanza ubu uba mu bufaransa, yatangaje ko ibikozwe kuri biguma byerekana ko aho umujenosideri wese ari azacirwa urubanza.",joy,none,0.053,0.013,0.021,0.01,0.54,0.007
kin_test_track_a_00166,"ati “kuzimya biri kugorana kubera ikibazo cy’umuyaga, abaturage bari kwifashisha amasuka n’ibitiyo bagaca nyirantarengwa hakaba aho igiti gishya cyangwa kigakongeza umuriro hakurya y’aho abaturage baciye nyirantarengwa, indi mbogamizi ni umuyaga kuko nawo uri gutiza umurindi umuriro.”",fear,sadness,0.031,0.008,0.21,0.026,0.935,0.01
kin_test_track_a_00168,"ange, ngutirire speakers umbwirire n'abinyuma? uku ni ukuri 300% ##url##",none,anger,0.559,0.008,0.025,0.011,0.049,0.011
kin_test_track_a_00170,@<username> mwabantumwe harindi network yihuta kurusha mango mumbwire kabisa byarandenze ahubwo mango narabasabye ngo bazanyihere akazi 🤣 mbakorere kuko ndabakunda kabisa💪🙏💚💚💚 ##url##,none,anger,0.114,0.003,0.006,0.183,0.122,0.008
kin_test_track_a_00175,@<username> @<username> @<username> @<username> @<username> @<username> @<username> @<username> @<username> @<username> ntabwo abeshya ahubwo ararembye kuko imikorere nimivugire ye igaragaza uburwayi bufite ikigero cyamujyana i ndera kwiberayo ubuzima bwe bwose,sadness,none,0.018,0.002,0.033,0.048,0.242,0.013
kin_test_track_a_00176,"ubwo iri rushanwa ryasozwaga hatangwa ibihembo, igihe yamenye ko umwe mu banyamahanga baryitabiriye yabuze camera ye.",sadness,surprise,0.007,0.008,0.018,0.18,0.196,0.778
kin_test_track_a_00177,@<username> @<username> @<username> eka mwebwe muraturembeje nange barankata buri munsi ibi bintu nubujura kbs,anger+sadness,anger,0.304,0.004,0.054,0.013,0.037,0.011
kin_test_track_a_00178,nubwo bimeze bityo ariko abaturage bagenda bimuka bakava mu ntara imwe bajya mu yindi kubera impamvu zitandukanye.,none,sadness,0.011,0.009,0.383,0.017,0.841,0.011
kin_test_track_a_00179,@<username> @<username> he n’umubyeyi urangwa n’impuhwe kandi ikizere ngufitiye nuko guhinduka byo aribyawe. wagize neza gutera intabwe yagitwari.,joy,anger,0.331,0.013,0.06,0.013,0.254,0.002
kin_test_track_a_00180,yagaragaje ko ibibazo biri muri adepr bikeneye agacaca ko kubiganiriramo kugira ngo hahuzwe impande zirebana nabi.,anger,none,0.006,0.007,0.278,0.019,0.475,0.016
kin_test_track_a_00181,"amakuru igihe yahawe na bamwe mu bakobwa bavuga ko ukuntu imyambarire isigaye imeze, bigoye kwambara ikariso kuko bihita bigaragara nabi.",surprise,sadness,0.004,0.013,0.264,0.036,0.648,0.015
kin_test_track_a_00182,"nubwo abaturage batabyishimiye, abasesenguzi mu bukungu bemeza ko aribyo byiza kuko bizarinda leta gukomeza kongera amadeni.",none,joy,0.005,0.005,0.123,0.675,0.049,0.038
kin_test_track_a_00184,@<username> @<username> birashimishije kandi biratanga icyizere cy'aho tugana! kureba kure no guhuza imvugo n'ingiro niyo ntego nkuru.,joy,none,0.026,0.008,0.04,0.38,0.008,0.01
kin_test_track_a_00185,biragoye ko hari ikipe yagura umukinnyi mu yindi,none,surprise,0.021,0.016,0.033,0.021,0.11,0.679
kin_test_track_a_00187,"iyo abantu benshi basoze make make, kenshi birusha guca menshi ashobora abantu bake.",none,anger,0.221,0.064,0.014,0.016,0.014,0.017
kin_test_track_a_00188,"minisitiri munyangaju yavuye ahatangirwaga igikombe, akuramo amadarubindi ye abanza kuyahanagura mu gihe mucyo didier yabaye nk’umusabye imbabazi ko yamumennyeho iyi nzoga.",sadness,none,0.008,0.006,0.006,0.274,0.225,0.079
kin_test_track_a_00190,@<username> cyane. ntiwaba wambaye ubusa ngo urambika umuturanyi,anger,sadness,0.044,0.015,0.007,0.008,0.788,0.02
kin_test_track_a_00192,@<username> hahahahh reka nicecekere sinjya ntukana gsa ubanza baba batarimo 2 hhhhh,none,anger,0.576,0.007,0.069,0.007,0.044,0.011
kin_test_track_a_00195,@<username> uwiteka ari ku ngoma niwe utubereye maso. humura. yesaya 41:10,joy,anger,0.211,0.006,0.01,0.015,0.039,0.009
kin_test_track_a_00196,"ati “mureke dusenge imana nk’iyumva, hari abantu bavuye mu ngo bagiye mu myobo bakavamo banarwaye cyangwa bameze nabi ngo barasenga, ntabwo ari databuja w’umugome.",anger,anger+sadness,0.409,0.009,0.012,0.005,0.682,0.024
kin_test_track_a_00199,bamwe ibyo baba bitezweho babigeraho abandi ugasanga inzozi n’urugendo rwabo birangiye bigicagase ndetse ibyari bibategerejweho bikarangira bitabaye habe na mba.,sadness,none,0.018,0.004,0.012,0.026,0.122,0.019
kin_test_track_a_00200,"iyo amaze kubihamena bamwe mu baturage batoragura bya bitiritiri bakabigurisha abatwika amatafari mu matanura, naho abana bo bagatoraguramo bya bigori byapfuye bakabivungura, bakabigurisha.",none,sadness,0.092,0.041,0.027,0.028,0.977,0.009
kin_test_track_a_00202,"umutwe wa wagner watangaje ko wiyemeje gusenyura inzego z’igisirikare cy’u burusiya, ni mu gihe ibiro by’iperereza mu burusiya byatangaje ko byatangiye gukurikirana umuyobozi wa wagner, yevgeniy prigozhin ku byaha birimo gukangurira abantu kujya mu mutwe witwaje intwaro no gushaka guhirika ubutegetsi bwa vladimir putin.",anger,sadness,0.081,0.006,0.018,0.004,0.638,0.04
kin_test_track_a_00203,umutekano muke ukaba waratumye kwandika abantu kuri lisiti y’itora bidashoboka.,sadness,none,0.012,0.01,0.02,0.015,0.243,0.07
kin_test_track_a_00205,sosiyete y’ubucuruzi ikandika icyapa kinini cyane iti “guhamagara n’ubuntu” 🤔 kandi bashaka kuvuga ngo “guhamagara ni ubuntu”. birababaza. ##url##,anger,anger+surprise,0.7,0.011,0.034,0.005,0.072,0.271
kin_test_track_a_00207,"ibi byose bigira ingaruka ku mihindagurikire y’ibihe aho hamwe imvura ibura burundu nko mu bihugu bya afurika y’amajyaruguru no mu ihembe rya afurika, imvura ishobora kumara imyaka ibiri itaragwa na rimwe.",sadness,fear+sadness,0.016,0.032,0.933,0.047,0.752,0.025
kin_test_track_a_00208,"wari umukino ukomeye kuko nta kipe yifuzaga kuwutakaza, kandi zifatwa nk’ikipe zihanganiye ibikombe byombi mu rwanda.",joy,surprise,0.009,0.005,0.014,0.053,0.074,0.265
kin_test_track_a_00209,"arata umwanya, kuko ibye birazwi ku buryo buhagije. amateka ye mabi n'uyo yabloka abantu bose ntiyasibangana. ##url##",anger,none,0.039,0.003,0.01,0.014,0.19,0.012
kin_test_track_a_00211,"mu buhamya bw’uko yabanye na pasiteri niyonshuti, umuyobozi w’itorero rya zion temple i ntarama mu bugesera, pasiteri olivier ndizeye, yavuze ko yamenyanye na pasiteri niyonshuti byisumbuyeho aho yari yamutumiye mu materaniro yo kurwanya ikoreshwa ry’ibiyobyabwenge mu rubyiruko.",none,sadness,0.017,0.008,0.012,0.022,0.947,0.074
kin_test_track_a_00212,sebudandi yakomeje asobanura ko muri kayonza bafite inka z’inyambo zitari nyinshi cyane ariko asobanura ko ba nyiri uruganda bazakorana n’abandi borozi bo hirya no hino mu gihugu basanzwe bafite izi nka kuburyo ngo bizeye neza ko litiro 400 batazazibura.,joy,none,0.033,0.004,0.016,0.063,0.042,0.007
kin_test_track_a_00213,waje buhoro buhoro buhoroooh.... wicara mumutima wanjye ...... none utangiye kuguguna umutima wanjye💔 ibyo nibyo unyituye koko😭,sadness,anger,0.799,0.026,0.022,0.012,0.088,0.008
kin_test_track_a_00217,muntu unkuye kuri 666 ndagushimiye sibyo 🙆🏽‍♂️✌️🙏,joy,none,0.073,0.008,0.008,0.026,0.025,0.03
kin_test_track_a_00220,ngo iyo ugerageje gutera inda umukobwa unanutse umubiri we uhita ukubwira ngo insufficient space 🤣😂😂,none,surprise,0.022,0.012,0.041,0.008,0.073,0.167
kin_test_track_a_00221,"ati “mbanje gushima imana ku bwa junior multisystem, nshima imana ibyo yamukoreye; akiri mu nda y’umubyeyi we umwanzi yaramurwanyije yifuza kumwambura ubuzima, imana izamuhe kubana na yo.”",sadness,joy,0.019,0.006,0.007,0.617,0.139,0.009
kin_test_track_a_00225,"perezida wa komisiyo y’ububanyi n’amahanga, ubutwererane n’umutekano, bugingo emmanuel, avuga ko gushyiraho itegeko rishya bizakuraho ibyuho byagaragaraga mu ryari risanzweho.",none,fear,0.026,0.024,0.841,0.049,0.029,0.031
kin_test_track_a_00226,"@<username> @<username> gutera ibuye ahantu nk'aha, ni amahano mbambaroga. #rwot",none,anger,0.272,0.015,0.088,0.011,0.014,0.011
kin_test_track_a_00227,"iyi nkuru isa nk’iyaciye igikuba mu bakunzi b’urucaca bibazaga ukuntu iyi kipe igiye kwishyura aka kayabo ku bakinnyi batigeze bakinira ikipe yabo, kongeraho ko bari no mu bihe byo kugura abakinnyi bashya.",sadness,none,0.067,0.003,0.027,0.005,0.414,0.039
kin_test_track_a_00228,"kandi umutahiza naboneka, muzahabwa ikamba ry'ubugingo ritangirika. uwiteka imana abane namwe mwese 🙏🙏❤️",joy,none,0.028,0.022,0.018,0.471,0.011,0.006
kin_test_track_a_00232,"“nyuma yaho gato, ahagana ku isaha ya saa mbiri, mu murenge wa matimba mu karere ka nyagatare haje gufatirwa andi mabalo ane ya magendu y’imyenda ya caguwa, ubwo nyirayo yari amaze kuyigeza mu rugo, abonye inzego z’umutekano aratoroka.”",none,sadness,0.042,0.025,0.051,0.027,0.989,0.018
kin_test_track_a_00233,"kuki usanga abitwa ba """"kavukire"""" batumvikana n'abitwa """"abimukira"""" ndetse ugasanga abapangayi batumvikana na ba nyir'amazu bakodesha? @<username>",fear,sadness,0.065,0.008,0.015,0.006,0.91,0.038
kin_test_track_a_00234,saa kumi n’ebyiri z’umugoroba nibwo uyu mwana w’imyaka 10 yaturikanywe n’iyi grenade ubwo yari ari kuyihonda ngo ayikuremo ibyuma byo kugurisha.,sadness,sadness+surprise,0.025,0.014,0.01,0.033,0.958,0.19
kin_test_track_a_00238,mwaramutse 🙌🙌🙌 umugisha uturuka kuwiteka ubasanganire aho muri hose 🙏🙏🙏,joy,none,0.012,0.008,0.006,0.107,0.041,0.052
kin_test_track_a_00239,urukundo ruzacogora muri benshi kubera ko ubugome buzaba bwiganje.,sadness,none,0.072,0.201,0.038,0.012,0.198,0.009
kin_test_track_a_00240,@<username> ndumva nanjye nanjoinga abo badafite ubwenge nuko nsanze ndi mubi😥,none,anger,0.335,0.006,0.007,0.007,0.243,0.012
kin_test_track_a_00242,"darren moss jr umwe mu bayobozi bo mu gace uwo mugore atuyemo, yavuze ko batazamufunga bya burundu, ahubwo ngo azamara iminsi 45 acungirwa hafi mu cyumba yafungiwemo kugira ngo anywe imiti.",none,sadness,0.014,0.01,0.036,0.02,0.936,0.016
kin_test_track_a_00243,@<username> nonex uwo mwana nago azikubara amafaranga kombona yabishyuraga akibagirwa50 kuri burimuntu uyumwana yaradamaraye,anger,anger+sadness,0.406,0.01,0.012,0.012,0.891,0.009
kin_test_track_a_00244,"ibi bifitanye isano no kuba abagore barahawe rugari bakiga ndetse bakaminuza, kuko ya mibare yerekana ko abagore babashije kwiga amashuri yisumbuye cyangwa kurenzaho bafite umubare uri hasi w’abana babyaye (abana 3.4 ku mugore), mu gihe abagore bize amashuri abanza gusa cyangwa arengaho gake babyaye abana benshi (abana 3.9 ku mugore.",fear,sadness,0.008,0.008,0.314,0.022,0.928,0.091
kin_test_track_a_00247,@<username> @<username> byo byo amaraso ntiwayaheza! n'ay'itungo arasama nkanswe ay'inzirakarengane itacumuye!!!,none,anger,0.853,0.015,0.028,0.006,0.238,0.008
kin_test_track_a_00248,"amanota 23 yari abonye yatumye agira 55, yamuhesheje kuba umukandida ku gikombe.",joy,surprise,0.024,0.058,0.09,0.268,0.2,0.982
kin_test_track_a_00249,ese namwe mubona uburyo ibintu bya munyangire byeze!?nonese biterwa niki koko!?mwaretse tugafashanya uko dushoboye ko ntawuramba nka nyiragongoo!🙏,sadness,anger,0.816,0.023,0.024,0.012,0.025,0.022
kin_test_track_a_00250,ejo nuriye igiti cyegeramye na gereza cyivunika ishami ngwa muri gereza none infumgwa zirikunyita mugenzi wabo🙄,none,anger+sadness,0.126,0.027,0.006,0.006,0.635,0.066
kin_test_track_a_00251,iyo hari ubushyuhe bwinshi umubyimba ndetse n’uburebure bw’icyuma biriyongera mu gihe mu bihe by’ubukonje wa mubyimba ndetse n’uburebure bishobora kongera kugabanuka.,none,fear,0.017,0.103,0.969,0.135,0.075,0.071
kin_test_track_a_00255,“biteye isoni kubona imitwe yitwaje intwaro yatumye ibyo bihe bidasanzwe bishyirwaho ubu yarahindutse abafatanyabikorwa ba guverinoma.”,anger+sadness,anger+sadness+surprise,0.213,0.014,0.037,0.006,0.937,0.186
kin_test_track_a_00256,batatu bafunzwe bakurikiranyweho kugerageza gutwika inyubako yo mu gakiriro ka gisozi ##url##,none,anger+sadness,0.144,0.012,0.006,0.006,0.704,0.037
kin_test_track_a_00257,abazi iyi dosiye bashobora kuba bari mu bataratunguwe n’icyemezo cyanyu.,none,anger,0.133,0.008,0.011,0.01,0.235,0.007
kin_test_track_a_00261,"ikirwa, cyangwa ikizimba mu mvugo y’abaturage bo mu bice byegereye ikiyaga cya kivu ni ubutaka buzengurutse n’amazi.",none,sadness,0.058,0.012,0.006,0.011,0.886,0.101
kin_test_track_a_00262,"very sad! umwana w'ukwezi 1 koko...😠, nyamara izi nyagabirama ziba zifite uburwayi bwo mumutwe! ntamuntu muzima wakora aya mahano❌ ##url##",anger+sadness,none,0.048,0.003,0.015,0.023,0.519,0.007
kin_test_track_a_00263,@<username> uracyeye muhungu wanjye! uyu mwaka uwiteka akomeze agutotobeke wakire amahanga yose!,joy,none,0.014,0.005,0.008,0.192,0.362,0.007
kin_test_track_a_00266,"@<username> @<username> @<username> ikindi kuba yari gufunga umuhanda umupolisi arebera kandi abona ko bishoboka gukemura ikibazo, ubu nibwo bunyamwuga.",none,anger,0.435,0.008,0.02,0.03,0.062,0.003
kin_test_track_a_00267,indi ngorane yagiye igaragara muri gahunda yo gufata kayishema ngo ni uko abenshi mu baturage ba afurika y’epfo barimo na nyiri nzu yabagamo batari bazi amateka y’ibibi yakoze.,sadness,none,0.014,0.008,0.005,0.038,0.584,0.02
kin_test_track_a_00268,@<username> kubona abasore bashoboye gukoresha amaboko n'umutwe bari #kwimaringa ngo barashaka ikamba nanjye byanteye impungenge.,anger+fear,fear,0.037,0.031,0.977,0.066,0.225,0.045
kin_test_track_a_00269,ibyo murimo byose nimubireke umurambo mubi ni umurambo wa #roho 😏😏😏😏😏😏😏😵,anger,sadness,0.021,0.049,0.02,0.017,0.943,0.018
kin_test_track_a_00270,@<username> oya. twavuga twembi. ibaze kuncecekesha ku bukwe bw'umwana wanjye! uziko rubanda batinyuka!,anger,none,0.1,0.006,0.006,0.208,0.029,0.009
kin_test_track_a_00271,umuntu uri gusaba umwanya ngo atange ibitekerezo 🤌🤌🤌🤌😂😂😂😂😂😂😂,none,anger,0.204,0.02,0.018,0.01,0.026,0.024
kin_test_track_a_00272,senateri mugisha yasabye abayobozi ba rura kwikubita agashyi kugira ngo ijye ibasha gufasha abaturage gushyira mu bikorwa amabwiriza ishyiraho cyangwa ashyirwaho n’izindi nzego zikorana na rura.,anger,none,0.088,0.005,0.009,0.055,0.11,0.004
kin_test_track_a_00273,yongeyeho ko adashimishwa n’ubuzima babayemo kuko ahuriramo n’ingorane umunsi ku wundi zirimo kwicwa n’inzara n’imbeho ya nijoro no guhohoterwa.,anger,sadness,0.007,0.01,0.063,0.074,0.877,0.009
kin_test_track_a_00277,bene iyo mibare ngo yatumye awdo ishaka ibitera abangavu guterwa inda zitateganyijwe kugira ngo ifashe mu kubishakira umuti aho gutegereza guhangana n’ingaruka.,sadness,none,0.009,0.009,0.24,0.212,0.013,0.027
kin_test_track_a_00278,@<username> none se uwo mwuka wera ko nta we ndi kubona?,none,anger,0.383,0.011,0.025,0.012,0.018,0.008
kin_test_track_a_00280,aba niko babaye! umunntu avuga ukuri barangiza ngo aratukanye!!! ##url##,anger,none,0.099,0.009,0.007,0.016,0.252,0.005
kin_test_track_a_00282,amakipe yose aregeranye buri imwe yatsinda indi n’amakipe ahangana cyane by’umwihariko gutsindira hanze biba bigoye.”,none,joy,0.006,0.006,0.011,0.722,0.062,0.063
kin_test_track_a_00283,ati “ni ingenzi ko ibihugu byacu bigerageza gukuraho uko kwivanga kugira ngo ingaruka zabyo ziveho.,none,fear,0.061,0.083,0.965,0.053,0.037,0.05
kin_test_track_a_00285,"nubwo byatangiye bimeze neza, bashwanye nyuma y’imyaka ibiri ubwo igice cya tshisekedi cyavugaga ko cyitambikwa n’icya kabila, bigatuma badashyira mu bikorwa ibyo bemereye abaturage.",sadness,none,0.022,0.004,0.012,0.026,0.533,0.012
kin_test_track_a_00286,ati “icyo numva tutakoze mu myaka icyenda iri serukiramuco rimaze ni uko tutageze kuri buri rwibutso hirya no hino mu gihugu tubasangiza ibyiza bya ubumuntu arts festival.”,none,joy,0.017,0.013,0.016,0.901,0.018,0.014
kin_test_track_a_00290,"@<username> amahano?! ni impanuka, inkangu, inzara.... muyite izina rikwiye.",none,anger,0.135,0.008,0.038,0.008,0.523,0.003
kin_test_track_a_00293,@<username> @<username> @<username> @<username> @<username> uzi kubona umuturage anywa amazi yo mu dam cg avoma umuvumba muri iki gihugu! birababaje ababishinzwe nibatabare .,sadness,anger+sadness,0.161,0.031,0.022,0.029,0.987,0.02
kin_test_track_a_00294,"@<username> nizereko umutima mwiza wabanyarwanda, turabaremera! cg basige inkweto zabo nk'ingwate😂",none,joy,0.017,0.019,0.027,0.961,0.019,0.017
kin_test_track_a_00297,gauthier yavuze ko benshi mu bakekwaho uruhare muri jenoside yakorewe abatutsi bihinduranyije haba amazina n’imyitwarire kugira ngo bajijishe hatagira ubakeka.,sadness,none,0.03,0.003,0.024,0.022,0.528,0.008
kin_test_track_a_00298,nkaho niga i nyagatare hari ababihinga bakabura icyo babikoza bagahitamo kubiha amatungo boroye nk’ihene cyangwa inka.,sadness,anger,0.116,0.003,0.012,0.013,0.131,0.022
kin_test_track_a_00299,@<username> @<username> @<username> xlm ewan bushari na okama mubyuhahiro byabo nibubahwe kuko murinominsi barikudukoma san ndabemera,joy,anger,0.274,0.005,0.022,0.041,0.033,0.004
kin_test_track_a_00301,"ati “hari n’iyahunganye nabo bajya muri zaïre, baragarukana iza no gutera amahane ivuga ngo abanyarwanda bibashyira mu byabo [mu mitungo] nibabe baretse babanze bajye mu nkambi mu rwanda”.",sadness,anger+sadness,0.166,0.035,0.181,0.029,0.989,0.009
kin_test_track_a_00302,imyenda nkiyi niyo ba mubi cyane bazize ntugashukane ##url##,anger,none,0.017,0.011,0.028,0.009,0.393,0.015
kin_test_track_a_00303,@<username> erega uzarebe ngo icyo umutima ukunda amata aguranwa itabi tubaterera amavi ark ahanini tuba twishakira batotizuba,none,anger,0.611,0.008,0.011,0.009,0.073,0.022
kin_test_track_a_00304,"yatanze urugero rw’uko yavukiye mu rwanda, agakurira muri uganda, madamu jeannette kagame akavukira i burundi, nyuma bakaza guhurira muri kenya.",surprise,none,0.008,0.006,0.01,0.423,0.035,0.029
kin_test_track_a_00305,twasaniraga abafite inzu ziri aho gutura ariko zagizweho ingaruka bitewe n’uko imeze.,none,sadness,0.012,0.026,0.359,0.038,0.961,0.013
kin_test_track_a_00306,"hari abo tujya gukina, bakumva ko ari ikipe y’i kamonyi bagahita bagira ubwoba tutarajya mu kibuga.”",sadness,fear,0.047,0.036,0.978,0.055,0.19,0.049
kin_test_track_a_00310,"ntamuntu mwiza ku buryo atakuyobya, ntan'umuntu mubi ku buryo atakuyobora. kuba hari ibyo utemeranya n'umuntu ntibivuze kwagana nawe.",none,anger,0.57,0.014,0.035,0.011,0.04,0.007
kin_test_track_a_00311,@<username> urumva se atari motivation yo kuba umukire se bro? wicika intege tu,joy,surprise,0.012,0.004,0.006,0.074,0.118,0.18
kin_test_track_a_00313,"@<username> @<username> @<username> @<username> @<username> aha uwakoze icyaha ni nawe wasibanganyije ibimenyetso, ubwo se naba nibutsa iki, nibutsa nde? ni agahinda gusa! 😭😭😭😭😭😭",anger+sadness,anger,0.879,0.014,0.02,0.009,0.115,0.019
kin_test_track_a_00314,ariko imana ishimirwe ko iduha gutsinda kubera umwami wacu yezu kristo. 1 abanyakorinti 15:57,joy,anger,0.163,0.009,0.011,0.036,0.056,0.005
kin_test_track_a_00315,nkwifurije ijoro ryiza ryuzuye ibyishimo n'umunezero amahoro n'amahirwe wowe n'abawe bose ##url##,joy,joy+surprise,0.008,0.038,0.062,0.991,0.065,0.24
kin_test_track_a_00317,@<username> cyakoze abantu turatandukanye pe. njye nabuze uwo mboloka kuko ntazi icyo namubolokera,none,sadness,0.009,0.007,0.019,0.239,0.781,0.009
kin_test_track_a_00318,hari ubwo umushinjacyaha uri kuburana kuri iyo dosiye abona ko ibimenyetso byakusanyijwe bidahagije ngo we ubwe abe yashinja ukurikiranyweho icyaha bigatuma ahitamo kumushinjura.,surprise,none,0.04,0.005,0.033,0.004,0.573,0.018
kin_test_track_a_00319,kimwe mubintu nkundira abantu bomucyaro ujyakumva ukumva arakubajije ngo ubwokoko wabuze akazi?wazapfa kujya mugisirikare cg mugipolice 😂😂😂,sadness,anger,0.534,0.006,0.029,0.005,0.051,0.091
kin_test_track_a_00321,"kidum yabivugiye mu gitaramo yakoreye i bruxelles mu bubiligi ubwo yari ku rubyiniro ku wa 6 gicurasi 2023, aho nyuma yo kuzongwa na shaddyboo wamubyinishaga amusiga umubiri, yasabye ko umuziki uhagarara arangije afata ijambo ati “erega shaddyboo yibagiwe ko ndi padiri mukuru!”.",anger+sadness+surprise,anger+surprise,0.334,0.018,0.028,0.017,0.101,0.847
kin_test_track_a_00322,"umwarimu muri kaminuza y’u rwanda, ishami rya busogo dr didace ndahimana, yavuze ko mu bigenderewe harimo no kugabanya ingano y’inyanya zangirika nyuma yo kuzisarura.",joy,none,0.011,0.024,0.23,0.37,0.029,0.006
kin_test_track_a_00323,"ati ""iri serukimuco rije kudufasha guhaza ibyifuzo by’abanyarwanda.",joy,none,0.075,0.01,0.007,0.124,0.026,0.005
kin_test_track_a_00325,@<username> nukuri njyewe bingeze aha ngiye kwiyahura mu buriri😂😂😂,anger+sadness,none,0.012,0.01,0.022,0.018,0.523,0.008
kin_test_track_a_00326,tugeze mu gihe gikomeye aho ibitambo byatanzwe n’abatubanjirije bishobora gutakaza igisobanuro mu gihe twaba tunaniwe kurera neza abadukomokaho ngo bakurane iyo myumvire n’indangagaciro twahawe.,fear,none,0.006,0.004,0.042,0.15,0.072,0.013
kin_test_track_a_00327,"bakubwiye ko uzahembwa amafaranga yanditsemo hano, urabona wahembwa angahe?? cg nkurangire muganga!!! ##url##",none,anger,0.959,0.02,0.062,0.014,0.041,0.022
kin_test_track_a_00330,uburyo bwo kubyivanamo:,none,disgust,0.038,0.783,0.051,0.024,0.013,0.04
kin_test_track_a_00331,@<username> arashaka gukubita ruriya rubaho ariko amaboko ye ari muri opposition n ubwonko bwe 😂,none,surprise,0.014,0.01,0.013,0.024,0.193,0.473
kin_test_track_a_00332,umwana uzi ubwenge bamusiîga nawe yinogereza,none,disgust,0.098,0.939,0.027,0.022,0.036,0.013
kin_test_track_a_00333,@<username> @<username> akajagari mwifuriza u rwanda muzajya kugakorera ikuzimu mu buturo bwanyu,anger,joy,0.011,0.015,0.024,0.93,0.017,0.02
kin_test_track_a_00335,"muri mutarama umwaka ushize, capt sagahutu yagiranye ikiganiro kuri zoom n’urubyiruko rukomoka ku bakoze jenoside, bibumbira hamwe ngo bahakane ibyaha by’ababyeyi babo, akwirakwiza ingengabitekerezo asanganwe ababwira ko bafungiwe ubusa, ko abakoze jenoside bibereye i kigali.",sadness,none,0.029,0.003,0.008,0.071,0.217,0.007
kin_test_track_a_00339,@<username> nureba se ....nuko kibondo.dore umukobwa (umutegarugori) ubereye u rwanda,joy,none,0.034,0.009,0.011,0.055,0.016,0.018
kin_test_track_a_00340,"iyo wubatse ubushobozi bw’umugore, uba wubatse umuryango, bityo ukaba uteje imbere igihugu.”",joy,none,0.031,0.027,0.014,0.495,0.009,0.019
kin_test_track_a_00342,"kuba hareguye bane muri bayigize, byatumye abasigaye badashobora gufata icyemezo nk’uko amategeko abigena.",none,sadness,0.051,0.025,0.018,0.012,0.956,0.011
kin_test_track_a_00343,"akumiro niki?! ni igihe uguze phone yaguhenze utaziko ari pirate😔🙄😢 uziko ari #samsung , ukayayatsa aho kwiyandikamo #samsung hakiyandikamo samuel 🙄😢😭😭😓😓😟😞😔",sadness+surprise,anger+surprise,0.784,0.023,0.125,0.008,0.023,0.195
kin_test_track_a_00345,"abahanga bavuga ko imibonano mpuzabitsina ikozwe neza, ishobora kubera abayikoze urukingo rwo kwibasirwa n’umuhangayiko, agahinda gakabije ndetse n’ibindi bibazo bishingiye ku buzima bwo mu mutwe.",none,fear,0.029,0.044,0.972,0.038,0.444,0.042
kin_test_track_a_00349,"nibihinduka igitekerezo cyiza kuri uyu muhungu w’imyaka itanu, uw’imyaka itandatu bikaba uko, ukareka n’uwa 12; bakaba bafata iki cyemezo cyo guhindura ubuzima bo ubwabo?”",none,anger,0.185,0.007,0.034,0.013,0.078,0.006
kin_test_track_a_00350,@<username> @<username> @<username> @<username> @<username> @<username> ni ukuvuga ko yamwogeje kugirango asibanganye ibimenyetso. mbese yamwogeje ku gitsina nka kwa kundi dukaraba mu ntoki n'amazi n'isabune.,fear+sadness,anger,0.302,0.005,0.027,0.003,0.405,0.042
kin_test_track_a_00351,"abanyeshuri bajyaga kwiga hirya bakambuka imipaka, ariko kugeza ubu aho cyaziye baza hano, ntibakijya hirya no hino.’’",none,sadness,0.013,0.008,0.064,0.07,0.917,0.008
kin_test_track_a_00354,leta y'urwanda numubyeyi kbs. itabaye abantu baribaraye batageze aho baba muri kigali.@<username> ##url##,joy,none,0.009,0.004,0.01,0.339,0.148,0.01
kin_test_track_a_00355,igitangaje n’ukuntu ibiryo byanyu bihora bisa nk’umususwe.,disgust+surprise,disgust,0.065,0.981,0.034,0.029,0.037,0.129
kin_test_track_a_00356,"yakomeje agira ati “ndabifata ubundi nkashushanya nk’umuntu ugiye gukora igihangano cye, hamwe mbishyiraho ku ruhande, ahandi nkahashushanya ikintu runaka ku buryo ubibonye asanga igishushanyo cyanjye gifite umwimerere.”",joy,anger,0.642,0.006,0.058,0.009,0.03,0.013
kin_test_track_a_00359,ishuri rikuru rya gisirikare rya nyakinama ni ishuri mpuzamahanga uyu munsi ryigamo abaturutse mu bihugu 12.,joy,none,0.014,0.006,0.011,0.096,0.105,0.007
kin_test_track_a_00363,uruhare rw’abanyamuryango ni ukwita kuri aya mafi no kuyarinda kugira ngo abajura batayiba.,none,anger,0.246,0.014,0.035,0.007,0.525,0.003
kin_test_track_a_00364,"@<username> abikoze namukunda kurushaho. jya ugira critical thinking! umugabo afite umugongo kimwe n'umugore, kuba yaheka umwana rero ntacyo bitwaye!",anger,joy,0.026,0.01,0.01,0.888,0.024,0.012
kin_test_track_a_00367,@<username> niba ari ubuswa bwanjye ... ndabona ikinyarwanda cyanditse hano ntari kucyumva neza.,none,anger,0.655,0.006,0.033,0.007,0.054,0.013
kin_test_track_a_00369,@<username> ariko buriya nawe wagombye gukurikira abandi. kuko ndabona ukurikira bake pe!!! ibyo bagukorera nawe wagombye kubikorera abandi!!!,sadness,anger,0.433,0.01,0.023,0.043,0.011,0.006
kin_test_track_a_00370,"abasirikare bamuhiritse ku butegetsi banze kuva ku izima, bavuga ko batazabumusubizaho.",anger,anger+sadness,0.35,0.007,0.047,0.008,0.858,0.01
kin_test_track_a_00371,"@<username> @<username> nagenda. byaba bidashoboka ko ampa freedom, nkajya ghetto, kubaho ni rimwe, ntawanshyushya ubwonko.",anger,none,0.04,0.003,0.326,0.018,0.093,0.014
kin_test_track_a_00372,izajyimana umunsi umwe nijoro nzabyuka ntere ibuye mukigo cyagisirikare numve ukuntu bavuga ngo uradukanze 😂😂😂😂,sadness,anger+sadness,0.142,0.008,0.061,0.004,0.841,0.014
kin_test_track_a_00373,the city of houston and i extend our prayers and condolences to our own screwed up click legendary rapper #bigpokey family and friends.,none,joy,0.007,0.018,0.036,0.97,0.055,0.046
kin_test_track_a_00376,"uyu muhanzi mu butumwa bw’uruhererekane yashyize kuri instagram stories yabanje kugaragaza yolo the queen, ari kuririmba indirimbo ye yise “single again” arangije akurikizaho ubutumwa agira ati “uko uba wiyumva iyo utegereje imodoka yawe ya range rover.’’",none,surprise,0.097,0.004,0.012,0.034,0.027,0.207
kin_test_track_a_00380,mwaramutse mwamfura mwe mumeze mute? mugire igicamunsi cy'impagarike n'ubugingo 🙏♥️,joy,anger,0.16,0.135,0.029,0.021,0.01,0.012
kin_test_track_a_00382,"bivugwa ko muri iyo nama ""inkende yaje yicara mu idirishya rikinguye ry’icyumba cyaberagamo inama.",surprise,sadness+surprise,0.033,0.008,0.009,0.012,0.671,0.388
kin_test_track_a_00385,hari abantu bahisemo brain kuyikoresha nk’amasogisi mw’iyi minsi😂😂😂,anger,anger+surprise,0.191,0.012,0.016,0.014,0.018,0.202
kin_test_track_a_00386,"ati “ubundi umutware yabaga afite agace atwara, umutware udafite aho atwaye aba atwaye iki, uwo aba ari bwoko ki?",none,anger,0.201,0.011,0.003,0.015,0.342,0.101
kin_test_track_a_00390,"kwinjira mu gisirikare cy’u rwanda, ni ibintu bikorwa mu buryo buciye mu mucyo, mu murongo ugororotse, gusa byageze ku bongereza badashyigikiye iyi gahunda yo kohereza impunzi mu gihugu, bavuga ko rushaka abo ruzashyira mu gisirikare.",none,anger,0.434,0.005,0.425,0.007,0.152,0.028
kin_test_track_a_00392,gahunda ariko ngo nuko uyu munsi ntamahoro agomba kuboneka😂😂😂😂😂😂😂😂 ##url##,fear,none,0.022,0.009,0.024,0.518,0.01,0.01
kin_test_track_a_00394,hari n’abatagira amagare kuko bisaba ubushobozi kurigira.,sadness,none,0.009,0.44,0.02,0.036,0.099,0.014
kin_test_track_a_00395,ibaze ukuntu mukanya kashize igihe narinsinziriye narindi muriyinzu nakanguka nkasanga ndi muri ghetto numuriro wabuze 😂 ##url##,sadness+surprise,sadness,0.01,0.04,0.017,0.015,0.9,0.053
kin_test_track_a_00396,"uyu muhanzi wagiye atamaze ipfa abari bamutegereje yakurikiwe n’abantu batandukanye biganjemo inkumi, bari banze ko agenda atabaramukije.",none,sadness,0.012,0.009,0.016,0.044,0.954,0.039
kin_test_track_a_00397,turi @<username> uwagenze na volcano yifuza guhora agenda nayo service nziza barayoboye mumajyepfo ntimwatanzwe rusizi ntimwatanzwe n'ahandi henshi ##url##,joy,none,0.07,0.006,0.008,0.368,0.019,0.006
kin_test_track_a_00398,kwakundi ujya kumurongo kuri bus wamara gutappinga siyo washakaga😭😭😭😭you have to wait another 10hrs,sadness,anger,0.183,0.005,0.044,0.005,0.093,0.109
kin_test_track_a_00402,@<username> @<username> uti abafite ubwenge n'amafaranga ni bangahe?🤔 usibye mwe mwanga u rwanda abandi bose ibyo barabifite wongeyeho n'umutekano.,anger,none,0.092,0.007,0.017,0.392,0.012,0.005
kin_test_track_a_00403,"nyuma y’igihe arwaye kanseri, yaje kuyikira nta muntu umubaze, ahita akomerezaho urugendo rwe rwo gushima imana, atangira gukora ivugabutumwa.",joy+surprise,sadness,0.004,0.006,0.025,0.086,0.803,0.101
kin_test_track_a_00405,"@<username> @<username> icyonzicyo ubunyiyenzaho, kandi ibibintu sibyiza!!! dore na chrie amaze kunkuraho amaboko😭😭😭",anger,none,0.065,0.005,0.011,0.012,0.151,0.012
kin_test_track_a_00408,yongeyeho ko ikibazo cya mwishywa we wagurishije isambu cyagejejwe mu nkiko.,none,sadness,0.015,0.019,0.042,0.024,0.972,0.021
kin_test_track_a_00413,ni yo mpamvu kadima n’itsinda rye banze ubugenzuzi bw’itsinda ryigenga batinya ko amakosa yabo ashyirwa ku karubanda.”,fear,anger+sadness,0.417,0.007,0.024,0.009,0.822,0.114
kin_test_track_a_00416,@<username> ukuntu abantu hanze aha batabyumva nicyo giteye inkeke😭😭😌 baba bijujuta !!,fear,anger,0.626,0.006,0.266,0.007,0.101,0.009
kin_test_track_a_00417,"ati “mbere wasangaga umuntu yoroye inkoko noneho amagi ziteye akayagurisha, wajya kureba ugasanga umwana we na we ari mu bafite imirire mibi n’igwingira.",sadness,surprise,0.038,0.008,0.014,0.006,0.475,0.176
kin_test_track_a_00420,maconco yigometse kuri mwezi.,none,disgust,0.068,0.809,0.008,0.014,0.087,0.034
kin_test_track_a_00422,na banki y’isi bigena ibipimo ngenderwaho mu gupima umwenda w’igihugu niba uzabasha kwishyurwa cyangwa ari umutwaro uremereye.,none,fear,0.01,0.027,0.68,0.047,0.039,0.051
kin_test_track_a_00424,ugasanga umutipe ariyemera ngo arya ibyana🛌...kdi atarigera abona umwobo w ifuku😂😂😂😂😂😂,anger+surprise,anger,0.426,0.021,0.014,0.016,0.013,0.011
kin_test_track_a_00428,"umunyamategeko juan smuts yatangaje ko kongera guta muri yombi kayishema, byatunguye we n’umuryango w’uwo yunganira.",surprise,sadness,0.016,0.008,0.018,0.008,0.731,0.066
kin_test_track_a_00431,mbonye iriya station ya police yi remera nibuka le 1 jan tujyayo gutanga ikirego ko batwibye 😩 kwibwa kuri ny😭😭😭,sadness,anger,0.97,0.036,0.04,0.009,0.099,0.103
kin_test_track_a_00434,umuntu nkawe uri kugenda urebera amashusho y'urukozasoni mu modoka?,disgust,surprise,0.025,0.519,0.013,0.019,0.234,0.653
kin_test_track_a_00435,dukora uburyo bwose bushoboka butuma umunyetorero yiyumvamo ibikorwa byaryo n’iby’igihugu.”,joy,none,0.019,0.007,0.019,0.056,0.018,0.034
kin_test_track_a_00436,shombo w’imyaka 17 mu kiganiro na igihe yavuze ko yabyirutse abona mu mudugudu avukamo hari abantu bafite ubumuga bwo kutabona bagenda ari uko babarandase.,sadness,sadness+surprise,0.005,0.015,0.051,0.046,0.915,0.22
kin_test_track_a_00437,ntabwo twari tubimenyereye ariko twabonye twarakinnye neza.,joy,none,0.006,0.012,0.011,0.367,0.033,0.09
kin_test_track_a_00438,"umwuka ukomeje kuba mubi hagati ya niger n’ibihugu by’amahanga by’umwihariko ibigize cedeao, umuryango wa afurika yunze ubumwe, u burayi na leta zunze ubumwe za amerika.",fear+sadness,none,0.007,0.005,0.072,0.087,0.052,0.016
kin_test_track_a_00440,"ku rundi ruhande ngo mu basoje amasomo kuva mu 1980 kugeza mu 2016, abo bamaze kumenyera imyirondoro bashobora gukoresha uburyo bw’ikoranabuhanga bakamenya aho bari, bagera ku bihumbi 41.",joy,surprise,0.008,0.008,0.17,0.025,0.057,0.184
kin_test_track_a_00441,atanga urugero ku babyeyi batuma abana bishyira ku gitutu bijyanye n’amasomo baba babahaye y’ibijyanye no gushimisha abazaba abagabo babo binyuze mu guca imyeyo nyamara uwo mubyeyi atazi niba uwo mwana we azanashaka.,sadness,none,0.098,0.005,0.053,0.012,0.469,0.004
kin_test_track_a_00445,mu 2011 urukiko rushinzwe kurengera uburenganzira bwa muntu mu burayi rwanzuye ko abakekwaho ibyaha bya jenoside bari muri suède boherezwa mu rwanda kandi byarakozwe.,joy,sadness,0.082,0.01,0.052,0.007,0.833,0.005
kin_test_track_a_00446,@<username> habaho no kwirengagiza mwana kugira ngo batakuniga ndaqa😂😂😂😂,none,anger,0.514,0.013,0.04,0.008,0.257,0.003
kin_test_track_a_00450,@<username> sorry igihe uri wenyine uge wibuka ko hari ukuri hafi uzi ibyawe akamenya ibyo ukeneye,none,anger,0.829,0.015,0.029,0.008,0.027,0.015
kin_test_track_a_00451,"2/2 ntuduhane mu bitwoshya, ahubwo udukize umubi, kuko ubwami n'ubushobozi n'icyubahiro ari ibyawe, none n'iteka ryose. amen. '",none,anger,0.369,0.022,0.027,0.016,0.082,0.003
kin_test_track_a_00452,"gitembagara yagize ati “usanga umuforomo ahembwa ibihumbi 197 by’amafaranga y’u rwanda, iyo uyagereranyije n’ishoramari yakoze yiga, ubona kugira ngo azagaruze byatwara imyaka hagati y’irindwi n’umunani.”",sadness,none,0.019,0.004,0.013,0.068,0.117,0.008
kin_test_track_a_00453,"muri iyi raporo avuga ko atigeze agaragarizwa inyandiko zisobanura umubare wa muvelo zizakorwa n’ingano yazo, ibishobora gutuma bimwe mu bikoresho bita agaciro bigahombya leta amafaranga atari make.",none,anger,0.119,0.004,0.176,0.017,0.029,0.012
kin_test_track_a_00456,"sha sinkubeshye nsigaye ngukemanga.""",fear,none,0.017,0.507,0.229,0.022,0.059,0.015
kin_test_track_a_00457,"ese umuntu agusabye, ukamuha mukanya ukamubona ari kunywa biere wabifata ute???",none,anger,0.773,0.129,0.029,0.008,0.018,0.092
kin_test_track_a_00460,arko imbeba ko bazigeragerezaho inkingo mukaba mukomeje kuzica nizishira bizagenda bite,anger,none,0.054,0.027,0.131,0.014,0.072,0.004
kin_test_track_a_00464,ibyo byatumye hashyirwaho ihuriro ry’amashyaka ngo aganire ku bibazo binini bireba igihugu n’abaminisitiri babagezeho ibigiye gukorwa n’ingamba igihugu gifite.,fear,none,0.038,0.004,0.014,0.018,0.041,0.101
kin_test_track_a_00465,@<username> @<username> “ibitagira abakuru birumba ari indaru (indaro)” ariko kandi igihugu kiramutse kidafite abato bacyo cyakwizera kurimbuka vuba bidashidikanywaho.,none,anger,0.323,0.006,0.007,0.01,0.465,0.009
kin_test_track_a_00467,@<username> ndumva nkugiriye imbabazi gake twese ngo ntituresha pa sorry 😭😭😭,sadness,anger,0.402,0.006,0.006,0.015,0.101,0.017
kin_test_track_a_00468,abanyamakuru bige gukoresha amarenga (geste) ntiyabumvise neza 🤣🤣 akumiro ni ivunja 🥳🥳 ##url##,surprise,anger,0.785,0.012,0.017,0.007,0.054,0.056
kin_test_track_a_00469,ati “birakenewe ko uyu mugabane wiyubaka mu bitekerezo ukumva ko utagomba kugaburirwa n’abandi.,anger,anger+surprise,0.283,0.011,0.141,0.016,0.007,0.142
kin_test_track_a_00472,"@<username> 😂😂🤣🤣🤣🤣🤣🤣 kwifata biranze ndaseka, nanjye nidubura nzareba ko udafute inzāra nk'izinka!🇻🇺",joy,anger,0.774,0.008,0.045,0.013,0.037,0.007
kin_test_track_a_00475,"yagarutse ku ngaruka bishobora gutera ati “aho mbona bishobora kubangamira ubumwe, ni uko abantu bashobora gutangira kwireba muri iyo ndorerwamo y’ubwoko bwabo, noneho nko mu gihe cyo gutanga imirimo, niba mwamaze kubikora nk’umuryango, hakaza ikimenyane.",fear,anger+fear,0.163,0.027,0.862,0.067,0.018,0.015
kin_test_track_a_00476,"😂 nari nicaye ahantu numva umwana abajije nyina ngo mbese kunyara bisobanuye ik …,kugeza nanubu ntabwo aramusubiza ndakomeza mbahe amakuru 😂🤌",none,anger,0.205,0.004,0.067,0.005,0.101,0.11
kin_test_track_a_00478,daliso yavuze ko nyuma yo kugera mu rwanda yasanze ibyo uwo munyamasengesho yavugaga cyari ikirundi.,none,sadness,0.023,0.018,0.029,0.016,0.964,0.018
kin_test_track_a_00480,umunsi umwe nibwo umujyanama wabo yabwiye schwarzenegger ko umugore we akeneye kumenye ukuri kose kuko yari amaze igihe amukeka amababa harimo no kubyarana n’undi mugore.,fear,sadness,0.013,0.006,0.012,0.038,0.809,0.016
kin_test_track_a_00481,@<username> @<username> @<username> @<username> @<username> @<username> @<username> @<username> @<username> @<username> @<username> @<username> nyihanganira man tubifate ko ari 1/1 twiyunge ntacyo dupfa mn,sadness,anger,0.3,0.004,0.03,0.01,0.087,0.006
kin_test_track_a_00483,"abatangabuhamya babwiye igihe ko uwo musore yari arimo gusangira inzoga na bagenzi be b’abahungu, aza kunyuzamo atangira gukorakora umwe muri bo amubwira ko yamukunze, undi ahita amukubita umugeri agwa hasi.",sadness,sadness+surprise,0.025,0.032,0.029,0.043,0.966,0.696
kin_test_track_a_00486,ariko ubundi umuh'akazi ninde? mashami nubwo wamuha ikipe yo mucyiciro cya 2 ntakipe yatsinda 🙅🙅🙅🙅,anger,anger+surprise,0.17,0.005,0.016,0.011,0.12,0.417
kin_test_track_a_00487,@<username> amahirwe menshi nuko yaba ari @<username> kuko ejo yarengeraga ndimbati nk'ufite uburambe mugutera inda 🏃🏃😂😂,anger,surprise,0.047,0.004,0.01,0.042,0.028,0.25
kin_test_track_a_00488,uwitwa batman yahize abandi bari bahatanye muri ibi bihembo kubera ko ari we watowe cyane kurusha bagenzi be.,joy,sadness,0.015,0.024,0.02,0.024,0.969,0.027
kin_test_track_a_00489,komera imana data amashyi umushimire ko uri i kigali ##url##,joy,none,0.046,0.012,0.011,0.282,0.018,0.005
kin_test_track_a_00490,yongeyeho ko inzu yose igaragaye mu kajagari muri nyamirambo ikurwaho naho iby’abashinjwa kurya ruswa bikaba ari ubuzima bwabo ku giti cyabo.,anger,sadness,0.005,0.013,0.042,0.029,0.881,0.03
kin_test_track_a_00491,"mu ijoro ryo ku itariki ya 25 nzeri 2015 , umunsi umukinnyi wa filime saphine kirenga yizihizagaho isabukuru y’amavuko, mu buryo butunguranye umusore bakundanaga yazanye impeta y’urukundo [fiançailles] ayambika uyu mukobwa inshuti n’abavandimwe bose babireba.",joy+surprise,sadness,0.004,0.01,0.017,0.512,0.776,0.056
kin_test_track_a_00494,"ati “twumvaga ko hari abanyarwanda ntabwo twari tuzi inyenzi, urugamba rutangiye batangiye kutubwira ko ari abantu bafite amatwi atendera twari dufite amatsiko yo kumenya uko bateye.",none,anger+sadness,0.182,0.005,0.014,0.013,0.889,0.034
kin_test_track_a_00495,"yavuze ko amahoro yaba ahari cyangwa se adahari, abantu badakwiriye gutakaza icyizere, kuko hari abantu bo gushyira ibintu mu buryo, ibitarakozwe ejo bigakorwa neza uyu munsi.",none,fear,0.029,0.027,0.871,0.145,0.038,0.013
kin_test_track_a_00496,yavuze ko yari afite n’izindi ngabo zari mu majyaruguru y’igihugu aho ibyihebe n’inyeshyamba byari biherereye.,none,sadness,0.032,0.014,0.059,0.017,0.971,0.013
kin_test_track_a_00497,@<username> mwaramutse! internet yanze rwose mudufashe mukemure ikibazo gihari iri kutwicira akazi murako,anger+sadness,anger,0.673,0.006,0.013,0.015,0.066,0.009
kin_test_track_a_00498,ati “turizeza ko nk’igihugu tuzakora ibishoboka byose.,none,anger,0.205,0.012,0.121,0.038,0.014,0.007
kin_test_track_a_00500,bamushinjaga ivangura no guheza bamwe mu baturage ba thailand.,none,anger+sadness,0.237,0.031,0.007,0.011,0.938,0.059
kin_test_track_a_00501,"ati “ barwanye umugabo aniga umugore we ku bw’amahirwe aza kumucika ariruka ajya guhuruza abaturanyi n’ubuyobozi bw’inzego z’ibanze, abaturanyi baje bashakisha umugabo mu rugo baramubura, naho undi yabonye umugore agiye agira umujinya afata umwana wabo w’amezi arindwi wari uryamye ahita yiruka baramubura, bakomeje gushakisha ahantu hose barababura biba ngombwa ko baryama bakagira ngo wenda yabihishe ari buboneke mugitondo.”",sadness,anger+sadness,0.18,0.022,0.087,0.022,0.987,0.01
kin_test_track_a_00504,"yavuze ko nko mu myaka mike ishize nta watekerezaga nk’imodoka zikoresha amashanyarazi n’ibikomoka kuri peteroli (hybrid), ariko ubu mu rwanda zimaze kugwira, kubera amahirwe guverinoma yatanze, arimo kugabanya imisoro.",joy,none,0.009,0.004,0.043,0.328,0.091,0.009
kin_test_track_a_00505,"@<username> @<username> arazizi cyane, nakurangire rwose njya mbona ari umuseeenzi wa cyane",anger,joy,0.012,0.012,0.013,0.953,0.051,0.034
kin_test_track_a_00506,"ubushakashatsi bukomeza buti “mu murwa mukuru [kigali], ingo zisaga 61% z’abantu ku giti cyabo zibamo abantu bakodesha.”",none,anger,0.14,0.008,0.156,0.03,0.013,0.084
kin_test_track_a_00508,"amakipe apr fc yahoze itsinda muri afurika yamaze kuyisiga, murasezeranya abakunzi bayo ko kuri iyi nshuro muje guhangana ku ruhando mpuzamahanga?",none,surprise,0.012,0.004,0.012,0.182,0.037,0.193
kin_test_track_a_00510,"dushigikiye ibikorwa byiza mukora kandi tubarinyuma, twifuza gufatanya namwe @<username> @<username> @<username> @<username> @<username> @<username> @<username> @<username> ubutumire tuzabwitabira ntankomyi, muri #imfuranzima. ##url##",joy,anger,0.152,0.016,0.012,0.05,0.016,0.006
kin_test_track_a_00512,kayishema n’abandi bahise bagenzura iyimurwa ry’imirambo bayivana mu rusengero bayijyana mu mva rusange mu minsi igera kuri ibiri yakurikiye.,sadness,none,0.005,0.005,0.01,0.309,0.253,0.029
kin_test_track_a_00513,ubundi nujya muri interview ugasanga irakoreshwa n'umugabo uzamubwire ngo nutampa akazi nzaguteretera umugore wae. interview izahita irangira shn,none,anger,0.754,0.005,0.057,0.008,0.073,0.026
kin_test_track_a_00514,ati “ni igihugu tubanye igihe kirekire cyane kuva cyafungura ambasade yacyo mu rwanda.,joy,none,0.015,0.006,0.009,0.309,0.028,0.015
kin_test_track_a_00515,"“umugore yatubwiye ko bageze mu rugo bakoze imibonano mpuzabitsina barangije bararyama, mu gitondo umugore yarabyutse amusiga mu buriri ajya gushaka icyo barya agarutse arebye asanga undi yapfuye ahita atangira gutabaza.”",sadness+surprise,sadness,0.033,0.03,0.075,0.035,0.993,0.032
kin_test_track_a_00516,"habagusenga yavuze ko yasabye imbabazi umugore we batangira gushyira hamwe amafaranga yanyweraga n’ayo yajyanaga mu ndaya, ngo yahise atangira kuyabika yiguriramo igare, atangira kwahirira inka yabo kugeza ubu ngo imaze kugera kuri litiro icumi mu gihe mbere yabonaga litiro eshanu.",joy,sadness,0.008,0.008,0.012,0.118,0.931,0.06
kin_test_track_a_00518,"ati “nyuma yo guhabwa amakuru yizewe n’abaturage baturiye umupaka, ko hari magendu y’imyenda ya caguwa yinjijwe mu gihugu ivanywe mu bihugu by’abaturanyi, polisi yateguye ibikorwa byo kubafata, mu murenge wa kigarama wo mu karere ka kirehe, ku isaha ya saa kumi n’ebyiri za mu gitondo hafatirwa abantu batanu bari batwaye ku magare amabalo atanu.”",none,sadness,0.022,0.007,0.034,0.016,0.866,0.009
kin_test_track_a_00519,"ati “ndashaka nihere ubutumwa inshuti yanjye jean fidèle, ndashaka nkubwire ko bitamvuye mu mutwe igihe wishimaga ibyishimo byanjye.",anger,sadness+surprise,0.061,0.004,0.007,0.017,0.784,0.163
kin_test_track_a_00521,"hashize iminsi ikibazo cy’iyi ndwara gikurikiranwa cyane haba ku nzego z’ubuyobozi n’abahinzi ubwabo muri rusange, ariko ngo biranga bikaba iby’ubusa, uburwayi bugakomeza kwibasira umusaruro w’abahinzi.",sadness,none,0.048,0.011,0.534,0.018,0.243,0.005
kin_test_track_a_00523,@<username> ahogutera intambwe 99 ujya inyuma uzatere imwe ugana imbere,none,anger,0.558,0.01,0.033,0.01,0.021,0.024
kin_test_track_a_00524,@<username> rayon imyenda tadusaziyeho peee!! uziko ku mupira wa mico izina rayon ryasibye!!! shameful for @<username>,anger+sadness,joy,0.01,0.018,0.026,0.97,0.031,0.035
kin_test_track_a_00528,ahubwo bipfira aho lil_g aririmbiye umusatsi. ##url##,none,anger,0.125,0.01,0.01,0.026,0.026,0.009
kin_test_track_a_00532,agahinda ka mbere nugufana arsenal uri umukene rwose,anger+sadness,sadness,0.028,0.013,0.015,0.018,0.908,0.015
kin_test_track_a_00533,"umva sister menya amazina ya boyfriend🙎‍♂️🙎‍♂️ wae ya nyayo ntagutera inda ntabwo tuzagufasha gushaka """" mane dreezy"""" 😂🤣🤣🤣🤣🤣🤣",none,anger,0.76,0.013,0.035,0.008,0.022,0.052
kin_test_track_a_00537,"yaramututse ngo ni imbwa, ngo na mama wawe ni imbwa.",sadness,none,0.013,0.28,0.009,0.018,0.477,0.036
kin_test_track_a_00538,"@<username> @<username> namba no kukuruma bwageze mu kanwa watangiye kumva ubunyunyusi bwabwo,uzi kukuruma umunwa ugiye gutamira,umunwa ugahita ubyimba!🤣🤣🤣",sadness,anger+surprise,0.257,0.012,0.011,0.008,0.038,0.161
kin_test_track_a_00541,"@<username> babyeyi amazi turayakumbuye, mukore geste wenda tubone ayo kunywa ibicurane bigiye kutwica",sadness,anger,0.211,0.035,0.016,0.011,0.043,0.006
kin_test_track_a_00542,"umuyobozi mukuru wa irembo, israel bimpe, yagaragaje ko hakenewe kubaka ibikorwaremezo bikomeye kugira ngo abaturarwanda babone internet nziza kandi yizewe.",none,joy,0.023,0.01,0.066,0.569,0.012,0.01
kin_test_track_a_00544,@<username> @<username> uyu mwana aba rayon tumugurire umwenda wa equipe! uburayon buravukanwaaa!!,joy,none,0.056,0.007,0.013,0.216,0.037,0.004
kin_test_track_a_00545,urongoye umugore mwiza aganya ibyago nuteye igiti cyamapera mukigo cyamashuli ya primary😂❤️,sadness,none,0.01,0.017,0.007,0.097,0.111,0.011
kin_test_track_a_00546,"ijambo inkotanyi rinyibutsa ingabo zitazwi zagize uruhare mu rugamba rwo kwibohora, zitagize amahirwe yo kugera ku ivuko nka marume bosco.",sadness,none,0.048,0.006,0.086,0.012,0.38,0.007
kin_test_track_a_00547,ubu se #apostlepaulgitwaza nk'uvuga rikijyana yaba yarabigenzuye neza ku buryo yabyigisha imbaga atya? birambabaje njyewe! @<username> @<username> @<username> @<username> @<username> @<username> ##url##,anger+sadness,sadness,0.071,0.012,0.011,0.027,0.972,0.045
kin_test_track_a_00548,@<username> @<username> @<username> @<username> @<username> @<username> @<username> @<username> @<username> @<username> @<username> nari ngiye gushyira status kuri watsapp ivuga ko watsapp yanze gukora none byanze🙄,none,anger,0.76,0.009,0.028,0.01,0.025,0.022
kin_test_track_a_00549,yatanze urugero rw’uherutse gutabwa muri yombi ashinjwa kwandika ubutumwa bushishikariza abantu gusambanya abana.,sadness,surprise,0.045,0.033,0.015,0.018,0.174,0.704
kin_test_track_a_00550,"ati “ikibazo cyarakemuwe, turabona intambwe igenda iterwa mu bijyanye n’umubare munini w’abantu bari baravanywe mu byabo bari kubasha gusubira mu byabo kandi bagatangira ibikorwa nk’uko bikwiye.""",joy,sadness,0.028,0.021,0.366,0.038,0.977,0.01
kin_test_track_a_00551,ai nyamara uba utubwiye nabi aba papa twirira udusendababoyi😅 ushatse wakwihana @<username> 🤣🤷🏾‍♂️ ##url##,sadness,anger,0.823,0.023,0.021,0.008,0.083,0.006
kin_test_track_a_00552,minecofin yo yagaragaje ko hari ibikorwa n’imishinga yarangiye ndetse amafaranga akaba ahari ariko abakoze ibyo bikorwa bakaba baratinze kwishyuza.,none,sadness,0.075,0.006,0.374,0.014,0.76,0.007
kin_test_track_a_00553,"🙃mani girl arambwiye ngo iyambarire byanze …, ndacyamusaba another round ndakomeza mbahe ikuru 😭😭😭",none,sadness+surprise,0.032,0.026,0.11,0.054,0.824,0.94
kin_test_track_a_00557,@<username> @<username> @<username> ni agahomamunwa c? cg njye mbaza ibindeba?🤦🤸,none,anger,0.943,0.028,0.055,0.007,0.037,0.021
kin_test_track_a_00559,ubu buryo kandi bugabanya ibibazo bishobora kuvuka mu guhanahana amafaranga hagati y’abantu.,joy,none,0.011,0.036,0.296,0.086,0.035,0.008
kin_test_track_a_00560,"ubaye urumukobwa, ufite million 7 munzu, umujura akinjira, akagusaba ko mwakora sex, cg gutwara ayo amafaranga wahitamo iki?",sadness+surprise,anger+surprise,0.662,0.027,0.053,0.006,0.025,0.335
kin_test_track_a_00561,"yagize ati ""mu bibazo bikibangamiye igihugu harimo igwingira kuko ubushakashatsi bwerekanye ko mu bafite imyaka itanu nibura umwe muri batatu aba agwingiye.”",sadness,anger,0.17,0.015,0.176,0.005,0.433,0.004
kin_test_track_a_00562,igisebe ke kiraninda amashyira,disgust,anger+disgust,0.315,0.982,0.026,0.022,0.052,0.073
kin_test_track_a_00563,@<username> @<username> hari umukobwa wambwiye ngo iyo umunsi wije atabonye umugabo umureba ngo amukurikize ijisho amenya ko uwo munsi yambaye nabi.,surprise,sadness+surprise,0.073,0.009,0.01,0.011,0.72,0.452
kin_test_track_a_00564,yakomeje ati “hari n’abandi bakora ibyo bikorwa atari uko bafite impano ahubwo ari ukubera ko ubuzima bwabashyize mu kibazo gituma bagomba kubishobora.,sadness,none,0.047,0.004,0.008,0.106,0.045,0.007
kin_test_track_a_00565,byazanye amara ahubwo niyompamvu bivuga nk’ibijunditse umwanda,anger+disgust,disgust,0.045,0.981,0.03,0.053,0.032,0.049
kin_test_track_a_00566,@<username> ndabibona wakoreye imbere mzee . umwana ni uwijanja ##url##,none,anger,0.155,0.009,0.009,0.071,0.019,0.005
kin_test_track_a_00567,sinzi impamvu iyo maze kurya mubaturanyi mpita numva nakwitahira 😊😊,surprise,none,0.007,0.31,0.074,0.015,0.071,0.035
kin_test_track_a_00568,nyirashema yahakanye ibyo umusore we amushinja avuga ko yabivuze kuko ashaka kumutwara inzu.,anger,sadness,0.075,0.021,0.007,0.013,0.956,0.091
kin_test_track_a_00569,"rutahizamu wa @<username> , william opoku mensah yahagaritswe iminsi 8 adakorana imyitozo na bagenzi be kubera imyitwarire itari myiza. ##url##",sadness,none,0.025,0.005,0.007,0.021,0.35,0.021
kin_test_track_a_00571,kwinjira muri iki gitaramo bisaba kwishyura ibihumbi 10frw ubundi ukayanywera wumva icyanga cya amstel.,joy,surprise,0.07,0.013,0.016,0.03,0.036,0.535
kin_test_track_a_00572,"inyubako y'umurenge wa @<username> yatwaye amafaranga y'u rwanda miliyoni 900 gusa, nyamara ni imwe mu nyubako zigezweho dufite. @<username> 👏🏾👏🏾👏🏾 @<username> @<username>",none,joy,0.008,0.007,0.01,0.741,0.025,0.051
kin_test_track_a_00573,ikindi usanga zijya kumera nk’izifitanye isano ya hafi.’’,none,fear,0.01,0.097,0.763,0.03,0.042,0.126
kin_test_track_a_00575,"incakwaha ze iyo zivanze n'ibyuya, ntiwarya umwicaye iruhande.",disgust,sadness,0.041,0.554,0.012,0.013,0.64,0.01
kin_test_track_a_00576,"yageze aho ahindura ishyamba rya shakahola mu burasirazuba bwa kenya nk’ahantu hadasanzwe, abakirisitu bajyaga guhurira bakahamara iminsi basenga.",surprise,joy,0.007,0.013,0.014,0.897,0.152,0.027
kin_test_track_a_00578,@<username> ibyo yakoze nibyo bikwiriye. nta gitangaza yewe nta n'inkuru irimo. imana iri hejuru cyane y'ibyubahoro byacu kuko minayo ibitugabira.,none,anger,0.362,0.006,0.008,0.034,0.043,0.005
kin_test_track_a_00579,ati mwana wanjye humura aho batari nzahababera.,joy+sadness,sadness,0.025,0.161,0.021,0.021,0.88,0.007
kin_test_track_a_00581,@<username> jesus christ 😭😭😭 kuva nabaho nubwambere ngize intimba . nshuti ihumurire wabayeho kdi warashibutse. god be with you,sadness,none,0.012,0.003,0.008,0.162,0.192,0.01
kin_test_track_a_00583,"iyi komisiyo yagaragaje ko isesengura ryayo ryagaragaje ko umusaruro w’ubuhinzi n’ubworozi utaragera ku rugero rwifuzwa kubera imbogamizi ziterwa n’imihindagurikire y’ikirere, ubwishingizi bw’ibihingwa bukiri hasi, igiciro cy’ifumbire mvaruganda cyiyongereye bigatuma ikoreshwa ryayo rigabanuka n’inguzanyo zo mu rwego rw’ubuhinzi zikiri hasi.",sadness,fear,0.012,0.014,0.837,0.074,0.351,0.014
kin_test_track_a_00584,binanze mwegere umuhe undi munsi kuko birashoboka ko igihe wamuhaye byanze. ariko ubizirikane pe💜 ##url##,none,anger,0.699,0.005,0.067,0.008,0.085,0.009
kin_test_track_a_00585,@<username> kuva nakera umwana yacishwagaho akanyafu ubu abarimu nababyeyi ntibavuga uramva ejo hazaza nihabi cyane,sadness,anger,0.202,0.004,0.006,0.018,0.608,0.009
kin_test_track_a_00590,noneho ikibabaje n’ukuntu azinduka n’imituna ishoka ku maso nkaho aba mu ishamba.,disgust,sadness,0.031,0.049,0.027,0.029,0.988,0.03
kin_test_track_a_00593,@<username> urumva kuba abana basoza amasomo bagaca amakayi abandi ukumva ngo batwitse ibitanda ni ibintu bisanzwe?,anger,none,0.097,0.02,0.04,0.005,0.027,0.028
kin_test_track_a_00595,ibi byaramubabazaga ku buryo yatangiye gukeka ko yaba afite undi mugore bacuditse ariko iteka akamwereka ko ari kumwe na wa musore bigatuma atuza.,sadness,sadness+surprise,0.028,0.024,0.022,0.028,0.981,0.358
kin_test_track_a_00596,"bajya gutabaza animatrice, ngo ni uko umuhire yari amaze kwitura hasi.",sadness,none,0.018,0.297,0.024,0.007,0.14,0.105
kin_test_track_a_00597,mwana wa mama waje tukajya twivugira story zubusambanyi ko ntawe uzatwinjijirira ##url##,none,anger,0.923,0.012,0.034,0.007,0.21,0.014
kin_test_track_a_00600,ni indirimbo weasel yanashyizemo ijambo ry’ikinyarwanda avuga ati ‘ndagukumbuye’ yibutsa teta sandra ko amukumbuye.,joy,surprise,0.013,0.009,0.005,0.291,0.03,0.216
kin_test_track_a_00601,bavuga ko umutangabuhamya mu rubanza yayobeje abacamanza avuga ko ataramenya neza niba azasaba indishyi z’amafaranga.,sadness,surprise,0.063,0.008,0.053,0.012,0.38,0.555
kin_test_track_a_00602,"umuryango @<username> twifatanije n'urwanda mukubungabunga uburenganzira #bw'umwana himakazwa kumva ibitekerezo bye, @<username> @<username> @<username> namwe mwese! birabareba &amp; mwiteho nkuwawe ##url##",joy,none,0.103,0.01,0.012,0.163,0.02,0.004
kin_test_track_a_00603,"@<username> bibiliya irakureba nawe, yubahe unayikurikize kugira ngo uzaramire mu gihugu uwiteka imana yawe iguha",none,anger,0.942,0.023,0.049,0.01,0.398,0.007
kin_test_track_a_00604,@<username> @<username> @<username> utarumva umwana asuhuza se amuhereza ingumi ati gongaho gee😁,none,anger,0.339,0.006,0.008,0.006,0.312,0.049
kin_test_track_a_00607,@<username> ikindi knd tugomb kwibukirany nuko isutiye ikunaniye kuyifungur uyinyuz hejuru nkama lunettes 👓 murakoze murakarama,none,anger,0.499,0.007,0.019,0.042,0.017,0.006
kin_test_track_a_00609,"mu matariki 10 uku kwezi, ibitangazamakuru bitandukanye ku isi byatangiye kunuganuga ko rihanna, yaba yarabyaye ariko bifatwa nk’ibihuha kuko benshi ntibavugaga igitsina yibarutse cyangwa se amazina y’umwana cyangwa se ibindi byagaragaza ko koko haba hari abafite amakuru y’impamo.",none,fear+surprise,0.008,0.016,0.712,0.015,0.357,0.157
kin_test_track_a_00610,yapfuye atabaye umwami.,sadness,none,0.006,0.034,0.016,0.038,0.335,0.06
kin_test_track_a_00612,yakomeje avuga ko uyu muryango bawohereje kuri rib ya kimisagara kugira ngo utazicana anashimangira ko uwo mugore wakabiri nawe yamaze kuva muri urwo rugo.,fear+sadness,sadness,0.025,0.02,0.051,0.027,0.98,0.013
kin_test_track_a_00613,aya magambo arahumuriza cyane. imitima yacu nifungure yakire ubu butumwa ##url##,joy,anger,0.151,0.005,0.015,0.096,0.043,0.004
kin_test_track_a_00614,"muri rusange ibintu biba ari byiza.""",joy,none,0.006,0.006,0.034,0.465,0.056,0.016
kin_test_track_a_00617,@<username> ntago ubeshye rwose ni indamutsa @<username> arakaguhama wamfura we,joy,none,0.049,0.008,0.022,0.215,0.012,0.005
kin_test_track_a_00619,twatunguwe no gusanga imitungo yose yarayiyanditseho tutabizi nk’abanyamuryango ba koperative.,surprise,anger,0.416,0.017,0.005,0.008,0.558,0.039
kin_test_track_a_00620,"yakomeje abwira uyu muntu ko yizera ko nyuma y’ibi ameze neza kandi amusezeranya ko uwamwibasiye agiye kumukumira akanamukomanyiriza kuri instagram, kuko atakwihanganira imyitwarire nk’iyo yagaragaje.",anger,none,0.017,0.004,0.013,0.417,0.265,0.008
kin_test_track_a_00621,@<username> @<username> babwire ko bari kunywa mukaru kandi mu by'ukuri barimo kunywa umutobororo,none,sadness,0.022,0.013,0.027,0.01,0.817,0.012
kin_test_track_a_00627,emeran na we yamusubije yifashishije akamenyetso k’igipfunsi wasobanura nko gushyigikira ibyo avuze.,none,anger+surprise,0.238,0.043,0.022,0.017,0.126,0.892
kin_test_track_a_00630,nizere ko babantu bafashaga mama kumfata agiye kunkubita ubu bakora muri cia na fbi😭😭 ibigome gusa😩,anger,anger+sadness,0.134,0.045,0.011,0.011,0.965,0.034
kin_test_track_a_00631,yasabye abaturage cyangwa abagana ahatangirwa serivisi muri rusange kujya batanga amakuru mu gihe hari aho batakiriwe neza.,none,joy,0.009,0.007,0.028,0.685,0.044,0.009
kin_test_track_a_00635,cyakoza harinabantu badakunda bagenzi bababo reba ukuntu uyumushinwa akubita umunyarwanda mugenziwe areba rukara yari intwari peee ##url##,anger+sadness,sadness,0.094,0.012,0.007,0.045,0.966,0.044
kin_test_track_a_00636,"@<username> @<username> @<username> ntabwo ndubaka ariko ndumva imvune z’umubyeyi n’inshingano zo kurinda ubuzima bw’umwana, nkurikije ibyo uvuga @<username> .",sadness,anger,0.222,0.005,0.056,0.007,0.269,0.004
kin_test_track_a_00642,ibi ni byo bituma mvuga ko twiteguye neza.”,joy,none,0.036,0.006,0.023,0.06,0.03,0.008
kin_test_track_a_00645,"ati “twakoreye muri za laboratwari zacu ziri i kigali, i huye, i musanze n’ahandi.",none,joy,0.01,0.011,0.011,0.724,0.032,0.015
kin_test_track_a_00646,mu cyumweru cyabanjirije igishize ni bwo davis d yagaragaraye yambaye inkweto za big red boots zigezweho mu ruganda rw’imideli.,none,joy,0.006,0.006,0.014,0.65,0.024,0.099
kin_test_track_a_00652,ark c musore ni gute uteka igikoma cyakubunnye cyamara gushya aho kugishyira muri teremusi ukakimena hasi koko🙄🙄🙄,anger+sadness,anger,0.926,0.023,0.063,0.006,0.06,0.043
kin_test_track_a_00653,"umukuru w’igihugu yavuze ko nubwo bimeze bityo, usanga hakiri icyuho mu bijyanye n’ubutabera buhabwa abagore ndetse no kuba benshi bakiri mu mirimo itanditse cyangwa itinjiza amafaranga ugereranyije n’abagabo.",sadness,none,0.038,0.008,0.348,0.015,0.075,0.008
kin_test_track_a_00656,@<username> hanyuma ngo urubyiruko twiteze imbere kd aribo badusubiza inyuma🙄🙄 this country☹️😐,anger,joy,0.02,0.01,0.015,0.798,0.012,0.019
kin_test_track_a_00657,icyo gihe umutwe w’umurangangoma w’ingoma ye wari ingabo zitwaga “abaganda”.,none,sadness,0.089,0.017,0.025,0.012,0.974,0.024
kin_test_track_a_00658,julienne uwacu wayoboraga @<username> iheruka guseswa yahawe umwanya muri minisiteri y’ubumwe bw’abanyarwanda n’inshingano mboneragihugu nk’umuyobozi nshingwabikorwa w’ishami rishinzwe ukwiyubaka kw’umuryango. #rwanda @<username> ##url##,none,joy,0.012,0.019,0.023,0.926,0.018,0.019
kin_test_track_a_00660,@<username> ni hahandi bavuga ko abapfa bazakomeza bagapfa😭😭😭,sadness,none,0.054,0.007,0.291,0.026,0.173,0.003
kin_test_track_a_00661,"biden yavuze ko yanze ibyo perezida putin yasabaga mbere y’uko intambara itangira, by’uko ukraine itakwemererwa kwinjira muri nato, avuga ko uyu muryango ufunguye kuri buri wese.",anger,anger+fear,0.196,0.006,0.657,0.009,0.261,0.044
kin_test_track_a_00662,"uyu mugore abibwira undi uri mu bamukurikiye, akamusezeranya ubufasha ndetse akamubwira ati “reka kuri iyi nshuro, ntituze kureka ngo ibi bintu birangire gutyo gusa.’’",none,sadness,0.023,0.005,0.139,0.034,0.919,0.008
kin_test_track_a_00663,"@<username> unshotoye bikambabaza sinaviramo aho da,nagukoma 😂😎",anger,none,0.09,0.01,0.009,0.004,0.301,0.015
kin_test_track_a_00664,munyumvire abase biyemeje icyaha batakoze kandi banasjija banahamya abandi icyaha bataranabaho. ibi nabyo ni icyaha ubwabyo bakoze. ##url##,surprise,anger,0.801,0.025,0.016,0.01,0.511,0.006
kin_test_track_a_00665,@<username> bisanzwe bizwi nubundi ko ferwafa ikora nabi wagira ngoyo na reb biba biri kurushanwa,anger+sadness,none,0.071,0.005,0.007,0.007,0.141,0.041
kin_test_track_a_00667,@<username> @<username> kowagira ngo urumuhungu cg ubavukamo urumwe🤔😂😂 nibyo iyo ukabije 3 iya gatatu niyo kugutabara imvura yaguye😂😂,none,anger,0.209,0.004,0.013,0.021,0.244,0.004
kin_test_track_a_00668,akarere ka @<username> umurenge #tumba akagari ka #gitwa umudugudu #berwa habaye kwangirika kw'itiyo y'amazi bityo amazi ari kumeneka ku buryo bukabije. @<username> @<username> #tabara ##url##,fear,sadness,0.031,0.015,0.055,0.055,0.981,0.011
kin_test_track_a_00671,@<username> abantu batukana baba bagaragaza intege nke muguhangana kuko umuntu ntiyemezw ningano yibitutsi wamututse ndabashimiye,none,anger,0.591,0.011,0.011,0.007,0.61,0.009
kin_test_track_a_00673,youtubers rn: baguwe gitumo bari kunywa urumogi ba banyamakuru mukunda cyane ##url##,sadness,joy,0.015,0.01,0.017,0.813,0.014,0.02
kin_test_track_a_00674,harigihe wibwira ko uri gutwika nyamara uri gushiririza 💀,anger,none,0.031,0.518,0.042,0.027,0.032,0.015
kin_test_track_a_00678,"mu rwanda, urumogi rushyirwa mu cyiciro cy’ibiyobyabwenge bihambaye, aho umuntu wese uhamijwe n’urukiko gukora, guhinga, guhindura, gutunda, kubika, guha undi, cyangwa kurugurisha mu gihugu, ahanishwa igifungo cya burundu n’ihazabu y’amafaranga y’u rwanda arenze miliyoni 20 ariko atarenze miliyoni 30.",surprise,none,0.024,0.006,0.047,0.009,0.401,0.013
kin_test_track_a_00684,@<username> @<username> mujye mucisha make daa kuk ni 🔥,none,anger,0.872,0.017,0.029,0.011,0.037,0.01
kin_test_track_a_00685,yavuze ko uretse ko kwangiza ibidukikije ari n’icyaha ngo ubikora aba atifuriza ineza abaturage kuko ngo aba ashaka ko imvura ibura burundu.,anger,none,0.041,0.006,0.015,0.012,0.465,0.007
kin_test_track_a_00686,"ariko, akenshi twirengagiza ababa banditse izi ndirimbo cyane ko umuhanzi uretse kugira ijwi ryiza aba akeneye ibitekerezo byinshi bituma akora igihangano gishitura benshi.",none,anger,0.118,0.004,0.006,0.023,0.058,0.077
kin_test_track_a_00687,"bitunguranye kuri ako gace yahasanze abandi bagabo batatu bose bategereza ko ubwo bwato buhaguruka, ariko ngo yari afite ubwoba ko abo bantu bashya bahuye bashoboraga kumwica cyangwa bakamusunika mu mazi.",fear,fear+sadness,0.017,0.023,0.699,0.033,0.964,0.023
kin_test_track_a_00688,birasa n’ibigamije guca intege abandi ngo bataza kuko hari igihano gikomeye kibategereje.,none,sadness,0.084,0.008,0.029,0.009,0.647,0.004
kin_test_track_a_00690,"mu gihe yari ategereje kuririmba, uyu muhanzi w’umunya-nigeria yasohokeye ahantu hatandukanye muri kigali ari nabwo amashusho umukundwa yashyize hanze bari kumwe yafashwe.",none,surprise,0.004,0.005,0.017,0.137,0.609,0.312
kin_test_track_a_00691,@<username> @<username> @<username> @<username> @<username> @<username> @<username> @<username> @<username> @<username> uyu mugore ni umugome bikabije. ni ishitani neza neza! @<username> rwose mudufashe uyu mugore ahanwe by’intangarugero!!,anger,sadness,0.01,0.007,0.028,0.318,0.689,0.007
kin_test_track_a_00692,"@<username> @<username> @<username> @<username> @<username> @<username> @<username> @<username> @<username> @<username> @<username> , humura grand frere. turi kumwe. amahoro asagambe muri wowe no mu bawe. rwose humura.",none,joy,0.008,0.027,0.045,0.981,0.033,0.054
kin_test_track_a_00693,reba iyo photo? mu bigogwe ni hamwe mu hantu ha mbere haba amafoto meza muri iki gihugu ##url##,joy,anger,0.171,0.009,0.024,0.013,0.012,0.03
kin_test_track_a_00694,ati “kenshi usanga imishinga idindira kubera ko inyigo zitaba zarakozwe ngo zirangire cyangwa umuntu udafite ubumenyi ari we wakoze ibarura no kugena ibiciro wagera aho ugiye kubaka ukibaza niba ibyanditswe mu mpapuro ari ibizakoreshwa aho bikakuyobera.,sadness,anger+fear,0.401,0.008,0.645,0.008,0.156,0.022
kin_test_track_a_00698,@<username> @<username> @<username> karumye? 😂😂😂😂 niyompamvu njye mukangurira kwibwirira ikimama cyibizi (amazi) byinshi mumubili cya @<username> 😂😂😂😂😂,sadness,anger,0.586,0.006,0.036,0.01,0.028,0.025
kin_test_track_a_00699,"muri ayo majwi yabonywe bwa mbere na cnn, cbs na bbc, trump yumvikana asa nk’urambura izo nyandiko nka kumwe umuntu aba ari gusoma igitabo agahindura ipaji imwe ajya ku yindi, akagera aho avuga ati “izi zo zirimo amakuru y’ibanga akomeye.”",none,anger+surprise,0.191,0.023,0.028,0.02,0.06,0.872
kin_test_track_a_00700,"madam wanjye bamwoherereje message ngo """"ya ngurube nigenda umbwire"""" kdi ntatungo tworoye😭😭😭 @<username> @<username> @<username> @<username>",sadness,anger+surprise,0.582,0.011,0.016,0.007,0.27,0.458
kin_test_track_a_00701,@<username> uyumugabo yanijajara byo reka hashye mazurebe ngo harashya byanyabyo noneho nurwanda maze rurahita rwisubiza ibyo rwaskwe,none,anger,0.957,0.017,0.083,0.01,0.065,0.015
kin_test_track_a_00702,"@<username> wapi ntabwo byoroshye, buriya ari wowe upfukamye, wakumva ko ari fight koko.",sadness,anger,0.384,0.005,0.032,0.006,0.069,0.012
kin_test_track_a_00703,turi kugana mu bihe by’umubano mubi hagati y’u bubiligi n’u rwanda tutazi neza igihe bizamara n’ubukana bizaba bifite ariko byashoboraga kwirindwa ukurikije amakuru ahari.,fear,none,0.015,0.014,0.454,0.095,0.018,0.015
kin_test_track_a_00704,‘goodlife health & beauty pharmacy’ ni farumasi yiyemeje kwita ku byo buri munyarwanda wese akeneye bijyanye n’ubuzima n’imibereho myiza.,none,joy,0.012,0.012,0.015,0.907,0.02,0.026
kin_test_track_a_00707,"*murakaza neza mu materaniro adasanzwe y’uyu munsi uramenya imirimo16 y’akamere n’imbuto9 z’umwuka.* @<username> kicukiro, kigali, rwanda ##url##",none,joy,0.006,0.009,0.03,0.663,0.015,0.051
kin_test_track_a_00709,ariko ngo aho mwari muri babagaburiye ibyaboze,disgust,none,0.013,0.074,0.027,0.008,0.49,0.011
kin_test_track_a_00710,@<username> aka ka kane ushyizemo niko kabi urankomerekeje ubyumve. niwumva ufite ubumuntu unsabe imbabazi rwox,sadness,none,0.009,0.003,0.017,0.248,0.159,0.01
kin_test_track_a_00713,"radio okapi yatangaje ko fayulu yasabye amahanga kumushyigikira, ntazigere yohereza indorerezi muri aya matora mu rwego rwo gushyigikira demokarasi n’uburenganzira bwa muntu.",anger,anger+surprise,0.147,0.007,0.289,0.007,0.096,0.203
kin_test_track_a_00714,@<username> @<username> iyo ni ruswa baguhaye kuko uri umunyamakuru ntakindi,anger,anger+sadness,0.166,0.009,0.006,0.011,0.784,0.015
kin_test_track_a_00717,gifite mukanwa hanuka nk‘imbwa yaboreye mu mazi.,anger+disgust,disgust,0.037,0.981,0.029,0.063,0.048,0.04
kin_test_track_a_00721,noneho shahu ukuntu bipfunira aho babonye?!,disgust,anger,0.253,0.52,0.029,0.005,0.032,0.017
kin_test_track_a_00722,"yagaragaje ko kuba kabuga yari yarakorewe dosiye ajya no gushakishwa ndetse akaba yari yamaze guhakana icyaha, icyari gukurikiraho ari ukuburanishwa nta zindi mpaka.",none,sadness,0.02,0.005,0.012,0.013,0.795,0.025
kin_test_track_a_00730,"iyo bitaba amahirwe n’umunyezamu pavelh ndzila werekanye ko ari ku rundi rwego, iyi kipe y’ingabo yashobora kwinjizwa ibitego bitatu aho mukura vs yayisatiriye bikomeye mu minota 45 ibanza.",none,surprise,0.004,0.006,0.021,0.069,0.344,0.325
kin_test_track_a_00731,@<username> ese lata bakobwa nukubera iki aritwe bahungu duhangayika turi gushaka ghetto turaza kubariramo!? 💔😭 ese mwe ntimwayishaka.,anger,none,0.095,0.004,0.01,0.007,0.365,0.032
kin_test_track_a_00732,hari abatawe muri yombi bari kubazwa barimo n’umugabo we kuko ni we muntu uzwi bari bafitanye amakimbirane.”,none,sadness,0.061,0.007,0.019,0.006,0.903,0.042
kin_test_track_a_00733,"guhera mu mpera z’icyumweru gishize, hari inyandiko yakwirakwijwe ku mbuga nkoranyambaga, bigaragara ko ari paji imwe yafotowe ikuwe muri raporo nini.",fear,none,0.029,0.003,0.056,0.013,0.049,0.106
kin_test_track_a_00737,"mazimpaka arnold wamamaye nka sintex, mukunzi vivens usanzwe akinira gorilla fc, ndikumana yvan uzwi nka navy amaru akaba umuhanzi w’i burundi batawe muri yombi bakurikiranyweho kunywa ibiyobyabwenge.",sadness,none,0.015,0.007,0.007,0.016,0.184,0.089
kin_test_track_a_00738,@<username> nukuri darla iyo utaywa inzoga ntabwo biba byabaye....,sadness,none,0.088,0.009,0.053,0.011,0.063,0.005
kin_test_track_a_00740,karye amazirantoki,disgust,anger+disgust,0.238,0.982,0.025,0.031,0.052,0.029
kin_test_track_a_00742,@<username> ikibazo ni umuriro waho😂😂😂💀!,sadness,none,0.042,0.005,0.016,0.016,0.193,0.007
kin_test_track_a_00744,"abarwanyi ba wagner bazwi nk’abacanshuro, bamaze gukorera ibikorwa bya gisirikare mu bihugu bya afurika ndetse no muri syria, aho bivugwa ko barwanye bikomeye n’ingabo za leta zunze ubumwe za amerika mu 2018.",none,sadness,0.049,0.014,0.031,0.008,0.961,0.019
kin_test_track_a_00747,"wowe wahoze uri urubavu rwanjye, none warusize rurangaye 🎶 ##url##",sadness,anger,0.842,0.016,0.026,0.006,0.039,0.055
kin_test_track_a_00749,"niba wumva ko bf atazi maths, uzambwire ngo """"bae, i'm pregnant"""" 😂",none,anger+surprise,0.229,0.011,0.068,0.006,0.033,0.238
kin_test_track_a_00750,"ibi bije mu gihe batiri z’imodoka zikoresha amashanyarazi i burayi usanga iyo ubushyuhe buhindaguritse bituma zitakaza ingufu, bigatuma umuriro ushiramo vuba.",sadness,fear,0.005,0.042,0.885,0.075,0.401,0.05
kin_test_track_a_00751,uyu mugore usanzwe akora mu kagari ka tetero mu murenge wa muhima amakuru avuga ko intandaro yo kugira ngo atere icyuma n’icupa mu mutwe uwo mugabo ari uko yasohotse mu nzu bari barimo yiruka kandi atamwishyuye amafaranga bari bumvikanye.,anger+sadness,sadness,0.021,0.012,0.026,0.032,0.974,0.025
kin_test_track_a_00752,"nyina yasaga nk’ufite ikimwaro, yateraga ubwoba uwageragezaga kujyana uwo mwana w’umuhungu ku bitaro.",none,fear,0.022,0.054,0.973,0.051,0.302,0.048
kin_test_track_a_00753,byabaye akarusho ku butegetsi bwa perezida tshisekedi.,none,surprise,0.06,0.142,0.01,0.015,0.302,0.692
kin_test_track_a_00754,ubu buso na bwo ngo byagaragaye ko ari bunini kuko usanga umuntu ushaka inzu yo guturamo yubaka nko kuri metero kare 80 ahandi hagasigara imbuga n’igikari.,none,surprise,0.013,0.051,0.101,0.068,0.118,0.947
kin_test_track_a_00755,"mu gihe kunyuza imipira hagati byasaga n’ibyanze ndetse ukabona ko shaiboub ali akina afasha ab’inyuma ye kurusha uko ajya imbere, impande za apr fc zanyuragaho ruboneka bosco, apam bemol na ba myugariro ishimwe christian na omborenga fitina, na zo zagowe no kugeza imipira kuri rutahizamu mbaoma.",none,sadness,0.012,0.008,0.013,0.04,0.913,0.02
kin_test_track_a_00757,@<username> humura. ibyiza biri imbere. kandi amahoro aganze kuri wowe.,none,joy,0.007,0.013,0.035,0.909,0.029,0.018
kin_test_track_a_00759,ni uburyo bwubakiwe kugenzura no gucunga umutekano w’ikinyabiziga ndetse n’ugitwaye aho ishobora kubona ko hashobora kuba impanuka maze igahita ifata feri byihuse kuburyo bishobora kuyirinda cyangwa bikagabanya ibyago byayo.,joy,fear,0.026,0.026,0.963,0.113,0.097,0.041
kin_test_track_a_00764,uretse mu ikinamico wari wabona ahandi hanu umukobwa yanze umusore wumukire agasanga uwumukene 😒😒,anger,surprise,0.027,0.047,0.012,0.008,0.41,0.234
kin_test_track_a_00765,@<username> nyihera follow back unansobanurire ubusobanuro bwa troll bukwapplyingaho naho kwishima byo ntabyo tuzashira agahinda nitugera kwa nyagasani umugani w'abacatholique ##url##,sadness,anger,0.351,0.005,0.011,0.059,0.106,0.003
kin_test_track_a_00766,yaboneyeho gushimira musenyeri mbonyintege ku bw’umuhate n’umurava byamuranze mu myaka 17 amaze ayobora iyi diyosezi.,joy,joy+surprise,0.009,0.037,0.023,0.985,0.057,0.141
kin_test_track_a_00768,ntibisanzwe! abagabo bafashwe n’irari bafatira ku ngufu abagore mu rusengero pasteri areba. nawe ushake amafoto😂😂😂 ##url##,sadness+surprise,anger+sadness,0.188,0.007,0.011,0.008,0.805,0.008
kin_test_track_a_00770,"ati ""umugore yahaye amakuru inzego z’umutekano agaragaza ko muri icyo kigo hari gutangwamo serivisi zishingiye ku butinganyi.",sadness,none,0.02,0.006,0.305,0.136,0.018,0.014
kin_test_track_a_00775,iyo bingezeho birambabaza cyane.,sadness,none,0.016,0.661,0.022,0.016,0.103,0.019
kin_test_track_a_00776,@<username> biriya yakoze byo gukubita umwari kuriya kabone nubwo yaba yanyweye izingana gute akabura ubwishyu ni amahano,sadness,surprise,0.088,0.033,0.019,0.023,0.365,0.887
kin_test_track_a_00777,@<username> @<username> @<username> mwakoze kandi mukomereze aho #tujyanemo,joy,none,0.005,0.007,0.048,0.304,0.116,0.009
kin_test_track_a_00778,muri #centreafrica ibibanza biri kugura makeya. gusa n'akabanga mbibiye...😎,surprise,anger,0.322,0.055,0.01,0.015,0.015,0.021
kin_test_track_a_00779,@<username> reba icyana hasi sha nkujyane nawe x,none,anger,0.644,0.01,0.038,0.01,0.042,0.006
kin_test_track_a_00783,ubu se uwaraye muri stade ko itegeko ryasohotse yamaze kuhagera ubwo ntaribuhite afata icyumba?,none,anger,0.76,0.028,0.011,0.006,0.073,0.067
kin_test_track_a_00784,umwe mu baturage wanze ko amazina ye atangazwa yagize ati “umva abajura batumereye nabi bakubita abantu bakabakomeretsa noneho ubu baduye ingeso yo kukwiba n’imyenda wambaye ugasigara wambaye ubusa.”,fear+sadness,sadness,0.104,0.033,0.027,0.016,0.988,0.032
kin_test_track_a_00786,"ahantu honyine guterres avuga u rwanda, ni aho agaragaza ko umubano warwo na congo wazambye nyuma y’uko m23 itangije intambara.",surprise,none,0.048,0.004,0.021,0.095,0.019,0.013
kin_test_track_a_00788,"seville ikimara gutsindwa, abakinnyi bayo bashyushye mu mutwe, byavuyemo guhabwa ikarita y’umuhondo ya and rafa mil wari ku ntebe y’abasimbura.",sadness,surprise,0.009,0.006,0.02,0.03,0.435,0.377
kin_test_track_a_00791,nyuma yo kugobokwa n’abagiraneza uyu muhanzi yahise agaruka ku mbuga nkoranyambaga atangiza ubukangurambaga bwo gukusanya inkunga yo kuvuza umubyeyi we.,joy+sadness,joy,0.006,0.006,0.01,0.8,0.309,0.075
kin_test_track_a_00796,imvura yejo yaguye kuva (6:00pm-2:09am) aho itaguye mumenyeko hagiye kuba ubutayu 😂,none,sadness,0.005,0.021,0.079,0.026,0.805,0.105
kin_test_track_a_00798,ntugate umwanya wae wigisha cg uhanura udashaka guhinduka ... kuko ntibishoboka ko wahindura umuntu mudahuje imico😔,none,anger,0.774,0.01,0.03,0.01,0.023,0.025
kin_test_track_a_00799,"nk’ubu muri uyu mwaka wa 2023 muri werurwe bagabanye ubwasisi busaga miliyoni 339 frw ndetse babonye ingoboka zisaga miliyoni 12,4frw.”",joy,surprise,0.012,0.004,0.012,0.04,0.329,0.368
kin_test_track_a_00802,"🎸ubukene bw'amafaranga ntawe budashavuza. nyamara uzajye wibuka ko imana ariyo ibigaba. 📌rubanda ntibakakoshye, kubana biruta byose. ~makanyaga abdul",none,anger+sadness,0.363,0.008,0.029,0.017,0.794,0.004
kin_test_track_a_00803,"ati “kugira ngo impfu n’indwara zigabanuke ndetse havuke abana bazima, iyi ni yo ntego yacu.",fear+joy,fear,0.012,0.011,0.746,0.05,0.107,0.016
kin_test_track_a_00804,utabeshye murusengero bateretse imbere uduseke kamwe arako gushyiramo amaturo yo gushimira pasitoro akandi perezida akandi google...nakahe kakuzura mbere?,surprise,anger,0.173,0.005,0.005,0.07,0.082,0.016
kin_test_track_a_00805,ese ntagatsiko ka bagore cg abakobwa baba kire bagumiwe mwaba muzi ngo umuntu atagire abikundishweho?,none,anger+surprise,0.829,0.057,0.015,0.007,0.238,0.162
kin_test_track_a_00806,ibipimo ku bumwe n’ubwiyunge byerekana ko abanyarwanda 94% bumva neza ubumwe n’ubwiyunge ariko abagera kuri 27% bafite ibikomere bakomora ku mateka.,joy+sadness,sadness,0.009,0.005,0.049,0.037,0.85,0.017
kin_test_track_a_00807,"urupfu ruragapfa😭, uruhukire ijabiro kwa jambo💔. warakoze cyane ku bwa buri kimwe, nzagukumbura iteka ryose🙏. @<username> 👑 @<username> repubulika y'u rwanda ##url##",sadness,joy,0.019,0.013,0.017,0.925,0.027,0.012
kin_test_track_a_00808,"yatanze urugero ku muhate w’inkotanyi zari zigizwe n’abana bato ziyobowe na perezida paul kagame zirokora abatutsi mu bice bitandukanye by’igihugu, asaba n’urubyiruko kwigira ku babohoye igihugu bakagira uruhare rutaziguye mu kubaka u rwanda.",joy,sadness,0.064,0.012,0.008,0.047,0.878,0.007
kin_test_track_a_00810,"ubushobozi bwawe ntibugaragarira mu ntege nye z'undi. aho kunenga gusa, wakora neza bakakwigiraho.",none,anger,0.388,0.011,0.011,0.02,0.015,0.013
kin_test_track_a_00812,"izi ntumwa mu minsi igera kuri irindwi zizamara mu rwanda zizasura ibikorwa n’inzego zitandukanye hagamijwe kumenya ibizikorerwamo nk’uko byatangajwe n’umunyamabaga wa leta muri minisiteri y’ububanyi n’amahanga ushinzwe umuryango wa afurika y’iburasirazuba, prof nshuti manasseh.",none,joy,0.008,0.009,0.067,0.613,0.022,0.01
kin_test_track_a_00814,waramutse rwanda ese namwe aho muri impeshyi yabatashyeho? mukomeze mugire umunsi mwiza wuzuye ubunyangamugayo no gukora cyane.,none,joy,0.016,0.007,0.011,0.588,0.013,0.025
kin_test_track_a_00815,bituma kandi abantu badahenda cyangwa ngo bahendwe cyane.”,none,sadness,0.028,0.025,0.066,0.016,0.984,0.02
kin_test_track_a_00816,"icyo gihe yiyemeje kumufasha gukora indirimbo yitwaga ikibindi, ari nayo yatumye riderman yiyemeza kumwinjiza mu ibisumizi.",none,sadness,0.015,0.014,0.006,0.033,0.876,0.076
kin_test_track_a_00818,"@<username> @<username> @<username> oya nawe gabanya kumwubahuka dore ni ukuganira, mutavaho mufatana mu mashati bikarangira mubaye nka wa mudasso wasafarinze.",fear,anger,0.517,0.014,0.015,0.045,0.027,0.003
kin_test_track_a_00819,"@<username> uyumunsi turaba turikumwe saa 15:30 live ku izuba tv, ubwo gahunda niyayindi....... turikumwe na @<username> &amp; @<username> mix by @<username> 📸 by @<username> @<username> kigali, rwanda ##url##",none,joy,0.009,0.018,0.032,0.95,0.013,0.043
kin_test_track_a_00821,@<username> 🤣🤣🤣🤣🤣uwanditse iyi message nawe ni umu satanist,anger,none,0.086,0.009,0.007,0.064,0.012,0.016
kin_test_track_a_00824,@<username> harigihe utanga message ukagirango warebaga neza mu mutima w'umuntu! thanks so much @<username> for that tweet ❤️,joy+surprise,joy,0.009,0.017,0.026,0.97,0.025,0.052
kin_test_track_a_00827,ishobora kuba yagira uruhare mu ididindira ry’ubwenge bigasaba kwitabwaho byihariye.,fear+sadness,none,0.009,0.009,0.02,0.011,0.548,0.038
kin_test_track_a_00828,ubu bushakashatsi bwagaragaje ko sosiyete ikunze kwirengagiza uruhuri rw’ibibazo abagabo bahura na byo nyuma ya gatanya.,sadness,none,0.013,0.031,0.634,0.022,0.078,0.023
kin_test_track_a_00829,"nubwo bigaragara ko ibyagezweho mu buryo bw’imibare mu gihe gito ari byiza, haracyari icyuho kinini ugereranyije no kuba abanyarwanda bageze kuri miliyoni hafi 14.",fear,joy,0.006,0.008,0.084,0.554,0.022,0.019
kin_test_track_a_00830,"duhari kubwanyu nkigisubizo mubya mudasobwa ,wifuza kugura cyangwa gukoresha iyo usanganwe ifite ikibazo waduhamagara kuri : 0787548223. @<username> @<username> @<username> @<username> @<username> ##url##",joy,none,0.021,0.008,0.349,0.016,0.112,0.013
kin_test_track_a_00832,amashusho yasakajwe ku mbuga nkoranyambaga agaragaza uyu muraperi yagiye gushaka akazi ko gufasha abubatsi (ubuyede) ngo arebe ko yabona amaramuko.,none,sadness+surprise,0.016,0.006,0.007,0.024,0.664,0.26
kin_test_track_a_00833,allah akbar ya allah🙏 komeza unyongere kwihangana @<username> nyagatare ##url##,sadness,joy,0.009,0.011,0.03,0.831,0.071,0.012
kin_test_track_a_00835,@<username> @<username> iyo ni inzara yo mwishyamba ikuvugisha amangambure rwose. ngwino mu gihugu wigishwe ureke gutayanjwa!!,anger,anger+sadness,0.14,0.015,0.027,0.035,0.908,0.004
kin_test_track_a_00836,impungurabigombyi,none,anger,0.162,0.401,0.014,0.013,0.06,0.013
kin_test_track_a_00837,kazenga ni we wabaye inkomoko y’agati bitaga “ingororero” kabaga gasatuye bakagashinga mu butaka bagashyira muri ubwo busate ikintu nk’isaro ryo kurushanyirizaho kumasha.,none,surprise,0.01,0.049,0.009,0.039,0.396,0.463
kin_test_track_a_00838,hakorwe iki koko ngo aho imyitwarire nk'iyi igaragara mu bana bacu icike? iyi video yashengura umutima w'umubyeyi😔 @<username> ##url##,fear+sadness,anger,0.207,0.004,0.04,0.047,0.01,0.013
kin_test_track_a_00839,manayange guhabwa follow na big fish bisigaye bintera ubwoba an following uyu munsi ejo akanjugunya brock,fear,none,0.037,0.011,0.481,0.06,0.018,0.013
kin_test_track_a_00842,maze ndumigwaga kokoooo😂😂😂😂😂😂 caze kanigire guhiga umuceri mvabo ubusutwa aha😂😂 ##url##,anger,anger+surprise,0.876,0.052,0.015,0.011,0.036,0.141
kin_test_track_a_00845,"kuko sinumva ukuntu umuntu ukurusha byinshi byiza umwita umuswa kandi yarageze ku byo utarageraho, ushobora no kutazageraho.",anger,none,0.048,0.02,0.024,0.039,0.008,0.021
kin_test_track_a_00847,ubundi the so-called big fish idafite amafaranga kuri njye nyifata nk'ururagara. uko ni ukuri kandi twumve dukomeye dutekanye 👍👌,anger,none,0.027,0.005,0.007,0.07,0.106,0.007
kin_test_track_a_00848,"yagize ati ""ubu mfite inzu byibuze ihagaze miliyoni 9 frw, nashatse umugore, mfite ingurube n’inkoko ndoroye, ubwo se navuga ko ntabayeho neza nshingiye ku iki?""",joy,none,0.029,0.004,0.017,0.02,0.143,0.011
kin_test_track_a_00849,😁😁 ubu tuvugana hari abantu iminwa iri kurya. aho bari buvugire irakweduka bararwara ivutu ryamagambo 🤣🤜,anger,none,0.037,0.382,0.014,0.013,0.596,0.01
kin_test_track_a_00850,@<username> karakemutse wanguriye byel mumisi mike ko ndakuzanira umukiriya,none,anger,0.369,0.016,0.008,0.006,0.219,0.007
kin_test_track_a_00851,icyakora guverineri yavuze ko atizeye neza ko ingabo zizakomeza kubahiriza ayo masezerano.,fear,none,0.019,0.009,0.196,0.165,0.018,0.019
kin_test_track_a_00854,uyu muyobozi yabajijwe uko uyu mukinnyi yabanyuze mu myanya y’intoki kandi kera rayon sports yaragiraga abantu bayifasha gukurikirana abakinnyi ishaka.,none,surprise,0.059,0.005,0.01,0.019,0.218,0.553
kin_test_track_a_00855,"ibihugu birimo u butaliyani, espagne n’u bugereki byo byatangiye guhura n’ubu bushyuhe budasanzwe, aho nk’inzego z’ubuzima mu butaliyani zatanze integuza y’ubu bushyuhe mu mijyi 16 yabwo irimo roma, bologna ndetse na florence.",fear+sadness,none,0.005,0.004,0.089,0.362,0.03,0.031
kin_test_track_a_00858,ubundi rata @<username> biradukwiye rwose kubwira umubyeyi umugongo uduhetse iyo ndamukanyo waramutse #rwanda ##url##,joy,none,0.038,0.007,0.014,0.29,0.041,0.004
kin_test_track_a_00863,wa mugani nyamara @<username> uzi ubwenge urereunze 😂😂😂✌️✌️✌️✌️✌️✌️✌️✌️✌️😂😂😂😂🙌 ##url##,none,anger,0.205,0.006,0.02,0.027,0.025,0.006
kin_test_track_a_00864,uteye isesemi nk'ubukurugutwa bamennyemo amazi.,anger+disgust,disgust,0.073,0.989,0.03,0.056,0.055,0.042
kin_test_track_a_00866,bahamya ko muri aka gace hari ubujura bukabije ku buryo benshi bataha kare kugira ngo badategerwa mu nzira.,fear+sadness,sadness,0.009,0.016,0.274,0.071,0.846,0.006
kin_test_track_a_00867,@<username> ahubwo iyi kipe ko ishaka gukwepa final bite byayo😂😂. turabategereje pe,fear,none,0.098,0.004,0.018,0.026,0.032,0.008
kin_test_track_a_00869,"ati “ni imbogamizi zishingiye ku mpamvu zitandukanye haba mu mategeko mu ngo zabo, kutagira uburyo babona igishoro n’ibindi.",sadness,anger,0.11,0.01,0.011,0.005,0.324,0.01
kin_test_track_a_00872,"dore uburyo inkundo z'ubu zibeshya 🙈. baba bashaka amata gusa bagahita bigendera🏃, biratangaje🤸 🔥 ukore subscribe👇 ##url##",surprise,anger,0.664,0.009,0.016,0.043,0.019,0.007
kin_test_track_a_00875,"ati ""dushingiye ku mubano w’ibihugu byacu, turashaka kurushaho kunoza ubufatanye mu nzego zigamije inyungu.",joy,anger,0.138,0.018,0.026,0.362,0.008,0.005
kin_test_track_a_00877,@<username> uzashake umuntu inshuti nziza ajye agutwaza ku mutwaro ufite umutima uzaruhuka gake gake,none,joy,0.024,0.014,0.014,0.78,0.012,0.01
kin_test_track_a_00878,"towari marie louise uhagarariye umuryango ufite inkomoko mu buyapani, npo think about education in rwanda’, yavuze ko bashyize imbaraga mu burezi ndetse harimo no kwigisha amahoro hagati y’u rwanda n’u buyapani kuko ibihugu byombi byanyuze mu mateka akomeye.",sadness,joy,0.014,0.018,0.035,0.958,0.022,0.02
kin_test_track_a_00879,"szwaczyk yavuze ko nubwo bemeye guhindura nimero y’umuhanda, ubu ikibazo bafite ari ukwakira ibirego by’abatarishimiye ko nimero yahindutse.",fear,none,0.01,0.003,0.015,0.05,0.389,0.018
kin_test_track_a_00881,nkanamuha andi mahirwe ariko biba iby’ubusa.’’,sadness,none,0.004,0.011,0.019,0.035,0.428,0.035
kin_test_track_a_00882,"igena yakomeje ati “kuko byaje kugaragazwa ko uzakora icyo kintu azagihanirwa mu buryo ubu n’ubu, byagiye birushaho koroshya.”",none,fear,0.083,0.02,0.912,0.053,0.032,0.025
kin_test_track_a_00883,ufite umwuka nk'uwu muntu urwawe mburugu kbsa.,anger+disgust,disgust,0.019,0.947,0.064,0.041,0.044,0.025
kin_test_track_a_00885,@<username> @<username> nyamara iki kibazo kirabareba nubwo mukirengagiza,sadness,none,0.065,0.011,0.638,0.032,0.09,0.006
kin_test_track_a_00886,perezida #kagame yahaye imbabazi abagore 10 bari bafungiwe gukuramo inda ##url##,joy,sadness,0.036,0.011,0.004,0.022,0.81,0.095
kin_test_track_a_00887,abamufashe bamugezeho saa kumi n’ebyiri z’umugoroba yemera ko ari we bigeze saa yine z’ijoro.,sadness,none,0.029,0.006,0.006,0.022,0.092,0.097
kin_test_track_a_00888,ese kucyi abahungu bicyigihe basigaye bumva ko kuryamana aringombwa wamuhakanira mugahita mutandukana urwo nurukundo koko🙄🤔?,sadness,anger,0.747,0.01,0.026,0.009,0.118,0.015
kin_test_track_a_00891,ase ubu kavunumuheto biracyari igitutsi🤔😅,none,anger+disgust,0.291,0.942,0.027,0.019,0.028,0.02
kin_test_track_a_00892,nta muntu waremye undi.”,anger,sadness,0.014,0.028,0.044,0.01,0.791,0.011
kin_test_track_a_00895,"luka :6:47 umuntu wese uza aho ndi, akumva amagambo yanjye akayakomeza, ndabereka uko asa: dukunde ijambo ry lman kuko rirazura ##url##",none,anger,0.117,0.004,0.011,0.074,0.023,0.007
kin_test_track_a_00897,bimwe muri ibi byaha trump ashinjwa bimuhamye ashobora gufungwa.,fear,sadness,0.025,0.009,0.021,0.008,0.738,0.014
kin_test_track_a_00898,"umuyobozi wungirije ushinzwe imodoka zijya mu ntara muri volcano isingizwe eric, we avuga ko imodoka zitabuze ahubwo abagenzi babaye benshi kubera ko ari mu gihe cy’impeshyi.",none,sadness,0.017,0.012,0.034,0.109,0.944,0.008
kin_test_track_a_00900,ababonye ko wamwana womubakire arigukoresha computer ya nicole mumpe follow🤣🤣🤦 narumiwe @<username> @<username> @<username> ##url##,surprise,anger,0.326,0.006,0.022,0.033,0.015,0.012
kin_test_track_a_00901,@<username> ushyireho ni zina ryawe ry' ukuri. ureke iryo watoraguye kuri iyi mihanda. nakuzaniye impano ndakubura bambwira ko batakuzi.,sadness,anger,0.546,0.004,0.01,0.008,0.21,0.014
kin_test_track_a_00903,"yagize ati “ ejo bundi nka saa mbili z’ijoro nibwo umugabo w’imyaka 63 yagiye ahantu anywa inzoga arasinda, atahana n’umugore wari inshoreke ye kuko si ubwa mbere bari batahanye.”",none,sadness,0.019,0.016,0.038,0.018,0.969,0.019
kin_test_track_a_00904,si ubwa mbere perezida wa gasogi united yavuze kuri ibi bibazo bihora bitangwa muri ferwafa ariko abasifuzi bakabyitambika ntibigire aho bigera kubera izindi nyungu bakuramo.,anger+sadness,anger,0.579,0.01,0.048,0.009,0.063,0.007
kin_test_track_a_00909,@<username> @<username> ibaze nawe gutegereza ko umunyamerika ari we ukubwira ububi cg ubwiza bw'umuco wawe. ni cyo cyica abanyafurika.,anger+sadness,anger,0.274,0.008,0.018,0.034,0.015,0.007
kin_test_track_a_00911,mwaramutse @<username> ese ejo hashize ko network zanyu zatumye mpomba ndetse nkashwana na benshi kubera ko ntahamagarwa murumva bishimishije? mwirirwe😫😩😩😫😩😩😫😩😩😩😩😫😩😩😩,anger+sadness,anger,0.17,0.006,0.013,0.231,0.015,0.005
kin_test_track_a_00913,@<username> ko atayafite cg bimubihira or bimubabaza,none,anger,0.592,0.013,0.057,0.007,0.029,0.008
kin_test_track_a_00914,"#kwibuka28 iy'imvura muyireke igwe kuko hari benshi yabereye ingabo aho bahigwaga bukware, mana warakoze kumanura imvura icyo gihe. 😢 ##url##",joy,sadness,0.023,0.019,0.026,0.038,0.981,0.033
kin_test_track_a_00915,ingimbi z’u rwanda zatangiye neza igikombe cya afurika,joy,joy+surprise,0.003,0.014,0.015,0.736,0.124,0.16
kin_test_track_a_00918,aha hantu ni inde wahaneye?,disgust,anger,0.265,0.728,0.042,0.009,0.022,0.024
kin_test_track_a_00919,cyakoza abakire mubaho neza ibaze abantu bagire ubute bwo kujya kunnya hanze bakannya munzu 🤣🤣🤣🤣 murakaze #ntimumputaze nihitiraga🏃‍♂️🏃‍♂️🏃‍♂️🏃‍♂️🏃‍♂️🏃‍♂️🏃‍♂️,surprise,anger,0.366,0.004,0.023,0.012,0.035,0.015
kin_test_track_a_00920,mbere y’uwo mukino habanje kubaho igikorwa cyo kwizihiza nelson mandela nk’umwe mu bihangange bya afurika.,joy,surprise,0.008,0.007,0.018,0.022,0.589,0.332
kin_test_track_a_00922,hari umwana w’umukobwa yasambanyije ku gahato waje no kubitangaho ubuhamya.,sadness,sadness+surprise,0.012,0.011,0.014,0.038,0.842,0.434
kin_test_track_a_00923,@<username> @<username> gukubita umukobwa byo nta murava byagutera uri umusore. ni ugutera ingumi ikagenda muri rolanti yamugeraho ukicuza.,sadness,anger,0.247,0.007,0.006,0.006,0.435,0.04
kin_test_track_a_00926,"amashusho yagiye asakara agaragaza intwaro za ukraine zitwikwa n’ibisasu byo mu butaka bizwi nka ‘mine’ ndetse hari abasirikare ba ukraine baherutse gutangaza ko buri uko bigiye imbere ho metero ijana, batakaza abasirikare bane cyangwa batanu.",none,surprise,0.027,0.004,0.066,0.005,0.603,0.14
kin_test_track_a_00927,kugira ngo iki kibuga kizajye cyifashishwa na nijoro cyongerewe amatara aho ubu gifite umunani agicanira.,joy,surprise,0.005,0.008,0.038,0.027,0.558,0.22
kin_test_track_a_00930,"n’iyo wakihisha ubutabera imyaka na nyakaka ugakomeza kubiba urwango n’ingengabitekerezo ya jenoside, amateka azabibabaza. ##url##",anger+sadness,anger,0.862,0.017,0.015,0.011,0.42,0.007
kin_test_track_a_00931,"mukabunani christine uyobora ishyaka ps imberakuri, ritavuga rumwe n’ubutegetsi mu rwanda, ni urugero rw’ibishoboka kuko ubu amaze imyaka itanu ari umudepite mu nteko.",joy,none,0.004,0.004,0.014,0.109,0.368,0.09
kin_test_track_a_00934,@<username> love ni ibikorwa si ukubivuga gusa kandi ukomeje kumuha umwanya wawe arabibona nubwo yakwirengagiza aba abizi so courage bro,none,anger,0.115,0.002,0.007,0.039,0.056,0.014
kin_test_track_a_00935,@<username> rwandan media: wa mukobwa na none yananiwe guhisha amarangamutima ye yereka amakurikira ko atwitwe😂😂,none,anger,0.723,0.006,0.023,0.007,0.057,0.015
kin_test_track_a_00937,bwerekanye ko gasana yakoreshaga uburyo butandukanye akavana amafaranga yanyerejwe na kabila muri rdc akayajyana mu bigo mpuzamahanga by’imari aho miliyoni 50 z’amadolari zanyerejwe ku ikubitiro ibikorwa bikaza gukomeza nyuma.,none,joy,0.015,0.005,0.012,0.688,0.026,0.016
kin_test_track_a_00938,dushyize ingufu mu kubaka ubukungu butangiza ibidukikije no kwimakaza ibinyabiziga bitabangamira ibidukikije kuri bose.”,none,anger,0.204,0.009,0.055,0.021,0.111,0.005
kin_test_track_a_00940,"@<username> kuri uru rugamba rwo kwirinda, gukangurira abandi kwirinda no kubafasha kwirinda @<username> arurimo neza kuva iki gihanya kikigera ino. #niyubahwe #ntakudohoka",anger+joy,joy,0.015,0.014,0.036,0.876,0.013,0.012
kin_test_track_a_00941,"“hari uguhindura aho batuye bakagenda bimuka, hari uguhindura amadini niba yari umugatolika agahinduka umuyisilamu, cyangwa agashyiraho amatangazo ko yapfuye, imbogamizi zirahari ariko inzego z’iperereza, ubushinjacyaha ntabwo ducika intege.”",none,sadness,0.051,0.007,0.146,0.011,0.886,0.007
kin_test_track_a_00945,"##url## amahoro kurimwese.reba inama zangombwa ,zigamije kubaka igihugu cyacu. abirirwa bakigambanira bakwiriye kubihagarika.nabasabaga nubufasha bwo fungura iyo video mukayireba.",none,anger,0.635,0.014,0.012,0.089,0.06,0.003
kin_test_track_a_00946,wikirata kumwana wababaye ngo nukwi iwanyu bakize. amafranga ya so sayawe!! ##url##,anger,anger+sadness,0.187,0.019,0.016,0.018,0.913,0.005
kin_test_track_a_00948,ati “namaze icyo gihe cyose nta kazi mfite.,sadness,none,0.04,0.005,0.023,0.289,0.024,0.006
kin_test_track_a_00950,@<username> nyemerera nkubere umukiliya bwa rimwe😂😂🤲,none,anger,0.167,0.013,0.011,0.011,0.03,0.012
kin_test_track_a_00952,@<username> @<username> @<username> uvuze ukiri njyewe umugore wanjye abyaye akanga guha umwana ibere namubwira ko ntamushatse ngo abyare amere nk'ujugunye umwana no !!!,anger,anger+sadness,0.54,0.008,0.009,0.008,0.807,0.019
kin_test_track_a_00956,umva iri sengesho nyagasani ukunda abawe ubahozeho ijisho mfasha murugamba mpanganye numwami uganje 💔 ##url##,none,joy,0.023,0.014,0.007,0.719,0.015,0.013
kin_test_track_a_00957,yasabye ababyeyi b’abana gukomeza kubitaho babaha uburere bukwiye kuko imyaka bagezemo ari bwo bamwe batangira kurangara.,fear,sadness,0.01,0.007,0.036,0.07,0.72,0.008
kin_test_track_a_00958,"genda rwanda uri nziza, humeka amahoro, ibyiza bigutatse rwanda, nibyinshi cyane sinabivuga ngo mbirangize. ##url##",joy,none,0.012,0.004,0.055,0.49,0.054,0.007
kin_test_track_a_00963,@<username> “amashushoyega “ ikinyarwanda cyogere gitumbagire kibe ubukombe. abahanga bemeza ko ikinyarwanda ari kimwe mu ndimi ziremetse neza.,joy,surprise,0.004,0.011,0.233,0.356,0.045,0.137
kin_test_track_a_00964,"minisitiri w’ububanyi n’amahanga n’ubutwererane, dr vincent biruta, yavuze ko hari ibiganiro bikomeje hagati y’u rwanda na madagascar, ahashobora kuzasinywa andi masezerano ajyanye no kuvanaho isoreshwa kabiri ry’ibicuruzwa, kuvanaho visa n’ubufatanye mu zindi nzego zirimo ubuhinzi, ikoranabuhanga, ubukerarugendo, ubucukuzi bw’amabuye y’agaciro n’ubuzima.",joy,none,0.012,0.011,0.109,0.439,0.012,0.014
kin_test_track_a_00965,"aba bagabo bavuga ko mbere y’uko bashyiraho umugoroba w’abagabo bajyanaga amafaranga y’urugo mu kabari bakayanywera, bataha umugore yabaza aho amafaranga yagiye, umugabo akabura icyo asubiza intonganya zikaba ziratangiye.",joy,sadness,0.031,0.014,0.069,0.032,0.987,0.025
kin_test_track_a_00968,"birashoboka se ko nayibona nubwo yanshuka , ko aho ngeze nkeneye n'inkingi ya #shugamami??!😹😥🤲 ibyo nigira byose nkeneye shugamami😹😹😉 ##url##",none,anger,0.314,0.006,0.023,0.027,0.022,0.006
kin_test_track_a_00969,"umwe mu batangije uru rubuga mu mwaka wa 2001, larry sanger, yahishuye ko inzego zinyuranye za amerika n’abafatanyabikorwa bazo bakora ibikorwa bijyanye n’ubutasi bakoresha uru rubuga mu nyungu zabo bwite bagahindura amakuru aba yarutangarijweho mu buryo bunyuranyije n’amategeko.",none,joy,0.02,0.01,0.029,0.586,0.009,0.011
kin_test_track_a_00971,"kugeza ubu mu rwanda hamaze koherezwa abakurikiranyweho ibyaha bya jenoside 29 bafatiwe mu bihugu by’amahanga, mu gihe ababuranishirijwe hanze ari 25 ndetse umuryango w’abibumbye wemeje ko inkiko zo mu rwanda zifite ubushobozi budashidikanywaho bwo kuburanisha ibi byaha bya jenoside.",none,sadness,0.016,0.01,0.171,0.01,0.884,0.011
kin_test_track_a_00973,@<username> @<username> @<username> ariko mana ubwose ushatse kuvuga iki? mubyukuri gusa ndumiwe cyane.,sadness,anger,0.911,0.021,0.015,0.007,0.063,0.04
kin_test_track_a_00974,nyamara muve mubyo gutegereza ya pusi murebe uko mwaremera uyu mutype @<username> ##url##,sadness,anger,0.127,0.006,0.03,0.067,0.011,0.008
kin_test_track_a_00975,@<username> wazashatse aga take away ko numva congolese batazi neza gahunda raa,none,anger,0.906,0.017,0.032,0.011,0.036,0.016
kin_test_track_a_00976,umunyezamu kwizera oliver yatawe muri yombi na @<username> akurikiranweho gukoresha ibiyobyabwenge. @<username> @<username> @<username> @<username> .mbega igihombo disi,sadness,anger,0.23,0.007,0.012,0.004,0.16,0.053
kin_test_track_a_00978,"nyuma y’ibi byabaye umugore uri mu bari begereye uyu muntu wajugunye ikinyobwa kuri cardi b, yagiye kuri polisi yo muri las vegas kurega uyu muraperikazi avuga ko na we iyi micro yajugunywe na cardi b yamwikubiseho nk’uko tmz yabitangaje.",surprise,sadness,0.02,0.016,0.039,0.014,0.981,0.056
kin_test_track_a_00979,ibi biganiro byarangiye saa tatu n’igice z’umugoroba bitanga ishusho ko bigirimana afite amahirwe yo gusinya mu ikipe y’abashinzwe umutekano nubwo nta cyemezo cya nyuma cyahise gifatwa.,none,sadness,0.017,0.004,0.053,0.012,0.783,0.019
kin_test_track_a_00980,"𝘐𝘨𝘪𝘵𝘰𝘯𝘥𝘰 𝘤𝘺𝘪𝘻𝘢 !! nuko mwicishe bugufi muri munsi y'ukuboko gukomeye kw'imana, kugira ngo ibashyire hejuru mu gihe gikwiriye. 1 pet 5:6",none,joy,0.004,0.007,0.018,0.751,0.042,0.071
kin_test_track_a_00982,yavuze ko uretse gutera amabuye muri uru rugo ngo niyo ahuye n’abandi baturage bagashaka kumubuza ngo ashobora kubasagarira bagasaba ubuyobozi kwita kuri iki kibazo.,fear,sadness,0.096,0.016,0.02,0.011,0.885,0.007
kin_test_track_a_00983,nakoranye imibonano mpuzabitsina n’abandi ibihumbi 10”.,surprise,none,0.011,0.012,0.01,0.025,0.132,0.045
kin_test_track_a_00984,"umwaka ushize urukiko rwisumbuye rwa musanze rwahamije bagiruwubusa jean nepomuscène icyaha cy’ubwicanyi, rumuhanisha igifungo cya burundu.",none,sadness,0.034,0.013,0.008,0.024,0.866,0.011
kin_test_track_a_00985,kwa kundi abakobwa bateye nabi bitera ibirungo byinshi 😭&gt;&gt;&gt;&gt;&gt;&gt;&gt;&gt;&gt;&gt;&gt;&gt; ##url##,anger,none,0.015,0.015,0.01,0.025,0.259,0.04
kin_test_track_a_00989,abatangabuhamya babwiye urukiko ko babonye biguma atwaye ibintu bitandukanye yabaga yasahuye nyuma yo kwica ba nyirabyo.,sadness,sadness+surprise,0.008,0.018,0.019,0.029,0.957,0.133
kin_test_track_a_00992,umva nawe nuguhita mukatira akazi kakoroha 🤦🤦🤦 ##url##,none,anger,0.83,0.025,0.094,0.014,0.018,0.01
kin_test_track_a_00993,"yabyutse abona inyo zitonze umurongo, naho ni imbeba zapfiriye munsi y'uburiri bwe.",disgust,sadness,0.011,0.171,0.011,0.022,0.918,0.04
kin_test_track_a_00994,"bishobora guterwa kandi n’uko umutsi wacitse amaraso ntagere mu mutima neza, ibizwi mu mvugo ya kiganga mu ndimi z’amahanga nka ‘myocardial infarction’.",fear+sadness,sadness,0.03,0.008,0.017,0.005,0.743,0.031
kin_test_track_a_00995,"abaturage bo mu bwoko bw’aba- irigwe bo mu gihugu cya nigeria, babayeho igihe kinini bagira uyu muco aho umugore yashakanaga na’abagabo barenze umwe bigafatwa nk’ibisanzwe, ariko akagira urugo rw’umugabo umwe abarizwamo ku buryo ari na we witwaga se w’abana bose uwo mugore yabyaraga n’ubwo bose bataba ari ab’uwo mugabo.",surprise,sadness,0.03,0.025,0.038,0.021,0.985,0.021
kin_test_track_a_00996,“abashinze ndabaga bari bafite umugambi mwiza wo kwita ku mibereho myiza y’abanyamuryango gusa kubera impamvu zitaduturutseho n’iziduturutseho ntabwo twabikoze.,sadness,anger+sadness,0.243,0.01,0.009,0.008,0.774,0.009
kin_test_track_a_00999,@<username> wa mugabo yatugarutsemo ndaq😂😂😂😂😂😂😂😂😂😂😂😂😂😂😂😂😂 ##url##,surprise,anger,0.167,0.005,0.014,0.044,0.019,0.006
kin_test_track_a_01000,"ati “turashaka gutera imbere, turashaka uburumbuke, abaturage bazamura ibyo binjiza, imibereho igahinduka kugira ngo tugire urwego tugeraho mu gihe runaka”.",joy,none,0.075,0.009,0.047,0.276,0.016,0.004
kin_test_track_a_01001,"yongeyeho n’ingaruka zitaboneshwa amaso nk’izaterwa n’ibyo yarebye cyangwa yasomye byamwangiza mu mutwe, gutangira kuba atigirira icyizere, kugabanuka k’ubushobozi bwo kwitekerereza no kwishakamo ibisubizo cyane bikaba bifite ingaruka zihariye zo kuba yatakaza ubushobozi bwo gukurikira mw’ishuri, umwana atakaza ubushake bwo kubana n’abandi muri rusange, ntabasha gutandukanya ibyo abona ku mashusho n’imibereho yo mu buzima bwe busanzwe n‘ibindi byatuma ejo he hazaza haba habi cyane.",fear+sadness,none,0.008,0.009,0.377,0.167,0.186,0.006
kin_test_track_a_01005,kubufatanye ninzego zibanze ndetse ni z'ubuzima uyu munsi twakurikiranye igikorwa cyo gutanga urukingo rwa #covid19 mubigonderabuzima bya @<username> @<username> @<username> @<username> @<username> @<username> ##url##,none,joy,0.008,0.02,0.027,0.944,0.019,0.028
kin_test_track_a_01007,dukurikije uburyo abana bakoze ahubwo twatunguwe.,surprise,anger,0.21,0.045,0.011,0.014,0.056,0.006
kin_test_track_a_01008,ati “bigaragara ko inganda z’itunganya zikanatubura imbuto zazamutse.,joy,none,0.055,0.005,0.059,0.231,0.01,0.01
kin_test_track_a_01009,"kristo yazanywe no kugira ngo tubone ubugingo. nubwo waba warasubiye inyuma; mugarukire! •luka 12:32 @<username> kigali, rwanda ##url##",none,joy,0.013,0.008,0.016,0.761,0.032,0.009
kin_test_track_a_01012,@<username> @<username> @<username> hahahaha akarimi n'icyumvirizo numvisemo ka mugobeko ndacangwa,none,anger,0.523,0.006,0.029,0.014,0.043,0.006
kin_test_track_a_01015,"umuyobozi mukuru w’ishami rya ejo heza mu kigo cy’igihugu cy’ubwiteganyirize (rssb), gatera augustin, yatangaje ko uyu mwaka wajemo imbogamizi zatumye intego yari yashyizweho itagerwaho 100%.",sadness,none,0.018,0.004,0.1,0.037,0.188,0.005
kin_test_track_a_01016,turabibuka kandi ntituzabibagirwa na rimwe igihe cyose tugihumeka. baruhukire mu mahoro. ##url##,sadness,anger+sadness,0.417,0.017,0.047,0.017,0.942,0.006
kin_test_track_a_01018,"umuyobozi wungirije w’umujyi wa kigali ushinzwe imiturire n’ibikorwaremezo, dr merard mpabwanamaguru, yabwiye igihe, ko bari gusenya kiosque zagiye zishyirwa iruhande rw’inyubako nziza kuko zituma imiryango imwe n’imwe yazo n’inzira bidakoreshwa.",sadness,none,0.013,0.008,0.205,0.514,0.026,0.01
kin_test_track_a_01019,"yagize ati ""mu by’ukuri bijya gutangira, nagiye kumva numva umukozi w’ikigo cy’imisoro arampamagaye, ati ’turagushaka ku kimihurura uzaze gufata ibaruwa yawe’.",none,anger,0.135,0.002,0.041,0.025,0.052,0.009
kin_test_track_a_01020,izi nkweto zirashaka 10k zombi inbox dore nabuze aho nzishyira kdi inzara niyose ##url##,sadness,none,0.044,0.003,0.015,0.116,0.031,0.008
kin_test_track_a_01021,"biba bigoye kwakira ubwo buzima, bigahumira ku mirari noneho iyo wabujijwe uburenganzira bwo kuba mu gihugu cyawe, ku bw’amaherere n’inyungu za bamwe, zishingira ku mpamvu zidafututse, nk’ururimi uvuga, ubwoko n’ibindi boshye ko hari ugena uko avuka.",sadness,none,0.008,0.008,0.103,0.014,0.584,0.011
kin_test_track_a_01026,ni urukingo rushobora gutangwa rukaba rwafasha mu buzima bw’umushwi bwose.”,joy,none,0.015,0.008,0.077,0.066,0.018,0.014
kin_test_track_a_01027,@<username> @<username> batamufite baba bari mu bipondo,none,anger,0.147,0.005,0.015,0.006,0.433,0.007
kin_test_track_a_01028,"pfashe aya mahirwe nshimira cyane mbivanye k'umutima #class001,mr mike karangwa wadusuye atuganiriza kumwuga w'itangazamakuru.@<username> ,@<username> ,@<username> ,@<username> ##url##",joy,joy+surprise,0.005,0.013,0.025,0.962,0.072,0.191
kin_test_track_a_01030,kare nanyuze kumubyeyi kuri t2000 aravuga ngo mbega indaya nihumurije parfe niteye niba uhumura indaya biranshanga,sadness,anger,0.903,0.011,0.031,0.006,0.067,0.068
kin_test_track_a_01031,– ifoto ya gitwaza ari kumwe n’abana yavugishije benshi,surprise,sadness,0.015,0.03,0.005,0.019,0.808,0.114
kin_test_track_a_01032,ndashaka guhemba aba follows 200+ bambere✨ twagiye uko ukora follow usige number ya momo muri comment 😍 twagiye @<username> 🙈🙈🙈,none,anger,0.737,0.011,0.022,0.018,0.017,0.014
kin_test_track_a_01034,hari n’ubwo ubikorerwa ukabura ibimeyetso ntube watanga ikibazo ariko ukaba watanga ubuhamya bukangura abandi.,sadness,none,0.014,0.006,0.017,0.029,0.035,0.05
kin_test_track_a_01035,"ibyo byose babizi neza, ntibisaba ubwenge bwinshi kumva ko guverinoma iyo ari yo yose izirikana inshingano zayo, ituranye n’ahantu hari umutekano muke kandi hari icyuho cy’imiyoborere, huzuye imitwe yitwaje intwaro, irimo n’umwe wiyemeje kwica abaturage bayo, ifite inshingano, ikoresheje uburyo mpuzamahanga, zo kurinda umutekano w’abaturage, by’umwihariko mu gihe iyo mitwe yitwaje intwaro ifashwa byeruye n’ingabo za leta.",none,anger,0.149,0.004,0.222,0.007,0.585,0.007
kin_test_track_a_01036,mu mana biremera wanjye ngaho niba utari umupagani shima imana kandi utagenda utagize icyo uvuga urakoze nyagasani amen🙏🙏🙏 ##url##,none,anger,0.741,0.009,0.019,0.019,0.036,0.006
kin_test_track_a_01037,"yavuze ko nibura mu kwezi kuri ubu ibimene by’ibirahure byo mu mujyi wa nyamata hafi ya hose abikusanya, akabibakiza nk’umwanda.",joy,none,0.006,0.027,0.05,0.059,0.238,0.007
kin_test_track_a_01040,@<username> ubundi umujura nyawe iyo abuze icyo yiba ashaka na po umwana yitumyemo,none,anger,0.167,0.013,0.005,0.009,0.182,0.011
kin_test_track_a_01041,ngo yakomeje gukora muri urwo rugo ariko nyuma aza kuhava yerekeza i nyanza ari na bwo abana bato bo muri rwa rugo yakoragamo baje kubwira ababyeyi ko bigeze kubona afite uruhinja mu cyumba cye.,surprise,sadness,0.006,0.004,0.01,0.24,0.627,0.032
kin_test_track_a_01042,"ibyo iyo bije turunguka nk’igihugu, tukagira amabanki akora kinyamwuga.”",joy,surprise,0.071,0.102,0.008,0.047,0.012,0.146
kin_test_track_a_01045,"ku munota wa 62, vyamungu yongeye gucomekera umupira nduwimana ariko umunyezamu kalyowa arasohoka awukuraho ndetse umusifuzi avuga ko nta kosa ryatuma atanga penaliti ryabayeho.",none,sadness,0.043,0.004,0.014,0.014,0.836,0.044
kin_test_track_a_01047,"naho mu babikoresha bose, hafi kimwe cya kabiri baba barwaye hépatite c, miliyoni 1.4 baba bafite agakoko gatera sida, mu gihe miliyoni 1.2 baba bafite izo ndwara zombi.",fear+sadness,none,0.017,0.004,0.031,0.013,0.341,0.018
kin_test_track_a_01049,uwambajimana valentine ukurikiranyweho gucuruza ibiyobyabwenge nyuma yo gufatanwa udupfunyika 889 tw’urumogi we aramutse ahamijwe iki cyaha n’urukiko yahanwa n’ingingo ya 11 y’itegeko nimero 69/2019 ryo ku wa 08 ugushyingo 2019 rihindura itegeko nimero 68/2018 ryo ku wa 30 kanama 2018 riteganya ibyaha n’ibihano muri rusange.,sadness,none,0.011,0.012,0.009,0.258,0.024,0.016
kin_test_track_a_01050,ibimeme bye biranuka wagirango ntazi koga,disgust,anger+disgust,0.14,0.986,0.031,0.032,0.04,0.033
kin_test_track_a_01051,ati “duhangayikishijwe n’umubare munini w’impunzi uri mu bituma imiryango myinshi irushaho gusonza.”,fear,fear+sadness,0.027,0.019,0.7,0.031,0.958,0.015
kin_test_track_a_01052,munyakazi avuga ko hakenewe ingamba zikomeye kugira ngo ikibazo cy’ibirayi kibashe gukemuka burundu.,none,fear,0.014,0.033,0.92,0.096,0.101,0.022
kin_test_track_a_01054,"iki kigo cyasozanyije abana 102 mu y’inshuke bagiye mu abanza, usibye babiri bahuye n’uburwayi butuma badakomeza.",joy+sadness,sadness,0.008,0.014,0.043,0.086,0.959,0.021
kin_test_track_a_01055,urunuka n’urwawe wa mabyi we.,anger+disgust,disgust,0.085,0.989,0.034,0.051,0.043,0.04
kin_test_track_a_01056,"imana ikomeze abasigaye b’umuryango we, abo basenganaga, urubyiruko n’abandi bose ubutumwa bwe bwafashije.",sadness,joy,0.01,0.012,0.013,0.68,0.023,0.011
kin_test_track_a_01058,yaravuze ngo uzagitange si icyawe wagihawe n'imana 😁 ##url##,none,anger,0.813,0.012,0.036,0.006,0.061,0.011
kin_test_track_a_01059,abakunzi ba ruhago bagiye kwica inyoni ebyiri n’ibuye rimwe,joy,surprise,0.006,0.219,0.016,0.029,0.364,0.246
kin_test_track_a_01061,"muri make, himbara araburana urwa ndanze!",none,disgust,0.026,0.933,0.015,0.024,0.262,0.043
kin_test_track_a_01062,@<username> ibyo uvuze nukuri kuzuye 🙏🙏 #ripmagufuli nyagasani akwiyereke iteka 😭😭💔💔💔 ##url##,sadness,anger,0.841,0.012,0.011,0.012,0.055,0.017
kin_test_track_a_01063,"yari kumwe n’umuyobozi w’urugaga rw’abahinzi-borozi, imbaraga, munyakazi jean paul, umuyobozi ushinzwe ubugenzuzi mu kigo gishinzwe ubugenzuzi, ihiganwa mu bucuruzi no kurengera umuguzi, niragire ildephonse n’umuhinzi, kantesi odette.",none,joy,0.012,0.013,0.017,0.563,0.014,0.012
kin_test_track_a_01064,"twabanye nabo, bambwira ko akazi ngomba gukora ako ako gutara amakuru nkayababwira.’’",none,anger,0.163,0.003,0.052,0.007,0.159,0.025
kin_test_track_a_01066,"umuryango uhuza ibihugu byo mu burengerazuba bwa afurika, cedeao uherutse kugaragaza ko ibiganiro bya dipolomasi bisakunze ushobora kohereza ingabo zawo muri niger gusubiza ku butegetsi perezida mohamed bazoum.",none,anger,0.435,0.008,0.223,0.018,0.05,0.008
kin_test_track_a_01067,@<username> 😉🙄 basi waba uzi ko kimwe mu bintu ntajya nkora ari ukubeshya?😊🙆 basi bimenye ubu..,none,anger,0.42,0.01,0.191,0.012,0.017,0.01
kin_test_track_a_01072,@<username> @<username> @<username> @<username> @<username> @<username> @<username> birashoboka se ?gusa ikibazo cyo kirahari ariko niba bigeze aha?turakomerewe,fear+sadness,none,0.006,0.007,0.298,0.029,0.612,0.016
kin_test_track_a_01073,nawe wabona inyungu zo gukorana na @<username> biroroshye kuko gufungura konti bikorwa mu buryo bwihuse! ##url##,joy,none,0.043,0.01,0.024,0.395,0.01,0.007
kin_test_track_a_01074,"ni ikimenyetso cy’uko ubutabera bwatsinze umuco wo kudahana ubugome, ubumwe bwatsinze amacakubiri, ugukunda igihugu byatsinze urwango.",joy,surprise,0.095,0.065,0.012,0.034,0.182,0.84
kin_test_track_a_01077,"ati “mwadukorera ubuvugizi kuko hari n’abana b’abakobwa bagiye bajya kugikoramo hashira iminsi bakabatera inda, nk’ubu rwose hari abana b’abaturanyi banjye babiri bagiye kugikoramo babatera inda ubu barabyaye bicaye iwabo.”",sadness,anger+sadness,0.124,0.01,0.017,0.012,0.962,0.017
kin_test_track_a_01081,uyu muyobozi yakomeje avuga ko inzego z’ibanze zari zaregereye uyu muryango zibagira inama yo kuboneza urubyaro umugore ngo ajya no kwa muganga bamushyiramo agapira ariko ngo nyuma y’ukwezi yahise agakuramo afatanyije n’umugabo we.,none,sadness,0.009,0.007,0.087,0.039,0.803,0.008
kin_test_track_a_01082,amase yabaye ikirundo imbere y’inzu kandi yuzuye inzige.,disgust,sadness,0.011,0.456,0.011,0.048,0.681,0.041
kin_test_track_a_01083,"bahere ku bifi binini kuko ni nabo banyirabayazana.""",anger,sadness,0.058,0.045,0.012,0.011,0.913,0.009
kin_test_track_a_01084,@<username> @<username> @<username> hari ubwo abantu bihererana utwana nyamara!,sadness,none,0.025,0.131,0.032,0.007,0.223,0.014
kin_test_track_a_01086,"twabyanze, ntabwo twakora imyitozo batayatwishyura.”",anger,none,0.07,0.002,0.097,0.016,0.103,0.011
kin_test_track_a_01088,@<username> iyo watangiye kwibaza ibibazo nkibyo kaba kabaye ndakurahiye bagusabire ahubwo nibura uyu mwaka ntugusige,fear,anger,0.685,0.008,0.156,0.006,0.03,0.023
kin_test_track_a_01089,ugasanga umunsi umwe ubonye bonus yo kujya muri hotel/motel uragiye urayizenguritse wifotoza nkaho ari wowe boss waho wisubireho,anger,anger+surprise,0.831,0.01,0.025,0.008,0.101,0.252
kin_test_track_a_01091,ibi ntibivuze ko abakunzi ba apr fc bagiye kuryoherwa n’ibyo mvuze?,none,surprise,0.016,0.014,0.079,0.024,0.16,0.799
kin_test_track_a_01092,"ibibazo byatewe n’ubukoloni, ibyatewe na apartheid n’ibindi, byagarutsweho, humvikanishwa ko u burusiya nta ruhare na ruto rwabigizemo, ko ahubwo abanyaburayi na amerika batsikamiye afurika.",none,sadness,0.05,0.013,0.039,0.011,0.974,0.016
kin_test_track_a_01094,"yvan muziki yamurikiye abakunzi b’umuziki we indirimbo yise ‘ihora ihagaze’ igaragaramo abakinnyi ba sinema nyarwanda batandukanye barimo clapton kibonke, nyambo jessica, killerman na dj pius.",joy,surprise,0.005,0.006,0.009,0.305,0.075,0.14
kin_test_track_a_01095,#kwibohora27 tunejejwe no kubamenyesha ko iki kiganiro kizabasha gukurikirwa n'abafite ubumuga bwo kutumva hifashijwe ururimi rw'amarenga @<username> @<username> @<username> @<username> @<username> ##url##,joy,none,0.01,0.005,0.019,0.214,0.032,0.011
kin_test_track_a_01100,uyu muyobozi yashimangiye ko aba bana bashyinguwe kuri uyu wa kane aboneraho kwihanganisha imiryango yabo no gusaba ababyeyi kujya bamenya neza aho abana babo baba baherereye no kujya birinda ko bijyana mu kwirinda ko bahura n’ibyago nk’ibyo.,sadness,joy,0.01,0.009,0.035,0.65,0.132,0.005
kin_test_track_a_01103,minisitiri w’ububanyi n’amahanga nkuko byari byabivuzwe mu nama rusange yaratuvugishije kugira ngo hemezwe umunsi azabuzaniraho ariko nyuma baje kuvuga ngo ‘imikino n’ubundi ni iyanyu ntabwo akeneye ubutumire.”,none,anger,0.818,0.007,0.062,0.008,0.061,0.015
kin_test_track_a_01105,umusaruro w’izi ngabo kandi wanenzwe na bamwe mu rwanda mu 1994 ubwo zari zahoherejwe kubungabunga amahoro ariko hakaba jenoside zirebera.,sadness,anger+sadness,0.123,0.03,0.017,0.021,0.982,0.022
kin_test_track_a_01106,#mi_vow by @<username> ariko still gahunda ni #ntakudohoka. views ni ubusa shaaaa! 🙄🤤 @<username> @<username> @<username> @<username> @<username> @<username> @<username> @<username>,none,joy,0.015,0.009,0.018,0.627,0.01,0.019
kin_test_track_a_01107,"@<username> kizz daniel se ko afungiwe mubaturanyi , ubwo umuntu wafunzwe uyu munsi azaba ari tayari in 5 days ?",fear,none,0.076,0.006,0.011,0.007,0.587,0.024
kin_test_track_a_01108,"ariko imashini yahitaga itubwira iti nsanze igifitanye isano na byo ari abakaraba intoki ntabwo ari agapfukamunwa, noneho rbc igahita ijyana ingamba iti nyabuneka nimukarabe intoki.”",anger,none,0.011,0.006,0.593,0.032,0.093,0.073
kin_test_track_a_01109,"@<username> @<username> ni psychological abnormal shifting y,ibibazo byawe ku bandi uzacunge @<username> na @<username> ako kantu barakagira ko guhora bumva banzwe",sadness,anger+sadness,0.145,0.01,0.014,0.009,0.864,0.007
kin_test_track_a_01110,pasteur. ntimukanywe inzoga dore nabanzi banyu yesu ati nimukunde abanzi banyu. nonese ngewe ndinde wokutumvira yesu..nibaribyo nyihera like 🕵🕵,none,anger,0.671,0.013,0.034,0.011,0.285,0.004
kin_test_track_a_01111,abajyanama b’ubuzima baganirijwe ku budasa mu guhangana na covid-19 ndetse n’uruhare rwabo muri ubu bukangurambaga #operationcovidfree #sindohoka @<username> @<username> ##url## ##url##,none,joy,0.012,0.022,0.034,0.975,0.023,0.028
kin_test_track_a_01117,ninge mu jeunes umeze neza👍 munsi yubutayu bwa sahara😂🤣🤣🤣,joy,none,0.017,0.011,0.016,0.373,0.013,0.009
kin_test_track_a_01119,"mu gihe trump anenga biden, inzego z’ubutabera zikomeje gukurikirana uwo wahoze ari perezida ku byaha birimo uburyo yafashe nabi inyandiko zirimo amabanga ya leta n’ibindi byaha bishobora gusiga afunzwe imyaka n’imyaka muri gereza.",fear,none,0.037,0.005,0.082,0.004,0.352,0.042
kin_test_track_a_01121,"ugereranyije n’ubwiyongere bw’abaturage, abashora imari mu kubaka inzu ziciriritse n’iz’ubucuruzi baba bake.",fear,joy,0.013,0.027,0.024,0.967,0.023,0.026
kin_test_track_a_01123,@<username> @<username> ntago ari bubisome wikwirushya bro 😂,none,anger,0.872,0.012,0.024,0.013,0.038,0.013
kin_test_track_a_01125,"ibaruwa kaminuza y’u rwanda yanyujije ku rubuga rwayo rwa twitter yashyizweho umukono n’umuyobozi mukuru wayo, dr didas kayihura muganga, ivuga ko aba banyeshuri bimuwe ku mpamvu z’uko ari ryo shuri ribarizwa muri cbe ryari risigaye ryonyine i nyagatare.",none,anger,0.119,0.006,0.03,0.013,0.53,0.003
kin_test_track_a_01127,"bro ushobora kwiyahura ugapfa, ex wawe akaza kugushyingura ari kumwe na boyfriend we mushyashya😒 njye bimaze kumbaho kabiri😭😭. @<username> 💋💋",sadness,none,0.011,0.003,0.013,0.036,0.329,0.025
kin_test_track_a_01128,"ati “duhura na bpn twari dufite abakozi batandatu bahoraho ariko ubu tugeze kuri 20 bahoraho kandi haba no mu micururize ubona ko ikigo cyacu cyazamutse, batwigishije ko ikigo tutagishinze ku bwacu ahubwo ari ku bw’umukiliya.",joy,anger,0.762,0.011,0.019,0.048,0.018,0.008
kin_test_track_a_01129,"@<username> umubyeyi: eeee uratangiye, ubwo bagiye kugutera inda,bla bla... 😂",anger,none,0.04,0.003,0.01,0.034,0.101,0.011
kin_test_track_a_01130,"imana yumve amasengesho yawe, kandi utangire kubona ibyo wasengeye. umunsi mwiza.",none,anger,0.224,0.285,0.031,0.029,0.015,0.005
kin_test_track_a_01131,bavuga ko ibi bibagiraho ingaruka kuko bahora barwaye indwara zitandukanye zirimo inzoka n’ibicurane bya buri gihe baboneraho gusaba ubuyobozi kubafasha kugira ngo na bo babone amazi meza.,sadness,fear+sadness,0.019,0.028,0.936,0.057,0.66,0.019
kin_test_track_a_01136,mf iziko yasibye ep ya @<username> kuri youtube nizibeshye go ikadagire muri kkblock😤😤 #seriously #rwanda,sadness,anger,0.622,0.007,0.039,0.046,0.016,0.009
kin_test_track_a_01138,izi zo urebye nabi zanakurya da! ##url##,fear,anger,0.748,0.038,0.015,0.012,0.026,0.012
kin_test_track_a_01142,kugira icyo ugeraho nugukora cyane rubyiruko dukore buri kimwe nibwo tuzatera imbere. ##url##,none,joy,0.022,0.023,0.026,0.945,0.012,0.016
kin_test_track_a_01143,"umuvugizi wa polisi mu ntara y’iburengerazuba, sp bonaventure twizere karekezi, yavuze ko kugira ngo bafatwe byaturutse ku makuru yatanzwe n’abaturage.",joy,sadness,0.041,0.013,0.213,0.012,0.948,0.008
kin_test_track_a_01144,"ramjaane joshua yatanze urugero rw’ibyo yakijijwe, birimo kunywa itabi n’urumogi yanywaga yahishe abo mu rugo iwabo.",joy,sadness,0.02,0.019,0.015,0.066,0.948,0.011
kin_test_track_a_01145,"umuyobozi mukuru wa airtel rwanda, emmanuel hamez, yavuze ko mu myaka mike iri imbere nta telefoni zikoresha sim card zifatika (physical sim cards) zizaba zigisohoka, asaba abaturage gutangira kwimenyereza izi z’ikoranabuhanga.",none,joy,0.007,0.01,0.029,0.879,0.032,0.024
kin_test_track_a_01146,bamwe bahise bibaza impamvu umuntu ashobora kurega leta ndetse n’icyo bisaba ngo umuturage abe yarega leta.,fear,anger+surprise,0.702,0.012,0.11,0.004,0.163,0.373
kin_test_track_a_01147,@<username> izuba ryamanutse! wihangane nugutera agatebe muri douche ariko bitari ukoga ahubwo kwibobeza just!,none,anger,0.687,0.006,0.012,0.017,0.067,0.014
kin_test_track_a_01149,@<username> @<username> kubana neza nabo se bivuze gutega amatama bagakubita? hoya. aho kwicwa ni interahamwe nasonza,anger,anger+sadness,0.299,0.008,0.073,0.008,0.901,0.007
kin_test_track_a_01151,aha uyu musore yanafashwe amafoto yambaye ubusa.,sadness,surprise,0.01,0.285,0.008,0.031,0.128,0.426
kin_test_track_a_01153,yakomeje agira ati “ni icyorezo gituma umwuga wacu uta agaciro n’ubutabera bugata agaciro ku buryo ari ikintu gikwiye kurwanywa twivuye inyuma kand dufatanyije n’abo dufatanyije mu rwego rw’ubutabera bikaba byagabanyuka uko bishoboka byose.”,sadness,fear,0.091,0.025,0.892,0.02,0.143,0.01
kin_test_track_a_01156,@<username> ndashaka kuzareba umuntu uha ruswa ngo ujue mu ijuru 😂😂😂😂😂😂,none,anger,0.483,0.009,0.018,0.005,0.061,0.027
kin_test_track_a_01157,@<username> sha nukuri urugero rwiza niwoe ark baba bavuga ukuri,none,anger,0.497,0.006,0.013,0.009,0.071,0.009
kin_test_track_a_01158,"visi perezida wa ibuka mu karere ka nyarugenge, nduwawe denyse, yasabye abafite amakuru y’abishwe bakajugunywa muri nyabarongo kuyatanga.",anger+sadness,sadness,0.024,0.016,0.094,0.01,0.973,0.025
kin_test_track_a_01163,"ni ubushakashatsi prof. paul dawson yakoze ari kumwe n’itsinda ry’abanyeshyuri yigishaga, ashaka kubereka ko ari ngombwa gutekereza byimbitse ku buziranenge bw’ibiribwa, aho bwagaragaje ko guhuha iyo buji byongera bagiteri ku mutsima, ku kigero cya 1400%.",fear,none,0.023,0.006,0.075,0.264,0.021,0.006
kin_test_track_a_01166,umusa reka dushake ama frw kuko ibyo indaya y'umusaza rukukuri inkoreye muri bar nagahuma munywa😭😭😭 ##url##,anger+sadness,anger,0.241,0.007,0.009,0.065,0.024,0.005
kin_test_track_a_01167,ni inyito ikura ibirari byayo ahasaga mu wa 1120.,none,disgust,0.017,0.866,0.03,0.023,0.038,0.098
kin_test_track_a_01172,iyo bavuze ishyano wumva iki?,none,anger+disgust,0.578,0.875,0.027,0.009,0.029,0.091
kin_test_track_a_01173,"ku rundi ruhande, mbirizi eric yari hasi ndetse ntiyagize umwaka ushize mwiza, ku buryo bigoye kumwitegaho byinshi kuri iyi nshuro nubwo abakinnyi bari gusoza amasezerano bamera nk’abiyuburuye.",sadness,none,0.005,0.003,0.011,0.27,0.203,0.034
kin_test_track_a_01174,🤧😭 noneho ndabyemeye ko inyanazimbwa zibaho @<username> was right … umugabo bamufashe ari gusambana umugore we bamubaze kwa muganga yabyaye 🤧🚮🚮🚮🚮🚮🚮,anger,anger+sadness,0.188,0.005,0.008,0.007,0.768,0.021
kin_test_track_a_01176,"akimara kumenya ko arwaye gutya, yarihebye bikomeye atangira gushaka abakozi b’imana ngo bamusengere.",sadness,sadness+surprise,0.019,0.013,0.082,0.013,0.625,0.727
kin_test_track_a_01178,"ubushakashatsi bugaragaza ko hazakomeza kugenda habaho itakazagaciro k’ifaranga hirya no hino ku isi, hakabaho ikibazo cy’uko ubukungu buzajya buzamuka ku gipimo cyo hasi, ibibazo bishingiye ku bukungu n’ibura ry’ibicuruzwa kikarushaho kuba ingorabahizi.",fear+sadness,fear,0.018,0.007,0.711,0.082,0.061,0.018
kin_test_track_a_01179,umva nubwo inzonzi zibeshya ariko haribyo zitakwereka wari warota umukobwa yaguhaye amafaranga mbajije abasore?,none,anger,0.254,0.007,0.127,0.005,0.059,0.081
kin_test_track_a_01181,@<username> cyakoze byo birakabije bahagera warambiwe,anger,sadness,0.044,0.018,0.026,0.007,0.633,0.006
kin_test_track_a_01182,"abagiye mu majyepfo bibuka ivumbi ry’i nyaruguru, ku buryo umuntu yakandagiraga rikamugera mu matwi!",surprise,sadness,0.004,0.164,0.128,0.026,0.622,0.039
kin_test_track_a_01184,ni ku nshuro ya kabiri muri icyo cyumweru umurwa mukuru w’u burusiya wari ugabweho ibitero bya drones.,none,fear,0.031,0.012,0.84,0.012,0.578,0.055
kin_test_track_a_01185,ese kuki abakozi bo murugo bakunda kwirukanwa cyane iyo hamwe mugace bakomokamo hashyizwe muri guma mukarere ? @<username> @<username>,sadness,none,0.095,0.007,0.015,0.01,0.041,0.071
kin_test_track_a_01186,@<username> @<username> @<username> 😜😜😜😜abeza bose baba batutuka bigogwe erega nawe urabizi,none,anger+sadness,0.704,0.013,0.014,0.012,0.803,0.007
kin_test_track_a_01187,urugero rwa hafi ni uko uyu musore ari we wanafashe amashusho n’amafoto y’igitaramo davido aherutse gukorera i boston.,none,surprise,0.023,0.008,0.01,0.015,0.522,0.522
kin_test_track_a_01190,"minisitiri w’imari, janet yellen, yagiriye uruzinduko mu bushinwa nyuma y’iminsi mike, mugenzi we ushinzwe ububanyi n’amahanga muri amerika, anthony blinken avuye muri iki gihugu mu ruzinduko rwasize anagiranye ibiganiro na perezida xi jinping.",none,surprise,0.008,0.007,0.084,0.131,0.046,0.149
kin_test_track_a_01191,"iki kinyamakuru kigaragaza ko iyi ndwara yibasira ab’igitsina gore kurusha ab’igitsina gabo nubwo nta mpamvu yabyo izwi, ariko ngo abashakashatsi bagaragaje ko bishoboka ko imisemburo ya estrogen na progesterone ingana mu mibiri yabo ariko igakora mu buryo butandukanye ibigiramo uruhare.",sadness,fear,0.009,0.018,0.801,0.027,0.304,0.02
kin_test_track_a_01192,"@<username> @<username> ubuze icyo atuka inka aragira ati """"dore igicebe cyayo"""". none icyo yavuze utumvise niki ngo usobanurirwe?",anger,anger+surprise,0.401,0.006,0.018,0.007,0.089,0.309
kin_test_track_a_01193,icyakora mu myaka yo hambere umuntu yashoboraga kumara iminsi runaka adakoresheje ibi bikoresho dore ko byari bizwi na bake abo twitaga ko bakandagiye mu ishuri.,none,sadness,0.02,0.008,0.018,0.017,0.892,0.017
kin_test_track_a_01194,@<username> @<username> @<username> @<username> @<username> turamenyesha abantu twari twabwiye ko twibwe moto ko ubu yabonetse ##url##,joy,none,0.039,0.003,0.01,0.069,0.029,0.052
kin_test_track_a_01197,"yageze n’aho atanga nimero ya telefoni ye, ariko inshuro nyinshi yabwiwe ko yataha mu rwanda akaba ariho afashirizwa, yashwishurije uyu musore baganiraga.",sadness,anger+sadness,0.167,0.009,0.007,0.008,0.895,0.087
kin_test_track_a_01199,ubu bukwe bwabaye mu ibanga rikomeye dore ko aba bombi nta mpapuro bigeze batanga zisaba gushyingiranwa mu buryo bwemewe n’amategeko.,surprise,anger,0.317,0.006,0.094,0.004,0.085,0.016
kin_test_track_a_01202,@<username> @<username> aya mata ko aryoshye 😅,none,anger,0.254,0.018,0.012,0.006,0.042,0.015
kin_test_track_a_01203,"ati ""ntabwo fpr inkotanyi bari bafite intwaro zahagarika jenoside yakorerwaga abatutsi, ingabo zari nkeya n’ibikoresho byari bike, icyatumye bishoboka ni ubushake.",joy,anger+sadness,0.233,0.006,0.027,0.007,0.83,0.007
kin_test_track_a_01205,"uribaza uko uzaba wangije izina ryawe n’abakiliya bayobye bisobanuye ngo hari ingaruka nyinshi mu kutarinda izina ryawe.""",anger,sadness,0.017,0.006,0.028,0.01,0.896,0.034
kin_test_track_a_01206,yavuze ko ikindi kibazo gihari ari icy’ahantu hazwi ko hateza impanuka ariko ugasanga hadakosorwa vuba.,anger,fear,0.011,0.028,0.937,0.082,0.393,0.024
kin_test_track_a_01207,"mu ukuboza 1995, agatha habyarimana, gen bizimungu na gen kabiligi bagiriye uruzinduko muri zaïre, bahura n’abasirikare bakuru b’icyo bari boherejwe na perezida mobutu.",none,sadness,0.016,0.01,0.011,0.015,0.886,0.089
kin_test_track_a_01210,amakipe yombi yakomeje guhangana bikomeye yibanda cyane ku kugarira.,none,surprise,0.009,0.011,0.014,0.302,0.024,0.303
kin_test_track_a_01212,"uyu mudepite yafashwe n’uburakari bwinshi mu biganiro byagarukaga ku ngurane zigomba guhabwa abaturage bo mu gace ahagarariye, bimuwe kubera ibikorwa by’ubucukuzi bw’amabuye y’agaciro.",anger,sadness,0.042,0.007,0.012,0.011,0.887,0.022
kin_test_track_a_01214,"abo ku mpera yose y'isi bazibuka bahindukirire uwiteka, amoko yose yo mu mahanga azasengera imbere yawe. (zaburi 22:28)",none,anger,0.299,0.01,0.01,0.009,0.325,0.009
kin_test_track_a_01217,nonese buriya kubera iki inka igenda icebe ricuritse ariko amata ntameneke????,none,anger,0.605,0.196,0.041,0.005,0.025,0.027
kin_test_track_a_01219,@<username> nta bana b'abakire uzi apfusha umubyeyi akananirwa gucunga imitungo ye?,sadness,anger,0.642,0.007,0.012,0.006,0.618,0.027
kin_test_track_a_01220,@<username> xlm papa ewan amafaranga nibyose kbx ndemezako àmafaranga atanga ibyishimo kugera naho ibiceri 30 byatumyw umwana wimana ahohoterwa,surprise,anger+sadness,0.253,0.007,0.013,0.011,0.92,0.019
kin_test_track_a_01221,"uyu mukobwa ari kuvuga ngo mubwire niba naramuciye inyuma kuri diane, ntabwo azi ko iby'isi aramabanga 🤣🤣",none,sadness,0.068,0.005,0.018,0.006,0.814,0.019
kin_test_track_a_01223,@<username> @<username> @<username> umutungo kamere afurika ifite wakabaye uyikiza. abo wita umubyeyi bakabaye ari abafatanyabikorwa mu bwubahane,sadness,none,0.075,0.007,0.004,0.036,0.436,0.007
kin_test_track_a_01224,nkawe uratweeting ibyimipaka ya gatuna utazi na gatsata wakwicaye ugategereza moviti ko ariyo wabuze😂😂😂😂,anger,none,0.073,0.005,0.017,0.044,0.02,0.01
kin_test_track_a_01225,@<username> ijoro ryiza wo kajyire imana namafaranga weee,joy,none,0.036,0.005,0.012,0.145,0.024,0.008
kin_test_track_a_01226,@<username> ariko ko wifashe nka papa mbyitire bite? kankurwaneh nawe uzandwanaho kumunsi mubi.,joy,anger,0.537,0.014,0.122,0.005,0.025,0.015
kin_test_track_a_01227,"trump ari gukorwaho iperereza ku nyandiko zagaragaye umwaka ushize mu nyubako ye mar-a-lago iri muri leta ya florida, aho bivugwa ko izo nyandiko zirimo amabanga akomeye ya leta ku buryo atari yemerewe kuzitwara, ahubwo zagombaga kubikwa ahantu hizewe leta yahisemo.",none,surprise,0.035,0.005,0.135,0.006,0.195,0.449
kin_test_track_a_01228,"abakinnyi 14 bakomeje umwiherero ni ndagijimana iris, uwera lea, uwiringiyimana albertine, dusabe flavia, musabyemariya donatha, musaniwabo hope, uwamahoro béatrice.",none,joy,0.007,0.011,0.017,0.841,0.024,0.026
kin_test_track_a_01229,muri bk arena abenshi bari bitabiriye bari biganjemo igitsina gore ndetse ku buryo hari uwo wabazaga muri abo akakubwira atikandagira ko ari uyu muhanzi watumye ashamadukira kuza.,joy,sadness+surprise,0.024,0.014,0.013,0.018,0.962,0.178
kin_test_track_a_01231,"aha tuhagira abagenzi benshi ariko imihanda yaho ni ibinogo; usanga imodoka ihageda isaha yose kandi hatarenga kilometero 12, hakiyongeraho ko itabasha gukora umunsi wose idapfuye kubera ububi bw’umuhanda.”",sadness,none,0.013,0.011,0.083,0.041,0.549,0.006
