id,text,gold,pred,p_anger,p_disgust,p_fear,p_joy,p_sadness,p_surprise
kin_test_track_a_00003,mu rwanda niho honyine umubyeyi agutonganya amasaha atanu🙄 yarangiza ngo ntanamagambo menshi ashaka kuvugana nawe😁😁,surprise,anger,0.516,0.045,0.035,0.227,0.407,0.128
kin_test_track_a_00004,@<username> mugerageze kunoza service. niba nagize ikibazo saa mbili mukagerageza kumbonera igisubizo saa kumi nimwe. nooo oyant rwose,anger+sadness,none,0.332,0.023,0.059,0.341,0.099,0.014
kin_test_track_a_00005,yitabye imana aheruka kugaragara mu ruhame mu 2021.,sadness,none,0.071,0.2,0.063,0.136,0.266,0.036
kin_test_track_a_00007,"abazigize bakora imirimo y’ubuhinzi budatanga umusaruro ufatika, bafite ubumenyi buciriritse kandi bahora bimuka bashakisha ubuzima.",none,sadness,0.165,0.031,0.048,0.467,0.626,0.017
kin_test_track_a_00008,@<username> @<username> @<username> cyaze uramuhaye tsu nawe nuko yumva yayibye bruh,none,anger,0.662,0.007,0.013,0.413,0.044,0.042
kin_test_track_a_00009,@<username> mwaramutse neza mudufashe ko turimo gukatwa amafaranga igihe nkuye amafaranga kuri momo nyashyira kuri konte bimeze bite ko bidasobanutse?,anger+sadness,none,0.279,0.016,0.184,0.25,0.249,0.022
kin_test_track_a_00012,iyo imbuto itabonetse mu ntangiriro ngo ibe yujuje ubuziranenge usanga ari ikibazo.’’,fear,fear+sadness,0.055,0.039,0.372,0.116,0.539,0.104
kin_test_track_a_00013,"uwimana wahinduye izina ry’akabari ke akakita akabenzi avuga ko hari abashoramari babiri bamusanze i kamembe batwara bamwe mu bakozi be botsaga ibenzi i rusizi, umwe ajya gutangiza ubucuruzi bwo kotsa ibenzi ku muhima, undi ajya kuyitangiza i musanze.",joy,sadness,0.058,0.014,0.076,0.463,0.652,0.093
kin_test_track_a_00014,ni ibintu ahuza no kuba abagana ayo mashuri bakiri mbarwa gusa akavuga ko hari icyizere ko abanyarwanda bazakomeza kwitabira ayo mashuri.,fear,fear+joy,0.183,0.018,0.348,0.5,0.393,0.025
kin_test_track_a_00015,nta kabuza ko nagombaga gusimbukira mu gisimenti cya tumba ariko mu minsi igihe yahatembereye yasanze ari nka kimwe cya remera.,none,sadness,0.124,0.029,0.058,0.068,0.451,0.106
kin_test_track_a_00017,miliyoni nyinshi z’ #abanyarwa bahanze amaso #amavubi uyu munsi. ni umunsi ukwiriye kuba uw’ibyishimo! @<username> ##url##,none,joy,0.058,0.012,0.023,0.809,0.027,0.114
kin_test_track_a_00018,@<username> gufata ifoto ndi hagati yabo ntacyo bitwayee🤷🏾‍♂️🤷🏾‍♂️,none,anger,0.49,0.023,0.025,0.172,0.135,0.039
kin_test_track_a_00020,@<username> ahubwo c ahazaza haracyahari aha wapi kuva kera niga naza primary bajyaga bamuvuga ukuntu ashitura boro none dore ndashaje,none,anger,0.757,0.03,0.04,0.14,0.194,0.057
kin_test_track_a_00024,"umuyobozi w’akarere ka nyaruguru, murwanashyaka emmanuel, yavuze ko umugoroba w’abagabo ari agashya keza, asaba ko bibaye byiza n’aho iyi gahunda itaragera bayigira iyabo kuko ifasha mu kugabanya amakimbirane yo mu ngo.",joy+surprise,fear+sadness,0.081,0.005,0.267,0.385,0.63,0.128
kin_test_track_a_00025,"umuyobozi w’umuryango hear us initiative organization, rukinga irene, yagaragaje ko ihohoterwa rikorerwa mu kazi riri mu byiciro bitandukanye aho hari ibikorwa haba mu buryo bukora ku mubiri, mu bitekerezo cyangwa ku gitsina.",sadness,joy+surprise,0.048,0.01,0.172,0.486,0.321,0.18
kin_test_track_a_00026,"mu bakobwa ni nishimwe carine na tuyishimire rona batsinze abahindekazi ishi maheshwari na diya tamse 7-6(13) 6-4, bakazahura n’umunya-tanzania shana martin mao ukinana n’umunya-ghana sisu-makena tomegah.",none,sadness+surprise,0.039,0.021,0.03,0.306,0.472,0.141
kin_test_track_a_00029,@<username> @<username> reka nkuremere uzavuge ngo ngo,none,anger,0.85,0.001,0.072,0.052,0.017,0.02
kin_test_track_a_00032,@<username> @<username> @<username> @<username> @<username> @<username> @<username> @<username> @<username> @<username> @<username> @<username> @<username> @<username> @<username> inzangano hagati y’imiryango ikaba iravutse maze abana bakahatikira weeee..,sadness,anger+joy,0.645,0.0,0.021,0.587,0.198,0.003
kin_test_track_a_00034,@<username> @<username> bro oe nuko utamuzi uburyo arenze,surprise,anger,0.563,0.011,0.012,0.448,0.036,0.014
kin_test_track_a_00035,"nguko uko makanyaga yisanze yize amashuri abiri abanza i bujumbura, ku bw’amahirwe make se yaje kwitaba imana bituma nyina abagarura mu rwanda batura i nyamirambo mu mujyi wa kigali.",sadness,joy+sadness,0.021,0.022,0.085,0.544,0.733,0.071
kin_test_track_a_00036,"guverineri wungirije wa bnr, soraya hakuziyaremye, yavuze ko hakiri kare kuba rwayoboka andi mafaranga atari idolari, hakurikijwe ibihugu rucuruzanya nabyo cyane.",none,fear+sadness,0.161,0.011,0.285,0.137,0.67,0.03
kin_test_track_a_00037,petit frère ngukunda kubi!!!! aha wagaragaje mwibanga amahitamo yaweee. ohhhh @<username> ##url##,none,joy,0.322,0.025,0.039,0.519,0.041,0.019
kin_test_track_a_00038,ese uretse ikigare wigeze utera ibuye kukarere zirakonera cg ubyumva nkanjye aha!?😂😂nese kuki batavuze intara!?😂😂,none,anger+surprise,0.882,0.044,0.056,0.016,0.062,0.298
kin_test_track_a_00039,"nk’umwana uri iwabo, abarundi bamweretse urukundo bafatanya kuririmba nyinshi mu ndirimbo ze.",joy,none,0.049,0.126,0.033,0.287,0.181,0.034
kin_test_track_a_00040,"umwuka mubi watangiye ubwo bari mu nama ya nato muri lithuania, minisitiri w’ingabo mu bwongereza, ben wallace avuga ko ukraine ikwiye gushimira igihugu cye kuko u bwongereza “ntawo ari amazon bagemurira intwaro.”",none,sadness,0.073,0.014,0.227,0.136,0.69,0.058
kin_test_track_a_00041,za nkari twari twashyize mu icupa nk'umuti arazinyoye.,disgust,none,0.113,0.316,0.048,0.191,0.242,0.073
kin_test_track_a_00042,ububiko bw’intwaro budacunzwe neza bushobora kuba intandaro y’iturika ry’ibisasu bikomeretsa cyangwa bigahitana ubuzima ndetse no gusenya ibikorwaremezo n’ibikoresho n’ibikoresho bihenze.”,fear,fear+sadness,0.047,0.012,0.407,0.32,0.547,0.012
kin_test_track_a_00043,aba baturage banyweye kuri ubu bushera mu bukwe bw’umuturanyi wabo wari ufite ubukwe.,none,sadness,0.054,0.069,0.045,0.1,0.664,0.078
kin_test_track_a_00045,"uyu muhanga mu bijyanye n’indwara z’uruhu aburira abakozi ba za kompanyi z’indege barimo abapilote bakunda gukora ingendo nyinshi, kujya bitwarararika kuko baba bafite ibyago byinshi byo kugerwaho n’ingaruka z’iyo mirasire ku buryo uruhu rw’umuntu rushobora guhinduka nk’urw’umusaza imburagihe akazana iminkanyari akiri muto bikaba byanamuviramo kanseri.",fear,fear+sadness,0.024,0.013,0.405,0.207,0.48,0.057
kin_test_track_a_00046,fortunat biselele yatawe muri yombi muri mutarama uyu mwaka.,sadness,surprise,0.098,0.122,0.027,0.148,0.083,0.206
kin_test_track_a_00049,"ikoresha amashanyarazi izwi nka i5 edrive40 izaba igura 67.000$, asaga miliyoni 75 frw, aho ifite ubushobozi bwo kugenda ibilometero 470 mu gihe yuzuye.",none,surprise,0.039,0.064,0.065,0.449,0.207,0.205
kin_test_track_a_00051,@<username> @<username> bikwiye gukosorwa kugira ngo hatabaho gukoresha imvugo zitutuzuzanya pour ne pas dire ziviguruzanya,none,anger,0.573,0.003,0.083,0.084,0.124,0.025
kin_test_track_a_00055,@<username> hahhhh uriya mwanzuro n'inyamibwa kd nawe uzawufata,joy,anger,0.595,0.088,0.016,0.249,0.045,0.007
kin_test_track_a_00056,"hari kandi kwakira, gusezerera no gusubiza mu buzima busanzwe uwari mu ngabo z’igihugu mbere ya tariki 19 nyakanga 1994 n’uwari mu mutwe witwara gisirikare utahutse.",none,joy+sadness,0.043,0.022,0.032,0.474,0.624,0.028
kin_test_track_a_00057,"@<username> @<username> @<username> @<username> nuko hasuzuguwe umugore, ntan'ubwo ari ugusuzugura, ni ugupfobya!",anger+sadness,anger,0.811,0.002,0.063,0.13,0.086,0.014
kin_test_track_a_00058,"umwunganizi we barrister ben myers, yabwiye urukiko ko umukiliya we yari umunayamurava kandi yakundaga akazi ke.",none,sadness+surprise,0.029,0.063,0.014,0.13,0.7,0.152
kin_test_track_a_00059,"nyir’ibikorwa by’ubucuruzi ajya gusaba inguzanyo muri banki, akishyura ½ cyarangira ikindi umushinga ukacyishingira.",none,sadness,0.144,0.05,0.109,0.111,0.597,0.049
kin_test_track_a_00061,"radio okapi yanditse ko ku wa gatandatu, tariki 29 nyakanga 2023, ibiro bya komisiyo y’igihugu y’amatora, ceni, mu mujyi wa bukavu byakongotse, hahiramo imashini zo gutoreraho 900, moto na bateri ndetse n’imirasire y’izuba.",sadness,fear,0.023,0.016,0.28,0.457,0.433,0.042
kin_test_track_a_00062,harigihe umuntu aba afite amahirwe yo kuza mubuzima bwawe ariko akirata nyuma kazifuza kuza utakimukeneye 😭😂😂🥱,anger,surprise,0.262,0.035,0.018,0.089,0.221,0.204
kin_test_track_a_00065,@<username> @<username> dutabare twese uyu mubyeyi jeanne 0788673956 murakoze ##url##,none,joy,0.272,0.004,0.027,0.69,0.026,0.006
kin_test_track_a_00067,niba kwifuza ari icyaha ubwo abantu ba hano bagikora buri munota ngabo muri mwandemeye aba follow like retweet....😂😂😂,none,anger+surprise,0.674,0.022,0.042,0.017,0.268,0.149
kin_test_track_a_00068,"uhagarariye ikigo, koperative cyangwa ishyirihamwe na we azitwaza indangamuntu ye n’agatabo ka banki.",none,sadness,0.142,0.037,0.128,0.063,0.614,0.109
kin_test_track_a_00069,@<username> woe wari unarenze ndaq,none,anger,0.507,0.037,0.009,0.146,0.25,0.021
kin_test_track_a_00070,"dr didas kayihura waganiraga na rba, yavuze ko na mbere y’uko muri sudani habaho ibi bibazo by’intambara, hari ibiganiro byari byaratangiye hagati y’impande zombi waganishaga ku bufatanye.",none,fear+sadness,0.024,0.016,0.299,0.225,0.487,0.064
kin_test_track_a_00071,nariye ibiryo bifite impumuro mbi,disgust+sadness,disgust,0.142,0.983,0.061,0.047,0.105,0.037
kin_test_track_a_00072,japhet yateye urwenya rw’uko i rukara yahasanze isuku idasanzwe kuko iri no mu mifuka y’abahatuye n’abanyeshuri.,joy,sadness,0.039,0.076,0.072,0.137,0.559,0.105
kin_test_track_a_00073,@<username> @<username> @<username> arifata agashyiraho umuntu wananiwe gusimbuka urukuramende rwa santimetero 50 koko?😏😏🤣😂,sadness,anger,0.918,0.007,0.026,0.03,0.105,0.087
kin_test_track_a_00074,kugeza ubu nubwo uyu muhanzi ntacyo aratangaza kuri iyi nkuru y’akababaro dore ko ari inkuru imenyekanye ari muri finland mu rugendo rw’ibitaramo afite ku mugabane w’u burayi.,sadness,sadness+surprise,0.008,0.01,0.113,0.378,0.633,0.257
kin_test_track_a_00075,senateri murangwa yavuze ko kibazo kiri mu bikoma mu nkokora gahunda yo gukumira no kurwanya impanuka ari icyo kuba hari umubare munini w’ibinyabiziga bigenda mu muhanda bidafite ubwishingizi.,anger,sadness,0.107,0.035,0.176,0.032,0.725,0.056
kin_test_track_a_00077,shaddyboo kuva yerekeje i burayi muri werurwe 2023 yakunze kugaragaza ko akumbuye bikomeye manzi ajya yita ‘sugar daddy’.,none,sadness,0.08,0.05,0.071,0.216,0.559,0.109
kin_test_track_a_00079,niyo mpamvu nsaba abazahugura aba bakobwa kujya babaha ibibazo bakifashisha ikoranabuhanga biga mu kubikemura kuko ikoranabuhanga ridakemura ibibazo by’abaturage ntacyo rimaze.”,anger,none,0.289,0.019,0.107,0.173,0.362,0.106
kin_test_track_a_00080,mukantwari claudine watewe inda afite imyaka 15 nyuma yo gusambanywa ku gahato n’umusore wari utuye hafi yo kwa sewabo yavuze ko kugeza ubu atazi aho aherereye.,sadness,sadness+surprise,0.024,0.022,0.056,0.265,0.858,0.18
kin_test_track_a_00081,"@<username> @<username> ikibazo si aho byabereye , ibyabere i bigogwe byabera n'ahandi . ikibazo ni ubuzima bwatwawe , kandi ikiguzi giciriritse . memory card ? 😬",anger+sadness,none,0.321,0.009,0.082,0.188,0.302,0.009
kin_test_track_a_00082,mbere y’ibi kizz daniel witwaga kiss daniel mu 2018 yahaye abafana be amafoto ari kumwe na chidinma bafite ‘tattoos’ zisa ku mibiri yabo.,none,sadness+surprise,0.044,0.046,0.036,0.346,0.578,0.156
kin_test_track_a_00083,ariko buriya niyihe mpamvu iyo umuntu amaze kurya ahantu hatari iwabo/iwe ahita yumva ashatse gutaha ??😎,surprise,anger+disgust+surprise,0.564,0.432,0.144,0.005,0.18,0.193
kin_test_track_a_00084,"@<username> @<username> niba ari njye ugira amarangamutima niba atari atari njye.....genda rwanda urakagira imana ,uragahoraho rwanda.@<username> wubahwe",joy,none,0.374,0.003,0.02,0.357,0.238,0.084
kin_test_track_a_00086,"ndagijimana tharcisse wibwe telefone iri mu modoka yagize ati “bayintwaye mu kwa gatanu bayikuye mu modoka, icyo gihe nayivuyemo ndayifunga ninjira mu rugo sinzi aho abajura bavuye baraza bayifungura barayijyana batwara n’amafaranga make ariko iyo telefone ni yo yambabaje.”",sadness,sadness+surprise,0.102,0.018,0.124,0.065,0.925,0.199
kin_test_track_a_00088,mukwinyesebura ukumva ngo ndakwinginze😢ntuzitemo🍆🍑🙈 none bako muba mwumva byoroshye gusimbuka imodoka irimo igenda😳 @<username>,none,anger,0.65,0.09,0.069,0.057,0.132,0.087
kin_test_track_a_00089,mu by’ukuri sinzi icyakorwa tubona imodoka zisa n’aho ari nyinshi ntitumenya impamvu abagenzi tuzibura.”,sadness,sadness+surprise,0.054,0.051,0.251,0.027,0.537,0.194
kin_test_track_a_00090,"imyanda itera impiswi, ugahora wiruka, unnyagagura",disgust,fear,0.143,0.364,0.26,0.193,0.086,0.032
kin_test_track_a_00092,"kuri ubu, uru ruganda rukoresha abagera kuri 205 barimo 185 b’abanyarwanda ndetse uyu mubare uziyongera cyane ko abanyamahanga barukoramo bahari mu rwego rwo kubongerera ubumenyi.",joy,fear,0.009,0.004,0.413,0.428,0.155,0.085
kin_test_track_a_00095,"ati “afurika ni igihangange, abanyafurika ni ibihangange ariko mu by’ukuri, igihe kirageze ntabwo mukeneye guhora mwibutswa, mugomba kubimenya, mukabyakira kandi tukaba ibihangange turi byo kandi tugomba kuba.”",anger,none,0.371,0.007,0.191,0.048,0.426,0.063
kin_test_track_a_00097,fils peres mwese nyuma ya chogam mufite inama muzasobanure uko bariya bana mwihakanye bazabaho🤸🤸🤸🤸,anger,none,0.223,0.04,0.057,0.327,0.213,0.062
kin_test_track_a_00098,ndashima imana ko ababyeyi babapfakazi iteka batajya babur ibyo baha abana babo cg abo batunze #gushimafriday,joy,sadness,0.165,0.021,0.034,0.328,0.576,0.014
kin_test_track_a_00100,ngo ubu ko twari dufite ishyirahamwe ry’abagore turaba aba nde?,sadness,anger,0.586,0.039,0.06,0.139,0.287,0.066
kin_test_track_a_00102,"yandikaga ari iwabo aho ababyeyi be bari batuye mu bubiligi, akandika amagambo yisuka atazi aho ari kuyavana nk’uko yabibwiye w magazine.",surprise,sadness+surprise,0.116,0.072,0.026,0.056,0.891,0.19
kin_test_track_a_00103,"ati “nubwo navuze ko fdlr iri hano ariko noneho bari banafite umugambi wo gutera grenade muri uyu mujyi [wa rubavu], na ndetse batubwira ko zamaze no kwinjira.",fear,sadness,0.254,0.006,0.22,0.096,0.559,0.113
kin_test_track_a_00104,@<username> @<username> @<username> harya nangahe ngo nyohereze,none,anger,0.765,0.002,0.029,0.157,0.023,0.019
kin_test_track_a_00105,@<username> nonex uzigute ko atarimo kwihorera 🤷🏾 wasanga baramwiciye umwana cgw ababyeyi nimugahubuke ngo muzanibinu namakuru yuzuye mufite,none,anger,0.562,0.039,0.059,0.14,0.176,0.027
kin_test_track_a_00107,"paluku yavuze ko itegeko nshinga ritegeka ko ubuyobozi buhabwa abasivile, akibaza uburyo igisirikare cyakomeza gufata inshingano zireba abasivile.",anger,none,0.144,0.014,0.091,0.196,0.371,0.036
kin_test_track_a_00108,ubushinjacyaha bwari bukurikiranyeho ab godwin usanzwe akora amashusho y’indirimbo na filime icyaha cyo gukoresha indege itarimo abapilote mu rwanda nta ruhushya abifitiye.,sadness,none,0.034,0.02,0.039,0.11,0.384,0.07
kin_test_track_a_00112,"nubwo mu rwanda imibare itoroshye kuyibona ariko usanga umubyeyi ufite telefone igendanwa, biba bishoboka ko umwana we azayikoresha kandi akaba yareba bimwe mu bidahuye n’imyaka ye, cyangwa amakuru ye agashyirwa ku karubanda mu bisa n’imikino.",fear,fear+sadness+surprise,0.029,0.017,0.457,0.269,0.738,0.159
kin_test_track_a_00113,"musenyeri andré perraudin ni we mubyeyi wa parmehutu kuko yayireze kuva ikivuka arayikuza, kugeza inyigisho zayo zisenye u rwanda mu 1994.",anger+sadness,sadness,0.075,0.037,0.131,0.32,0.545,0.029
kin_test_track_a_00117,ibi ni igihombo ku bazishaka kuko umuntu ayifashe itarajyanwa muri cyamunara itangwa kuri make.,sadness,sadness+surprise,0.303,0.02,0.123,0.13,0.669,0.162
kin_test_track_a_00118,"#ubutwari2022 """"umuntu ufite audience aba afite ibintu byose!"""" ##url##",none,anger,0.457,0.092,0.031,0.321,0.055,0.067
kin_test_track_a_00119,"@<username> @<username> @<username> umva mbese, wowe fata turuwasa zawe uzishore neza urebe ko utazagafata tukumirwa",none,anger,0.734,0.007,0.032,0.312,0.072,0.007
kin_test_track_a_00120,"iyo uganiriye n’abahanga mu myubakire bakwereka ko buriya ubukonje bwibasira inzu buturuka hasi mu butaka bityo iyo utabanje kwita ku musingi w’inzu yawe ngo iyo myuka ihere mu butaka, ntakabuza inzu irangirika.",none,fear,0.176,0.026,0.272,0.085,0.357,0.064
kin_test_track_a_00121,ariko sinzi niba rainge ngenyine ubona ko @<username> itanga service nziza habe namba. cyaze @<username> @<username> mubatubwirire ko ibintu atari sawa😡 ##url##,anger,anger+joy,0.618,0.001,0.039,0.532,0.044,0.077
kin_test_track_a_00122,@<username> uriya ntajya atenguha abantu be,joy,anger,0.584,0.068,0.036,0.13,0.178,0.008
kin_test_track_a_00124,"we yagize ati ""hano naharwarije umuhungu wari wahuye n’impanuka none umudamu we nawe yaje kubyarira hano ku bitaro.",surprise,sadness,0.189,0.116,0.058,0.176,0.925,0.042
kin_test_track_a_00125,"iyo imaze kwinjira mu muryango w’ibagiro barafunga, bakayirasa amashanyarazi atuma itakaza ubwenge ariko idapfuye kuko iyo umukozi ayikata ijosi ubona yikanze, bivuze ko igifite ubuzima.",none,sadness,0.385,0.018,0.05,0.128,0.665,0.046
kin_test_track_a_00127,muri resitora twariragamo hari ikigabo kirya gifite ikimwira,disgust,none,0.143,0.334,0.061,0.211,0.166,0.102
kin_test_track_a_00129,@<username> @<username> wishyire wizane muri byose urangwe nishyaka uterimbere none uraganje mubwigenge tugukomeyeho uko turi tweseeeeeeeehhhhhh,joy,anger+joy,0.454,0.005,0.016,0.561,0.047,0.013
kin_test_track_a_00130,"mu mpera z’icyumweru gishize, u burusiya bwatangaje ko bwaburijemo igitero cya drones cyari cyagabwe na ukraine mu kirere cy’umurwa mukuru, moscow.",none,sadness,0.021,0.037,0.192,0.18,0.625,0.071
kin_test_track_a_00131,"@<username> rata ibyo uvuze ni ukuri❤👌👌 ahubwo waretse match itaha tukazayirebera hamwe, rwose binkorere pee🙏",none,anger,0.582,0.028,0.029,0.292,0.116,0.016
kin_test_track_a_00132,"uyu musore yemeje ko mbere yo kuhaza bari banyoye inzoga ariko zitari nyinshi, bigakekwa ko umukunzi we yari yasinze, akabura imbaraga zo kwigenzura.",sadness,sadness+surprise,0.037,0.011,0.115,0.158,0.666,0.236
kin_test_track_a_00135,"uyu mugabo wari wahawe kuyobora iri shyirahamwe nyuma y’imyaka 18 atagera ku kibuga, yaranzwe no kudaca ibintu ku ruhande, adafite umwanya wo kujya mu kajagari kari kamenyerewe muri ferwafa.",none,sadness+surprise,0.072,0.015,0.09,0.136,0.635,0.157
kin_test_track_a_00136,equipe y’u rwanda ihagaze neza muze tubashyigikire! dore abakinnyi bo guhanga amaso! ##url##,none,joy,0.114,0.02,0.032,0.787,0.032,0.13
kin_test_track_a_00138,ndamutse mbifitiye ubushobozi namusaba kongera kuyobora indi manda.”,none,surprise,0.11,0.046,0.188,0.236,0.132,0.19
kin_test_track_a_00139,n’iyo ubajije abaturage barakubwira bati ‘iyo umukozi ushinzwe gutanga ibyangombwa byo kubaka akubwira ngo dosiye ‘ntiragaruka’ aba ashaka kwaka ruswa.”,sadness,surprise,0.253,0.016,0.151,0.076,0.184,0.196
kin_test_track_a_00141,@<username> aha ntacyo tubaveba. tubashyigikire tariki 26/01/2021 bazadutere gusimbuka tukajya mu bicu.,joy,anger,0.421,0.031,0.032,0.162,0.151,0.033
kin_test_track_a_00143,@<username> ikigali ntitwabona umwanya wo guteka imitwe ngo tunabone uwo kotsa runonko 😒,none,anger,0.572,0.033,0.047,0.082,0.102,0.051
kin_test_track_a_00145,"ati “umusore yari inshuti y’urugo nkajya mubaza ngo ko watwanze ukakitureba akanyihorera, ubwo yamenyaga ko uwo mugabo asigaye afite undi musore baryamana byaramurakaje aza kumbwiza ukuri.”",sadness,sadness+surprise,0.108,0.005,0.058,0.036,0.884,0.291
kin_test_track_a_00146,"ngo iyo babonaga hari abantu bashobora kubasuhuza, aho hantu ntibahahagararaga mu kwirinda gutakaza igihe, ku buryo ngo hari n’umwana wabasabye kumusinyira ku ishati ye (autographe), babona ko byabakereza barakomeza.",none,fear+sadness,0.043,0.013,0.393,0.223,0.683,0.04
kin_test_track_a_00147,"nyuma, uyu muyobozi yaje kwandika ko hari drone yarasiwe mu kirere cy’iyi ntara, ariko ntabwo yemeje niba ari nayo yagabye igitero cya mbere.",none,sadness+surprise,0.102,0.01,0.151,0.077,0.713,0.206
kin_test_track_a_00150,"banasobanuriwe ko kwanga kwishyura ku bushake bigira ingaruka kuko utishyuye bituma ashyirwa ku rutonde rwa ba bihemu, bigatuma nta kigo cy’imari gishobora kumuha inguzanyo.",none,fear+sadness,0.109,0.043,0.692,0.099,0.487,0.068
kin_test_track_a_00151,uburyo uyu muhanzikazi aba aririmba afatanyije n’itsinda ry’abamufasha n’abacuranzi barimo n’abazungu biri mu byatunguranye.,surprise,joy+surprise,0.04,0.044,0.047,0.48,0.361,0.168
kin_test_track_a_00152,"ku gisenyi amafi yatangiye gupfa, ikirunga cyabaye ikirunga wallah! @<username> #gomavolcan #nyiragongo ##url##",fear,none,0.236,0.021,0.118,0.233,0.236,0.032
kin_test_track_a_00153,inshakwaha zamwereyeho azamura ukuboko imibu yose ikicwa n’impumuro ivamo.,disgust,none,0.147,0.318,0.124,0.104,0.181,0.021
kin_test_track_a_00154,@<username> @<username> @<username> @<username> @<username> @<username> @<username> @<username> @<username> @<username> @<username> @<username> @<username> @<username> @<username> @<username> @<username> @<username> @<username> @<username> harya ubu @<username> niwe wakwugishihe ukuri? yarakuroshye nkuko yoheje #donatha agata akazi ngi agiye kumushyingira umuzungu. murahonnye,anger,anger+joy,0.392,0.001,0.015,0.514,0.072,0.061
kin_test_track_a_00157,sinzibagirwa umunsi maman yanze ko nsiba ishuli kandi namusobanuriye neza ko umutima uri kundira mu mavi 😒😭😂😂,surprise,anger+surprise,0.44,0.027,0.013,0.092,0.271,0.171
kin_test_track_a_00159,"u rwanda ni igihugu cyagiye cyubakira ku mateka akakakaye amaze imyaka isaga 1723 (30-2023), yose yabayemo ibikorwa byinshi byo kuruhanga, kurwubaka no kuruhengamura rugiye kuzima, rukongera rukajya mbere.",surprise,joy,0.017,0.018,0.182,0.76,0.124,0.077
kin_test_track_a_00160,@<username> ayiwe ! itahire n'ubundi ibi ni urupfu🤣! ubu se ni ukurya cg ni ukuzuza igifu mpaka uheze umwuka🙈,sadness+surprise,anger,0.616,0.031,0.02,0.113,0.091,0.018
kin_test_track_a_00161,"aline gloriose uwizigiye, umwe mu barokotse jenoside yakorewe abatutsi i nyanza ubu uba mu bufaransa, yatangaje ko ibikozwe kuri biguma byerekana ko aho umujenosideri wese ari azacirwa urubanza.",joy,sadness,0.105,0.011,0.054,0.218,0.798,0.06
kin_test_track_a_00163,uyu mugabo bivugwa ko yashukaga aba bana akabajyana mu rugo iwe akaba ariho abasambanyiriza.,sadness,sadness+surprise,0.102,0.026,0.153,0.069,0.685,0.144
kin_test_track_a_00165,"mu nama y’igihugu y’umushyikirano ya 18 , minisitiri w’ubuhinzi n’ubworozi, dr musafiri ildephonse [icyo gihe yari akiri umunyamabanga wa leta muri iyi minisiteri] yavuze ko kugira ngo u rwanda rwihaze mu biribwa, hakenewe gushyirwa imbaraga muri gahunda zigamije kongera umusaruro.",none,sadness,0.055,0.008,0.192,0.347,0.524,0.088
kin_test_track_a_00166,"ati “kuzimya biri kugorana kubera ikibazo cy’umuyaga, abaturage bari kwifashisha amasuka n’ibitiyo bagaca nyirantarengwa hakaba aho igiti gishya cyangwa kigakongeza umuriro hakurya y’aho abaturage baciye nyirantarengwa, indi mbogamizi ni umuyaga kuko nawo uri gutiza umurindi umuriro.”",fear,fear+sadness,0.178,0.012,0.347,0.186,0.881,0.036
kin_test_track_a_00167,birazwi ko bene izo mvugo zenyegeza urugomo kandi zikabangamira imibanire myiza n’imikoranire y’abenegihugu.,sadness,none,0.119,0.037,0.14,0.287,0.314,0.031
kin_test_track_a_00168,"ange, ngutirire speakers umbwirire n'abinyuma? uku ni ukuri 300% ##url##",none,anger,0.496,0.027,0.04,0.131,0.106,0.077
kin_test_track_a_00173,kuko nihatabaho kubirengera bizatuma ubuzima bugenda nabi bityo amahoro ntakomeze kubaho.”,fear,sadness,0.183,0.046,0.135,0.421,0.635,0.012
kin_test_track_a_00175,@<username> @<username> @<username> @<username> @<username> @<username> @<username> @<username> @<username> @<username> ntabwo abeshya ahubwo ararembye kuko imikorere nimivugire ye igaragaza uburwayi bufite ikigero cyamujyana i ndera kwiberayo ubuzima bwe bwose,sadness,anger,0.808,0.0,0.089,0.307,0.14,0.004
kin_test_track_a_00176,"ubwo iri rushanwa ryasozwaga hatangwa ibihembo, igihe yamenye ko umwe mu banyamahanga baryitabiriye yabuze camera ye.",sadness,surprise,0.144,0.059,0.184,0.099,0.396,0.215
kin_test_track_a_00177,@<username> @<username> @<username> eka mwebwe muraturembeje nange barankata buri munsi ibi bintu nubujura kbs,anger+sadness,anger,0.53,0.004,0.077,0.433,0.11,0.013
kin_test_track_a_00178,nubwo bimeze bityo ariko abaturage bagenda bimuka bakava mu ntara imwe bajya mu yindi kubera impamvu zitandukanye.,none,fear+sadness+surprise,0.162,0.057,0.276,0.097,0.477,0.181
kin_test_track_a_00179,@<username> @<username> he n’umubyeyi urangwa n’impuhwe kandi ikizere ngufitiye nuko guhinduka byo aribyawe. wagize neza gutera intabwe yagitwari.,joy,none,0.357,0.008,0.145,0.355,0.157,0.011
kin_test_track_a_00180,yagaragaje ko ibibazo biri muri adepr bikeneye agacaca ko kubiganiriramo kugira ngo hahuzwe impande zirebana nabi.,anger,fear+sadness,0.278,0.064,0.394,0.027,0.499,0.038
kin_test_track_a_00181,"amakuru igihe yahawe na bamwe mu bakobwa bavuga ko ukuntu imyambarire isigaye imeze, bigoye kwambara ikariso kuko bihita bigaragara nabi.",surprise,sadness+surprise,0.235,0.04,0.191,0.027,0.75,0.321
kin_test_track_a_00182,"nubwo abaturage batabyishimiye, abasesenguzi mu bukungu bemeza ko aribyo byiza kuko bizarinda leta gukomeza kongera amadeni.",none,fear+joy,0.055,0.028,0.421,0.66,0.237,0.039
kin_test_track_a_00184,@<username> @<username> birashimishije kandi biratanga icyizere cy'aho tugana! kureba kure no guhuza imvugo n'ingiro niyo ntego nkuru.,joy,anger+joy,0.429,0.009,0.145,0.65,0.053,0.013
kin_test_track_a_00185,biragoye ko hari ikipe yagura umukinnyi mu yindi,none,sadness+surprise,0.048,0.073,0.036,0.063,0.514,0.358
kin_test_track_a_00186,@<username> ariko kuki abantu biyemeje gukabya kugaragaza ko bafite ubwenge hafi ya ntabwo koko?,anger,anger+fear,0.958,0.01,0.27,0.03,0.144,0.068
kin_test_track_a_00188,"minisitiri munyangaju yavuye ahatangirwaga igikombe, akuramo amadarubindi ye abanza kuyahanagura mu gihe mucyo didier yabaye nk’umusabye imbabazi ko yamumennyeho iyi nzoga.",sadness,sadness+surprise,0.057,0.028,0.084,0.164,0.474,0.213
kin_test_track_a_00189,yavuze ko iperereza ryimbitse ryatumye ifatwa rya kayishema rishoboka ryanyuze mu bufatanye bwa afurika y’epfo hamwe n’itisinda ryashyizweho ryashyizweho na perezida ramaphosa kugira ngo rifashe itsinda rya irmct gukurikirana iyi dosiye.,none,surprise,0.054,0.018,0.062,0.375,0.237,0.164
kin_test_track_a_00191,ari gusohora ururenda ruvanze n'amashyira kubera cya kirwara.,disgust,disgust+sadness+surprise,0.126,0.487,0.054,0.052,0.489,0.158
kin_test_track_a_00192,@<username> hahahahh reka nicecekere sinjya ntukana gsa ubanza baba batarimo 2 hhhhh,none,anger,0.395,0.026,0.068,0.029,0.076,0.013
kin_test_track_a_00193,me andré-martin karongozi yabwiye igihe ko urukiko rwatangaje ko biguma yakoresheje imbaraga zikomeye mu kwica abantu kandi akabica nabi akoresheje mortier 60.,sadness,fear+sadness,0.026,0.031,0.279,0.098,0.809,0.038
kin_test_track_a_00194,@<username> @<username> man wumve ko ama mama ubwenge meeeeeee,none,anger,0.582,0.006,0.024,0.271,0.07,0.01
kin_test_track_a_00195,@<username> uwiteka ari ku ngoma niwe utubereye maso. humura. yesaya 41:10,joy,none,0.14,0.086,0.028,0.108,0.141,0.023
kin_test_track_a_00196,"ati “mureke dusenge imana nk’iyumva, hari abantu bavuye mu ngo bagiye mu myobo bakavamo banarwaye cyangwa bameze nabi ngo barasenga, ntabwo ari databuja w’umugome.",anger,sadness,0.274,0.034,0.196,0.018,0.657,0.056
kin_test_track_a_00197,"ni ubwa kabiri bukozwe ku rwego rw’igihugu bugamije kureba ibishobora gutuma izo ndwara ziyongera, bikanatanga umurongo wo kuzikumira.",none,fear,0.133,0.039,0.819,0.166,0.071,0.069
kin_test_track_a_00200,"iyo amaze kubihamena bamwe mu baturage batoragura bya bitiritiri bakabigurisha abatwika amatafari mu matanura, naho abana bo bagatoraguramo bya bigori byapfuye bakabivungura, bakabigurisha.",none,sadness,0.166,0.036,0.054,0.078,0.789,0.046
kin_test_track_a_00202,"umutwe wa wagner watangaje ko wiyemeje gusenyura inzego z’igisirikare cy’u burusiya, ni mu gihe ibiro by’iperereza mu burusiya byatangaje ko byatangiye gukurikirana umuyobozi wa wagner, yevgeniy prigozhin ku byaha birimo gukangurira abantu kujya mu mutwe witwaje intwaro no gushaka guhirika ubutegetsi bwa vladimir putin.",anger,sadness,0.025,0.011,0.143,0.099,0.732,0.087
kin_test_track_a_00203,umutekano muke ukaba waratumye kwandika abantu kuri lisiti y’itora bidashoboka.,sadness,fear+sadness,0.079,0.198,0.268,0.087,0.466,0.089
kin_test_track_a_00205,sosiyete y’ubucuruzi ikandika icyapa kinini cyane iti “guhamagara n’ubuntu” 🤔 kandi bashaka kuvuga ngo “guhamagara ni ubuntu”. birababaza. ##url##,anger,anger+sadness,0.485,0.012,0.036,0.216,0.521,0.038
kin_test_track_a_00206,"imana yashyize mu bantu ibitekerezo by’igihe cyahise n’igihe kizaza, nyamara ntibashobora kumenya ibikorwa by’imana uhereye mu ntangiriro ukageza mu iherezo.”",none,fear+sadness,0.049,0.025,0.318,0.172,0.666,0.063
kin_test_track_a_00207,"ibi byose bigira ingaruka ku mihindagurikire y’ibihe aho hamwe imvura ibura burundu nko mu bihugu bya afurika y’amajyaruguru no mu ihembe rya afurika, imvura ishobora kumara imyaka ibiri itaragwa na rimwe.",sadness,fear+sadness,0.025,0.05,0.362,0.071,0.787,0.043
kin_test_track_a_00208,"wari umukino ukomeye kuko nta kipe yifuzaga kuwutakaza, kandi zifatwa nk’ikipe zihanganiye ibikombe byombi mu rwanda.",joy,surprise,0.075,0.041,0.093,0.106,0.341,0.51
kin_test_track_a_00209,"arata umwanya, kuko ibye birazwi ku buryo buhagije. amateka ye mabi n'uyo yabloka abantu bose ntiyasibangana. ##url##",anger,sadness,0.174,0.075,0.058,0.159,0.459,0.061
kin_test_track_a_00211,"mu buhamya bw’uko yabanye na pasiteri niyonshuti, umuyobozi w’itorero rya zion temple i ntarama mu bugesera, pasiteri olivier ndizeye, yavuze ko yamenyanye na pasiteri niyonshuti byisumbuyeho aho yari yamutumiye mu materaniro yo kurwanya ikoreshwa ry’ibiyobyabwenge mu rubyiruko.",none,sadness,0.047,0.011,0.115,0.208,0.629,0.033
kin_test_track_a_00212,sebudandi yakomeje asobanura ko muri kayonza bafite inka z’inyambo zitari nyinshi cyane ariko asobanura ko ba nyiri uruganda bazakorana n’abandi borozi bo hirya no hino mu gihugu basanzwe bafite izi nka kuburyo ngo bizeye neza ko litiro 400 batazazibura.,joy,sadness,0.052,0.009,0.157,0.259,0.564,0.085
kin_test_track_a_00213,waje buhoro buhoro buhoroooh.... wicara mumutima wanjye ...... none utangiye kuguguna umutima wanjye💔 ibyo nibyo unyituye koko😭,sadness,anger+surprise,0.409,0.148,0.027,0.118,0.384,0.212
kin_test_track_a_00214,anyway i know this is offensive gusa.. gushyiraho dreads nta bwanwa mba mbona natazi😂😂,anger,anger+surprise,0.535,0.068,0.016,0.021,0.238,0.191
kin_test_track_a_00216,"ati ""kabuye (uruganda nyarwanda rukora isukari) tuvuga nta nubwo ihaza igihugu kugeza ku 10%.",anger,none,0.19,0.022,0.248,0.42,0.194,0.071
kin_test_track_a_00218,"iyi nigga, ubundi ifite uwuhe mudayimoni koko?😰😰#jay wa cyera kweri yagiye he? #drugs &amp; #prison niyo mirongo yasimbuye #umwami uganje, #akanyarirajisho n'izindi🤣🤣 ##url##",anger,surprise,0.254,0.054,0.035,0.076,0.213,0.143
kin_test_track_a_00219,"yakomeje avuga ko guhuza inkuru z’ibihe bikomeye aba kera babagamo byo ‘guterura’ n’uyu munsi byabanje kubagora, cyane ko atabibayemo.",none,fear+sadness+surprise,0.054,0.009,0.415,0.265,0.467,0.15
kin_test_track_a_00220,ngo iyo ugerageje gutera inda umukobwa unanutse umubiri we uhita ukubwira ngo insufficient space 🤣😂😂,none,anger+surprise,0.552,0.04,0.034,0.022,0.201,0.324
kin_test_track_a_00221,"ati “mbanje gushima imana ku bwa junior multisystem, nshima imana ibyo yamukoreye; akiri mu nda y’umubyeyi we umwanzi yaramurwanyije yifuza kumwambura ubuzima, imana izamuhe kubana na yo.”",sadness,joy+sadness,0.094,0.011,0.025,0.604,0.618,0.041
kin_test_track_a_00222,niba unyanga uriguta umwanya😂😂kereka amafaranga anyanze😐😐ahhooo naborogaaaaaa,anger,anger+surprise,0.816,0.058,0.05,0.035,0.131,0.155
kin_test_track_a_00225,"perezida wa komisiyo y’ububanyi n’amahanga, ubutwererane n’umutekano, bugingo emmanuel, avuga ko gushyiraho itegeko rishya bizakuraho ibyuho byagaragaraga mu ryari risanzweho.",none,fear,0.074,0.013,0.344,0.121,0.269,0.057
kin_test_track_a_00226,"@<username> @<username> gutera ibuye ahantu nk'aha, ni amahano mbambaroga. #rwot",none,anger,0.637,0.011,0.044,0.273,0.069,0.018
kin_test_track_a_00227,"iyi nkuru isa nk’iyaciye igikuba mu bakunzi b’urucaca bibazaga ukuntu iyi kipe igiye kwishyura aka kayabo ku bakinnyi batigeze bakinira ikipe yabo, kongeraho ko bari no mu bihe byo kugura abakinnyi bashya.",sadness,surprise,0.104,0.033,0.092,0.223,0.343,0.174
kin_test_track_a_00229,abanyarwanda twifitemo ubushobozi... abanyarwanda twifitemo ubushishozi... abanyarwanda dufite ubuyobozi butanga amahirwe angana kuri bose. igisigaye nukubishyira hamwe tukabikoresha. #longliverwanda 🇷🇼 @<username> @<username> @<username> @<username> @<username>,joy,anger+joy,0.443,0.004,0.023,0.935,0.089,0.023
kin_test_track_a_00230,@<username> @<username> @<username> @<username> @<username> @<username> @<username> @<username> @<username> @<username> @<username> murakoze rwose twabikosoye kandi tubashimira ko muba muri hamwe natwe igihe cyose,joy,anger+joy,0.583,0.001,0.008,0.881,0.066,0.004
kin_test_track_a_00232,"“nyuma yaho gato, ahagana ku isaha ya saa mbiri, mu murenge wa matimba mu karere ka nyagatare haje gufatirwa andi mabalo ane ya magendu y’imyenda ya caguwa, ubwo nyirayo yari amaze kuyigeza mu rugo, abonye inzego z’umutekano aratoroka.”",none,sadness,0.021,0.014,0.154,0.257,0.699,0.087
kin_test_track_a_00233,"kuki usanga abitwa ba """"kavukire"""" batumvikana n'abitwa """"abimukira"""" ndetse ugasanga abapangayi batumvikana na ba nyir'amazu bakodesha? @<username>",fear,anger+surprise,0.466,0.014,0.041,0.06,0.434,0.24
kin_test_track_a_00234,saa kumi n’ebyiri z’umugoroba nibwo uyu mwana w’imyaka 10 yaturikanywe n’iyi grenade ubwo yari ari kuyihonda ngo ayikuremo ibyuma byo kugurisha.,sadness,sadness+surprise,0.106,0.053,0.106,0.102,0.48,0.357
kin_test_track_a_00239,urukundo ruzacogora muri benshi kubera ko ubugome buzaba bwiganje.,sadness,none,0.19,0.099,0.047,0.109,0.442,0.07
kin_test_track_a_00240,@<username> ndumva nanjye nanjoinga abo badafite ubwenge nuko nsanze ndi mubi😥,none,anger,0.402,0.03,0.049,0.109,0.363,0.061
kin_test_track_a_00242,"darren moss jr umwe mu bayobozi bo mu gace uwo mugore atuyemo, yavuze ko batazamufunga bya burundu, ahubwo ngo azamara iminsi 45 acungirwa hafi mu cyumba yafungiwemo kugira ngo anywe imiti.",none,sadness,0.086,0.009,0.148,0.047,0.899,0.083
kin_test_track_a_00243,@<username> nonex uwo mwana nago azikubara amafaranga kombona yabishyuraga akibagirwa50 kuri burimuntu uyumwana yaradamaraye,anger,anger+sadness,0.613,0.031,0.068,0.083,0.733,0.031
kin_test_track_a_00244,"ibi bifitanye isano no kuba abagore barahawe rugari bakiga ndetse bakaminuza, kuko ya mibare yerekana ko abagore babashije kwiga amashuri yisumbuye cyangwa kurenzaho bafite umubare uri hasi w’abana babyaye (abana 3.4 ku mugore), mu gihe abagore bize amashuri abanza gusa cyangwa arengaho gake babyaye abana benshi (abana 3.9 ku mugore.",fear,sadness,0.077,0.004,0.177,0.347,0.835,0.051
kin_test_track_a_00245,abantu muri kutubwira ngo dutore za nyamunsi zanyu za mister rwanda muziko gutora hagenda 1k yacu🚮🚮,anger,anger+surprise,0.44,0.091,0.063,0.179,0.1,0.218
kin_test_track_a_00246,@<username> yago nawe turakwemera kuri you tube bro keep in touch bro buriwese akore ibye kandi abikore neza atiganda,none,joy,0.159,0.021,0.019,0.569,0.06,0.014
kin_test_track_a_00247,@<username> @<username> byo byo amaraso ntiwayaheza! n'ay'itungo arasama nkanswe ay'inzirakarengane itacumuye!!!,none,anger,0.871,0.015,0.037,0.118,0.18,0.031
kin_test_track_a_00248,"amanota 23 yari abonye yatumye agira 55, yamuhesheje kuba umukandida ku gikombe.",joy,sadness+surprise,0.071,0.064,0.044,0.307,0.499,0.46
kin_test_track_a_00249,ese namwe mubona uburyo ibintu bya munyangire byeze!?nonese biterwa niki koko!?mwaretse tugafashanya uko dushoboye ko ntawuramba nka nyiragongoo!🙏,sadness,anger,0.539,0.055,0.105,0.089,0.061,0.114
kin_test_track_a_00251,iyo hari ubushyuhe bwinshi umubyimba ndetse n’uburebure bw’icyuma biriyongera mu gihe mu bihe by’ubukonje wa mubyimba ndetse n’uburebure bishobora kongera kugabanuka.,none,fear,0.014,0.06,0.805,0.185,0.255,0.027
kin_test_track_a_00255,“biteye isoni kubona imitwe yitwaje intwaro yatumye ibyo bihe bidasanzwe bishyirwaho ubu yarahindutse abafatanyabikorwa ba guverinoma.”,anger+sadness,sadness+surprise,0.079,0.111,0.116,0.078,0.767,0.186
kin_test_track_a_00256,batatu bafunzwe bakurikiranyweho kugerageza gutwika inyubako yo mu gakiriro ka gisozi ##url##,none,sadness+surprise,0.077,0.029,0.039,0.209,0.548,0.151
kin_test_track_a_00262,"very sad! umwana w'ukwezi 1 koko...😠, nyamara izi nyagabirama ziba zifite uburwayi bwo mumutwe! ntamuntu muzima wakora aya mahano❌ ##url##",anger+sadness,anger,0.451,0.042,0.121,0.082,0.42,0.039
kin_test_track_a_00266,"@<username> @<username> @<username> ikindi kuba yari gufunga umuhanda umupolisi arebera kandi abona ko bishoboka gukemura ikibazo, ubu nibwo bunyamwuga.",none,fear,0.157,0.002,0.362,0.318,0.23,0.019
kin_test_track_a_00268,@<username> kubona abasore bashoboye gukoresha amaboko n'umutwe bari #kwimaringa ngo barashaka ikamba nanjye byanteye impungenge.,anger+fear,fear,0.157,0.012,0.43,0.069,0.205,0.041
kin_test_track_a_00269,ibyo murimo byose nimubireke umurambo mubi ni umurambo wa #roho 😏😏😏😏😏😏😏😵,anger,none,0.388,0.174,0.029,0.034,0.207,0.057
kin_test_track_a_00270,@<username> oya. twavuga twembi. ibaze kuncecekesha ku bukwe bw'umwana wanjye! uziko rubanda batinyuka!,anger,none,0.177,0.092,0.047,0.199,0.16,0.054
kin_test_track_a_00271,umuntu uri gusaba umwanya ngo atange ibitekerezo 🤌🤌🤌🤌😂😂😂😂😂😂😂,none,anger+surprise,0.816,0.053,0.041,0.01,0.091,0.302
kin_test_track_a_00272,senateri mugisha yasabye abayobozi ba rura kwikubita agashyi kugira ngo ijye ibasha gufasha abaturage gushyira mu bikorwa amabwiriza ishyiraho cyangwa ashyirwaho n’izindi nzego zikorana na rura.,anger,none,0.228,0.025,0.108,0.298,0.373,0.068
kin_test_track_a_00273,yongeyeho ko adashimishwa n’ubuzima babayemo kuko ahuriramo n’ingorane umunsi ku wundi zirimo kwicwa n’inzara n’imbeho ya nijoro no guhohoterwa.,anger,joy,0.138,0.022,0.097,0.567,0.399,0.026
kin_test_track_a_00275,"iyi nkongi y’umuriro yasenye ibyumba bibiri by’ishuri ndetse abanyeshuri barenga 1500 barahungishwa, uwo munsi gahunda z’amasomo zirasubikwa.",sadness,joy+sadness,0.031,0.046,0.065,0.555,0.55,0.074
kin_test_track_a_00276,"kugeza muri gashyantare, agahinda no gucika intege ni byo byari bikomeje kuranga abakunzi ba rayon sports yarimo kubura intsinzi uko iminsi yagendaga yicuma, andi makipe agatangira gushyiramo ikinyuranyo.",sadness,sadness+surprise,0.032,0.017,0.167,0.266,0.835,0.236
kin_test_track_a_00278,@<username> none se uwo mwuka wera ko nta we ndi kubona?,none,anger,0.73,0.054,0.069,0.014,0.201,0.026
kin_test_track_a_00279,banza wipfune urwo rumwira,disgust,anger+disgust,0.436,0.509,0.038,0.072,0.116,0.059
kin_test_track_a_00282,amakipe yose aregeranye buri imwe yatsinda indi n’amakipe ahangana cyane by’umwihariko gutsindira hanze biba bigoye.”,none,surprise,0.048,0.027,0.068,0.306,0.246,0.208
kin_test_track_a_00283,ati “ni ingenzi ko ibihugu byacu bigerageza gukuraho uko kwivanga kugira ngo ingaruka zabyo ziveho.,none,fear,0.191,0.014,0.442,0.062,0.37,0.115
kin_test_track_a_00284,yakomeje abwira abantu bafite inyubako ndende kujya bagenzura ‘ascenseur’ zirimo kuko zishobora guteza impanuka ku bantu babagenderera.,fear,fear+sadness,0.055,0.036,0.601,0.103,0.526,0.046
kin_test_track_a_00285,"nubwo byatangiye bimeze neza, bashwanye nyuma y’imyaka ibiri ubwo igice cya tshisekedi cyavugaga ko cyitambikwa n’icya kabila, bigatuma badashyira mu bikorwa ibyo bemereye abaturage.",sadness,fear,0.033,0.03,0.4,0.166,0.429,0.06
kin_test_track_a_00286,ati “icyo numva tutakoze mu myaka icyenda iri serukiramuco rimaze ni uko tutageze kuri buri rwibutso hirya no hino mu gihugu tubasangiza ibyiza bya ubumuntu arts festival.”,none,joy,0.1,0.014,0.088,0.564,0.205,0.028
kin_test_track_a_00288,#rwot aho kwicwa n'inzara no kwicwa na cya kovidi wakwicwa niki!?,none,anger,0.723,0.082,0.153,0.087,0.269,0.032
kin_test_track_a_00290,"@<username> amahano?! ni impanuka, inkangu, inzara.... muyite izina rikwiye.",none,anger,0.616,0.018,0.075,0.126,0.249,0.06
kin_test_track_a_00291,ugasanga ikintu cy'ikigabo nticyogosha inshakwaha,disgust,none,0.227,0.117,0.09,0.065,0.372,0.098
kin_test_track_a_00293,@<username> @<username> @<username> @<username> @<username> uzi kubona umuturage anywa amazi yo mu dam cg avoma umuvumba muri iki gihugu! birababaje ababishinzwe nibatabare .,sadness,anger+sadness,0.598,0.003,0.03,0.132,0.65,0.031
kin_test_track_a_00294,"@<username> nizereko umutima mwiza wabanyarwanda, turabaremera! cg basige inkweto zabo nk'ingwate😂",none,anger,0.572,0.005,0.033,0.349,0.041,0.048
kin_test_track_a_00295,harya kunywa ni iki ni ukunywa ukagenda ugwirirana. oya rwose mureke kwiyandarika ##url##,anger,none,0.193,0.195,0.015,0.238,0.252,0.049
kin_test_track_a_00298,nkaho niga i nyagatare hari ababihinga bakabura icyo babikoza bagahitamo kubiha amatungo boroye nk’ihene cyangwa inka.,sadness,surprise,0.078,0.123,0.12,0.16,0.388,0.158
kin_test_track_a_00301,"ati “hari n’iyahunganye nabo bajya muri zaïre, baragarukana iza no gutera amahane ivuga ngo abanyarwanda bibashyira mu byabo [mu mitungo] nibabe baretse babanze bajye mu nkambi mu rwanda”.",sadness,anger+sadness,0.427,0.005,0.169,0.157,0.724,0.119
kin_test_track_a_00302,imyenda nkiyi niyo ba mubi cyane bazize ntugashukane ##url##,anger,none,0.229,0.105,0.019,0.451,0.103,0.047
kin_test_track_a_00303,@<username> erega uzarebe ngo icyo umutima ukunda amata aguranwa itabi tubaterera amavi ark ahanini tuba twishakira batotizuba,none,anger,0.476,0.044,0.018,0.229,0.096,0.042
kin_test_track_a_00304,"yatanze urugero rw’uko yavukiye mu rwanda, agakurira muri uganda, madamu jeannette kagame akavukira i burundi, nyuma bakaza guhurira muri kenya.",surprise,sadness,0.042,0.028,0.08,0.374,0.482,0.119
kin_test_track_a_00306,"hari abo tujya gukina, bakumva ko ari ikipe y’i kamonyi bagahita bagira ubwoba tutarajya mu kibuga.”",sadness,fear,0.189,0.025,0.362,0.024,0.413,0.091
kin_test_track_a_00307,isababelle avuga ko diosezi yafatiranye se mu ntege nke yari afite kuko yapfuye ku myaka 86.,sadness,sadness+surprise,0.121,0.027,0.051,0.084,0.626,0.167
kin_test_track_a_00311,@<username> urumva se atari motivation yo kuba umukire se bro? wicika intege tu,joy,anger,0.6,0.014,0.017,0.067,0.084,0.087
kin_test_track_a_00312,"mu ntangiro z’uku kwezi nabwo, u burusiya bwashinje ukraine kugaba ibitero i moscow, bituma ingendo z’’indege ku kivuga cy’indege cya vnukovo zihindurirwa icyerekezo.",sadness,none,0.046,0.065,0.12,0.268,0.358,0.03
kin_test_track_a_00317,@<username> cyakoze abantu turatandukanye pe. njye nabuze uwo mboloka kuko ntazi icyo namubolokera,none,sadness,0.201,0.025,0.038,0.15,0.522,0.034
kin_test_track_a_00318,hari ubwo umushinjacyaha uri kuburana kuri iyo dosiye abona ko ibimenyetso byakusanyijwe bidahagije ngo we ubwe abe yashinja ukurikiranyweho icyaha bigatuma ahitamo kumushinjura.,surprise,sadness,0.11,0.07,0.057,0.043,0.707,0.086
kin_test_track_a_00319,kimwe mubintu nkundira abantu bomucyaro ujyakumva ukumva arakubajije ngo ubwokoko wabuze akazi?wazapfa kujya mugisirikare cg mugipolice 😂😂😂,sadness,anger+surprise,0.847,0.021,0.022,0.007,0.325,0.185
kin_test_track_a_00321,"kidum yabivugiye mu gitaramo yakoreye i bruxelles mu bubiligi ubwo yari ku rubyiniro ku wa 6 gicurasi 2023, aho nyuma yo kuzongwa na shaddyboo wamubyinishaga amusiga umubiri, yasabye ko umuziki uhagarara arangije afata ijambo ati “erega shaddyboo yibagiwe ko ndi padiri mukuru!”.",anger+sadness+surprise,sadness,0.206,0.011,0.108,0.107,0.565,0.11
kin_test_track_a_00322,"umwarimu muri kaminuza y’u rwanda, ishami rya busogo dr didace ndahimana, yavuze ko mu bigenderewe harimo no kugabanya ingano y’inyanya zangirika nyuma yo kuzisarura.",joy,sadness,0.024,0.017,0.255,0.374,0.532,0.03
kin_test_track_a_00325,@<username> nukuri njyewe bingeze aha ngiye kwiyahura mu buriri😂😂😂,anger+sadness,none,0.303,0.014,0.091,0.088,0.154,0.038
kin_test_track_a_00327,"bakubwiye ko uzahembwa amafaranga yanditsemo hano, urabona wahembwa angahe?? cg nkurangire muganga!!! ##url##",none,anger,0.958,0.034,0.15,0.041,0.05,0.058
kin_test_track_a_00328,"ati “harakekwa ko mu cyumba bavuga cyaturutsemo umuriro hari harimo agacupa ka peteroli, ikaba yamenetse noneho abana bacana umwambi w’ikibiriti hakaba ari ho hakomotse iyo nkongi y’umuriro.",sadness,sadness+surprise,0.051,0.024,0.121,0.048,0.918,0.192
kin_test_track_a_00330,uburyo bwo kubyivanamo:,none,surprise,0.103,0.323,0.072,0.187,0.101,0.16
kin_test_track_a_00331,@<username> arashaka gukubita ruriya rubaho ariko amaboko ye ari muri opposition n ubwonko bwe 😂,none,anger,0.786,0.021,0.024,0.019,0.149,0.125
kin_test_track_a_00332,umwana uzi ubwenge bamusiîga nawe yinogereza,none,anger,0.452,0.388,0.02,0.131,0.224,0.031
kin_test_track_a_00333,@<username> @<username> akajagari mwifuriza u rwanda muzajya kugakorera ikuzimu mu buturo bwanyu,anger,joy,0.26,0.003,0.027,0.826,0.048,0.009
kin_test_track_a_00334,"umuyobozi mukuru w’ishami rishinzwe afurika muri minisiteri y’ububanyi n’amahanga n’ubutwererane mpuzamahanga ya uae, fahad al taffaq, yavuze ko igihugu cye cyifatanyije n’u rwanda n’abarokotse jenoside yakorewe abatutsi bakomeje guhura n’ihungabana baterwa n’ibyababayeho mu 1994.",sadness,joy+sadness,0.137,0.004,0.161,0.701,0.556,0.029
kin_test_track_a_00339,@<username> nureba se ....nuko kibondo.dore umukobwa (umutegarugori) ubereye u rwanda,joy,surprise,0.386,0.015,0.03,0.21,0.181,0.17
kin_test_track_a_00340,"iyo wubatse ubushobozi bw’umugore, uba wubatse umuryango, bityo ukaba uteje imbere igihugu.”",joy,none,0.196,0.036,0.106,0.21,0.197,0.031
kin_test_track_a_00342,"kuba hareguye bane muri bayigize, byatumye abasigaye badashobora gufata icyemezo nk’uko amategeko abigena.",none,sadness,0.057,0.048,0.09,0.149,0.681,0.059
kin_test_track_a_00343,"akumiro niki?! ni igihe uguze phone yaguhenze utaziko ari pirate😔🙄😢 uziko ari #samsung , ukayayatsa aho kwiyandikamo #samsung hakiyandikamo samuel 🙄😢😭😭😓😓😟😞😔",sadness+surprise,anger+sadness,0.456,0.122,0.067,0.024,0.507,0.128
kin_test_track_a_00344,"ubushakashatsi ku ibarura rusange rya gatanu ry’abaturage n’imiturire bugaragaza ko ingo 17,7% zitabasha kubona amazi meza yo kunywa mu gihe 28% zitizanya ubwiherero nabwo butameze neza.",sadness,fear,0.085,0.053,0.438,0.235,0.378,0.071
kin_test_track_a_00345,"abahanga bavuga ko imibonano mpuzabitsina ikozwe neza, ishobora kubera abayikoze urukingo rwo kwibasirwa n’umuhangayiko, agahinda gakabije ndetse n’ibindi bibazo bishingiye ku buzima bwo mu mutwe.",none,fear+sadness,0.058,0.017,0.663,0.089,0.577,0.041
kin_test_track_a_00346,ubusazi bwa putine bugeze no muri sports.dore burayishegeshe. ##url##,anger,none,0.39,0.045,0.031,0.221,0.273,0.062
kin_test_track_a_00350,@<username> @<username> @<username> @<username> @<username> @<username> ni ukuvuga ko yamwogeje kugirango asibanganye ibimenyetso. mbese yamwogeje ku gitsina nka kwa kundi dukaraba mu ntoki n'amazi n'isabune.,fear+sadness,none,0.259,0.006,0.055,0.251,0.185,0.038
kin_test_track_a_00351,"abanyeshuri bajyaga kwiga hirya bakambuka imipaka, ariko kugeza ubu aho cyaziye baza hano, ntibakijya hirya no hino.’’",none,sadness,0.053,0.027,0.24,0.369,0.543,0.038
kin_test_track_a_00353,"moïse katumbi utavuga rumwe n’ubutegetsi bwa tshisekedi, yabwiye abanyamakuru ko ibiri kuba bibabaje, by’umwihariko ko biri gukorwa n’umuntu bahoze bafite imyumvire imwe.",sadness,fear+sadness,0.179,0.019,0.394,0.072,0.622,0.089
kin_test_track_a_00355,igitangaje n’ukuntu ibiryo byanyu bihora bisa nk’umususwe.,disgust+surprise,disgust,0.174,0.896,0.114,0.066,0.091,0.104
kin_test_track_a_00356,"yakomeje agira ati “ndabifata ubundi nkashushanya nk’umuntu ugiye gukora igihangano cye, hamwe mbishyiraho ku ruhande, ahandi nkahashushanya ikintu runaka ku buryo ubibonye asanga igishushanyo cyanjye gifite umwimerere.”",joy,fear+sadness+surprise,0.363,0.01,0.346,0.258,0.498,0.216
kin_test_track_a_00357,"yagize ati “mu ncamake, nahuye na perezida w’ikipe.",none,sadness,0.056,0.031,0.066,0.151,0.578,0.132
kin_test_track_a_00358,urukiko rugaragaza ko umurongo uhuriweho n’izindi manza ari uko amasezerano ari ingaruka zo kwemera kw’impande zombi.,none,fear,0.043,0.06,0.279,0.061,0.26,0.124
kin_test_track_a_00359,ishuri rikuru rya gisirikare rya nyakinama ni ishuri mpuzamahanga uyu munsi ryigamo abaturutse mu bihugu 12.,joy,none,0.03,0.07,0.052,0.16,0.182,0.053
kin_test_track_a_00361,"ba “komisiyoneri” bose si abahemu, gusa umubare munini wabo akenshi uzamo akantu k’ubuhemu kuko nutanze amafaranga ku wo yari agenewe abanza gukuraho aye, akamuha ibisigarizwa.",anger,none,0.127,0.013,0.103,0.149,0.444,0.131
kin_test_track_a_00362,"@<username> kkubera ko mbona mwanyihoreye kukibazo cyanjye, nshaka ko muyemererako umunsi insinga zanyu zanteje impanuka muzabyirengera!",anger,anger+fear,0.443,0.009,0.328,0.171,0.181,0.019
kin_test_track_a_00363,uruhare rw’abanyamuryango ni ukwita kuri aya mafi no kuyarinda kugira ngo abajura batayiba.,none,fear,0.071,0.022,0.318,0.046,0.427,0.077
kin_test_track_a_00365,@<username> birababaje kubona sector commender wa police @<username> muri @<username> afunga umwana wiga p5 kasho bugacya ajya gukora ikizamini.ibyo bikwiye? turwanye ihihoterwa. @<username> @<username> @<username> @<username> @<username> @<username>,sadness,anger,0.547,0.002,0.037,0.171,0.365,0.012
kin_test_track_a_00367,@<username> niba ari ubuswa bwanjye ... ndabona ikinyarwanda cyanditse hano ntari kucyumva neza.,none,anger,0.691,0.011,0.075,0.185,0.297,0.048
kin_test_track_a_00369,@<username> ariko buriya nawe wagombye gukurikira abandi. kuko ndabona ukurikira bake pe!!! ibyo bagukorera nawe wagombye kubikorera abandi!!!,sadness,anger,0.65,0.029,0.041,0.047,0.061,0.016
kin_test_track_a_00370,"abasirikare bamuhiritse ku butegetsi banze kuva ku izima, bavuga ko batazabumusubizaho.",anger,none,0.147,0.021,0.096,0.206,0.367,0.039
kin_test_track_a_00371,"@<username> @<username> nagenda. byaba bidashoboka ko ampa freedom, nkajya ghetto, kubaho ni rimwe, ntawanshyushya ubwonko.",anger,none,0.309,0.004,0.181,0.16,0.142,0.038
kin_test_track_a_00372,izajyimana umunsi umwe nijoro nzabyuka ntere ibuye mukigo cyagisirikare numve ukuntu bavuga ngo uradukanze 😂😂😂😂,sadness,anger+surprise,0.533,0.015,0.027,0.02,0.192,0.153
kin_test_track_a_00376,"uyu muhanzi mu butumwa bw’uruhererekane yashyize kuri instagram stories yabanje kugaragaza yolo the queen, ari kuririmba indirimbo ye yise “single again” arangije akurikizaho ubutumwa agira ati “uko uba wiyumva iyo utegereje imodoka yawe ya range rover.’’",none,surprise,0.199,0.006,0.177,0.272,0.138,0.187
kin_test_track_a_00378,"ati ""ntabwo umuyobozi akwiye gutuza azi ko hari ikibazo umuturage afite yamugejejeho ntiyizere neza ko cyakemutse.",anger,none,0.259,0.011,0.23,0.199,0.249,0.044
kin_test_track_a_00380,mwaramutse mwamfura mwe mumeze mute? mugire igicamunsi cy'impagarike n'ubugingo 🙏♥️,joy,none,0.119,0.044,0.035,0.463,0.082,0.117
kin_test_track_a_00385,hari abantu bahisemo brain kuyikoresha nk’amasogisi mw’iyi minsi😂😂😂,anger,surprise,0.281,0.118,0.071,0.025,0.127,0.232
kin_test_track_a_00386,"ati “ubundi umutware yabaga afite agace atwara, umutware udafite aho atwaye aba atwaye iki, uwo aba ari bwoko ki?",none,anger+sadness,0.518,0.033,0.049,0.029,0.47,0.083
kin_test_track_a_00387,turagura cure-dents mu mahanga tukavuga ko twabohowe!twarabohowe amenyo yacu arasigara-kuko abashinwa ni bo badufasha kuyasukura!”,anger,none,0.199,0.016,0.075,0.073,0.373,0.096
kin_test_track_a_00390,"kwinjira mu gisirikare cy’u rwanda, ni ibintu bikorwa mu buryo buciye mu mucyo, mu murongo ugororotse, gusa byageze ku bongereza badashyigikiye iyi gahunda yo kohereza impunzi mu gihugu, bavuga ko rushaka abo ruzashyira mu gisirikare.",none,fear,0.066,0.01,0.334,0.153,0.341,0.065
kin_test_track_a_00391,yagaragaje ko kubona umuganga yambura ubuzima uwamuhungiyeho ari ibintu biteye isoni nubwo bishimangira ubugome n’ubukana jenoside yakorewe abatutsi yakoranywe.,anger+sadness,sadness,0.211,0.043,0.161,0.219,0.927,0.036
kin_test_track_a_00392,gahunda ariko ngo nuko uyu munsi ntamahoro agomba kuboneka😂😂😂😂😂😂😂😂 ##url##,fear,anger+surprise,0.599,0.008,0.02,0.065,0.037,0.186
kin_test_track_a_00394,hari n’abatagira amagare kuko bisaba ubushobozi kurigira.,sadness,surprise,0.072,0.103,0.127,0.083,0.384,0.148
kin_test_track_a_00395,ibaze ukuntu mukanya kashize igihe narinsinziriye narindi muriyinzu nakanguka nkasanga ndi muri ghetto numuriro wabuze 😂 ##url##,sadness+surprise,surprise,0.273,0.086,0.04,0.089,0.267,0.312
kin_test_track_a_00396,"uyu muhanzi wagiye atamaze ipfa abari bamutegereje yakurikiwe n’abantu batandukanye biganjemo inkumi, bari banze ko agenda atabaramukije.",none,sadness+surprise,0.033,0.034,0.035,0.111,0.59,0.231
kin_test_track_a_00401,ugasanga umu mama muturanye afite uruhungu rubi ariko yakubona ukumva aravuze ngo bite umukazana😏,none,surprise,0.334,0.091,0.055,0.031,0.394,0.333
kin_test_track_a_00403,"nyuma y’igihe arwaye kanseri, yaje kuyikira nta muntu umubaze, ahita akomerezaho urugendo rwe rwo gushima imana, atangira gukora ivugabutumwa.",joy+surprise,sadness,0.024,0.026,0.091,0.296,0.666,0.046
kin_test_track_a_00407,biteye ubwoba.,fear,disgust+fear,0.06,0.597,0.812,0.025,0.103,0.025
kin_test_track_a_00408,yongeyeho ko ikibazo cya mwishywa we wagurishije isambu cyagejejwe mu nkiko.,none,sadness,0.109,0.068,0.204,0.153,0.548,0.102
kin_test_track_a_00412,ntabwo bizwi niba ibi biganiro bigikomeje.,none,anger+fear,0.678,0.093,0.282,0.049,0.119,0.022
kin_test_track_a_00413,ni yo mpamvu kadima n’itsinda rye banze ubugenzuzi bw’itsinda ryigenga batinya ko amakosa yabo ashyirwa ku karubanda.”,fear,none,0.245,0.037,0.078,0.303,0.384,0.127
kin_test_track_a_00414,umuntu mukuru nkawe arya ikimwira kweli?,disgust,anger+disgust,0.643,0.797,0.039,0.027,0.082,0.095
kin_test_track_a_00416,@<username> ukuntu abantu hanze aha batabyumva nicyo giteye inkeke😭😭😌 baba bijujuta !!,fear,anger,0.757,0.062,0.135,0.021,0.339,0.022
kin_test_track_a_00419,@<username> ubwo c woe umuntu uryama nta musego akamara umwaka wose ijosi ari rizima urumva aba yoroshye mn😂,none,anger,0.693,0.025,0.015,0.087,0.087,0.079
kin_test_track_a_00420,maconco yigometse kuri mwezi.,none,joy,0.029,0.116,0.04,0.65,0.19,0.071
kin_test_track_a_00421,abanyapolitiki babyitabiriye ntibashishoje,none,anger,0.421,0.146,0.124,0.061,0.348,0.075
kin_test_track_a_00422,na banki y’isi bigena ibipimo ngenderwaho mu gupima umwenda w’igihugu niba uzabasha kwishyurwa cyangwa ari umutwaro uremereye.,none,fear,0.156,0.046,0.468,0.091,0.389,0.062
kin_test_track_a_00423,"mubyukuri ndababaye, ese koko aba bana babayeho bate? ese harubitayeho? ubux ahazaza tuvuga harihe? @<username> @<username> @<username> @<username> @<username> @<username> @<username> ##url##",sadness,anger,0.632,0.003,0.059,0.144,0.051,0.01
kin_test_track_a_00426,"yakomeje avuga ko niba ibihugu bya afurika bishobora kwanga kugira uruhande bihagararaho mu ntambara iri mu gihugu cye, bigaragaza ko “ijambo u burusiya bwari bufite muri afurika rigenda rigabanuka.”",fear,fear+sadness,0.166,0.006,0.838,0.018,0.568,0.036
kin_test_track_a_00428,"umunyamategeko juan smuts yatangaje ko kongera guta muri yombi kayishema, byatunguye we n’umuryango w’uwo yunganira.",surprise,fear+surprise,0.091,0.033,0.314,0.087,0.257,0.355
kin_test_track_a_00431,mbonye iriya station ya police yi remera nibuka le 1 jan tujyayo gutanga ikirego ko batwibye 😩 kwibwa kuri ny😭😭😭,sadness,anger+sadness,0.485,0.021,0.078,0.033,0.701,0.07
kin_test_track_a_00432,yagize ati “mu makuru twamenye hari abajura baturutse mu mudugudu umwe barabirukankana nk’uko bisanzwe baherekanya amakuru bavuga ngo ‘mubatangire ni abajura’; barimo kwiruka basa nk’aho babacitse bahindukira bafata amabuye barabatera rimwe rifata umwe ahita apfa ako kanya.”,sadness,fear+sadness,0.109,0.015,0.309,0.076,0.827,0.087
kin_test_track_a_00433,@<username> umva njye mbona kdi hafi gupfa peee,sadness,anger,0.447,0.032,0.042,0.341,0.355,0.023
kin_test_track_a_00434,umuntu nkawe uri kugenda urebera amashusho y'urukozasoni mu modoka?,disgust,anger+disgust+surprise,0.675,0.553,0.036,0.046,0.285,0.14
kin_test_track_a_00435,dukora uburyo bwose bushoboka butuma umunyetorero yiyumvamo ibikorwa byaryo n’iby’igihugu.”,joy,none,0.154,0.113,0.17,0.102,0.096,0.139
kin_test_track_a_00437,ntabwo twari tubimenyereye ariko twabonye twarakinnye neza.,joy,none,0.151,0.207,0.061,0.194,0.071,0.03
kin_test_track_a_00438,"umwuka ukomeje kuba mubi hagati ya niger n’ibihugu by’amahanga by’umwihariko ibigize cedeao, umuryango wa afurika yunze ubumwe, u burayi na leta zunze ubumwe za amerika.",fear+sadness,fear,0.135,0.018,0.397,0.099,0.326,0.032
kin_test_track_a_00440,"ku rundi ruhande ngo mu basoje amasomo kuva mu 1980 kugeza mu 2016, abo bamaze kumenyera imyirondoro bashobora gukoresha uburyo bw’ikoranabuhanga bakamenya aho bari, bagera ku bihumbi 41.",joy,surprise,0.023,0.015,0.157,0.213,0.301,0.184
kin_test_track_a_00443,abacuruzi bamwe barumiwe…,sadness,sadness+surprise,0.371,0.089,0.029,0.133,0.46,0.245
kin_test_track_a_00445,mu 2011 urukiko rushinzwe kurengera uburenganzira bwa muntu mu burayi rwanzuye ko abakekwaho ibyaha bya jenoside bari muri suède boherezwa mu rwanda kandi byarakozwe.,joy,sadness,0.125,0.013,0.08,0.12,0.627,0.062
kin_test_track_a_00446,@<username> habaho no kwirengagiza mwana kugira ngo batakuniga ndaqa😂😂😂😂,none,anger,0.676,0.008,0.04,0.027,0.204,0.051
kin_test_track_a_00450,@<username> sorry igihe uri wenyine uge wibuka ko hari ukuri hafi uzi ibyawe akamenya ibyo ukeneye,none,anger+sadness,0.393,0.06,0.08,0.054,0.484,0.023
kin_test_track_a_00452,"gitembagara yagize ati “usanga umuforomo ahembwa ibihumbi 197 by’amafaranga y’u rwanda, iyo uyagereranyije n’ishoramari yakoze yiga, ubona kugira ngo azagaruze byatwara imyaka hagati y’irindwi n’umunani.”",sadness,fear+sadness,0.079,0.004,0.53,0.11,0.571,0.083
kin_test_track_a_00453,"muri iyi raporo avuga ko atigeze agaragarizwa inyandiko zisobanura umubare wa muvelo zizakorwa n’ingano yazo, ibishobora gutuma bimwe mu bikoresho bita agaciro bigahombya leta amafaranga atari make.",none,fear,0.318,0.012,0.569,0.113,0.208,0.043
kin_test_track_a_00455,"uyu mugore avuga ko nta bwinyagamburiro aba-taliban babaha, yari afite inzozi zo kuzaba umunyamategeko ariko zayoyotse ubwo abakobwa n’abagore babuzwaga kwiga.",sadness,sadness+surprise,0.152,0.005,0.117,0.055,0.663,0.21
kin_test_track_a_00456,"sha sinkubeshye nsigaye ngukemanga.""",fear,surprise,0.239,0.067,0.064,0.119,0.229,0.17
kin_test_track_a_00457,"ese umuntu agusabye, ukamuha mukanya ukamubona ari kunywa biere wabifata ute???",none,anger+surprise,0.71,0.135,0.061,0.013,0.225,0.213
kin_test_track_a_00459,@<username> @<username> @<username> ibyo ni byiza cyane. ahubwo gusaba atm card ko bitinda cyane? bampaye 2 months,none,anger+joy,0.634,0.002,0.045,0.584,0.03,0.012
kin_test_track_a_00460,arko imbeba ko bazigeragerezaho inkingo mukaba mukomeje kuzica nizishira bizagenda bite,anger,none,0.312,0.15,0.216,0.201,0.173,0.038
kin_test_track_a_00461,ikindi kandi hasuzumwe niba hari impamvu zikomeye zituma akekwaho icyaha rusanga hari impamvu zikomeye zishingiye ku kuba yaremeye ko amashusho yakwirakwijwe ari aye nubwo avuga ko bitari mu ruhame.,none,fear+sadness,0.125,0.03,0.548,0.055,0.535,0.069
kin_test_track_a_00463,atanga urugero kuri nhica do rovuma yagize ati “ingabo ziyobowe na gen nkubito umwanzi zarahamuvanye.,none,sadness,0.176,0.032,0.074,0.247,0.477,0.048
kin_test_track_a_00464,ibyo byatumye hashyirwaho ihuriro ry’amashyaka ngo aganire ku bibazo binini bireba igihugu n’abaminisitiri babagezeho ibigiye gukorwa n’ingamba igihugu gifite.,fear,none,0.226,0.032,0.2,0.175,0.214,0.058
kin_test_track_a_00466,"@<username> @<username> @<username> @<username> @<username> @<username> @<username> bigaragaza ubwisanzure mukumenyesha amakuru kuri buri wese . umuryango we ukamenyeshwa amakuru yose kugihe,",joy,none,0.236,0.001,0.082,0.379,0.097,0.023
kin_test_track_a_00467,@<username> ndumva nkugiriye imbabazi gake twese ngo ntituresha pa sorry 😭😭😭,sadness,anger+sadness,0.691,0.021,0.05,0.018,0.529,0.032
kin_test_track_a_00468,abanyamakuru bige gukoresha amarenga (geste) ntiyabumvise neza 🤣🤣 akumiro ni ivunja 🥳🥳 ##url##,surprise,none,0.131,0.028,0.027,0.19,0.088,0.069
kin_test_track_a_00469,ati “birakenewe ko uyu mugabane wiyubaka mu bitekerezo ukumva ko utagomba kugaburirwa n’abandi.,anger,sadness,0.142,0.022,0.099,0.025,0.542,0.048
kin_test_track_a_00470,"@<username> urakoze cyane. uzamenya umusonga wanjye tukawusangira, kandi ntisinzire kubera umusonga wanjye uko yaba asa kose uwo nzamunambaho .",none,joy+sadness,0.126,0.023,0.029,0.775,0.498,0.07
kin_test_track_a_00471,"ni raporo igaragaza umubare w’abantu bapfuye bagiye babarurwa bapfiriye mu ngo, abaguye mu mpanuka, ndetse n’abaguye mu mavuriro cyangwa ibitaro.",sadness,fear+sadness,0.024,0.032,0.317,0.045,0.738,0.066
kin_test_track_a_00472,"@<username> 😂😂🤣🤣🤣🤣🤣🤣 kwifata biranze ndaseka, nanjye nidubura nzareba ko udafute inzāra nk'izinka!🇻🇺",joy,anger,0.831,0.02,0.02,0.037,0.073,0.083
kin_test_track_a_00474,"ni amakuru yakomeje no mu gitondo cyo kuri uyu wa kabiri, biba ikiganiro ku mbuga nkoranyambaga hirya no hino.",none,surprise,0.037,0.023,0.109,0.198,0.308,0.16
kin_test_track_a_00476,"😂 nari nicaye ahantu numva umwana abajije nyina ngo mbese kunyara bisobanuye ik …,kugeza nanubu ntabwo aramusubiza ndakomeza mbahe amakuru 😂🤌",none,surprise,0.248,0.076,0.125,0.039,0.365,0.152
kin_test_track_a_00477,"ibi biri mu bituma agababo n’abasore benshi bahitamo kutagaragaza intege nke zabo cyangwa ngo basabe ubufasha igihe biri ngombwa, bagahitamo guceceka no kujya kure y’abandi kugira ngo batabacira urubanza bakurikije ibihe bigoye bari kunyuramo.",none,sadness,0.101,0.022,0.16,0.066,0.595,0.066
kin_test_track_a_00478,daliso yavuze ko nyuma yo kugera mu rwanda yasanze ibyo uwo munyamasengesho yavugaga cyari ikirundi.,none,sadness,0.069,0.02,0.1,0.039,0.769,0.112
kin_test_track_a_00480,umunsi umwe nibwo umujyanama wabo yabwiye schwarzenegger ko umugore we akeneye kumenye ukuri kose kuko yari amaze igihe amukeka amababa harimo no kubyarana n’undi mugore.,fear,sadness,0.079,0.016,0.038,0.048,0.906,0.128
kin_test_track_a_00481,@<username> @<username> @<username> @<username> @<username> @<username> @<username> @<username> @<username> @<username> @<username> @<username> nyihanganira man tubifate ko ari 1/1 twiyunge ntacyo dupfa mn,sadness,anger,0.704,0.001,0.028,0.234,0.07,0.004
kin_test_track_a_00482,polisi kandi yabwiye voa ko umubare w’abapfuye ushobora kwiyongera kuko abagenzacyaha ndetse n’itsinda rikora ubutabazi bakomeje gushakisha ababuze.,sadness,fear+sadness,0.101,0.007,0.455,0.071,0.774,0.038
kin_test_track_a_00483,"abatangabuhamya babwiye igihe ko uwo musore yari arimo gusangira inzoga na bagenzi be b’abahungu, aza kunyuzamo atangira gukorakora umwe muri bo amubwira ko yamukunze, undi ahita amukubita umugeri agwa hasi.",sadness,sadness+surprise,0.044,0.027,0.089,0.065,0.785,0.41
kin_test_track_a_00488,uwitwa batman yahize abandi bari bahatanye muri ibi bihembo kubera ko ari we watowe cyane kurusha bagenzi be.,joy,sadness,0.035,0.027,0.026,0.261,0.767,0.107
kin_test_track_a_00490,yongeyeho ko inzu yose igaragaye mu kajagari muri nyamirambo ikurwaho naho iby’abashinjwa kurya ruswa bikaba ari ubuzima bwabo ku giti cyabo.,anger,sadness,0.108,0.038,0.09,0.06,0.817,0.071
kin_test_track_a_00491,"mu ijoro ryo ku itariki ya 25 nzeri 2015 , umunsi umukinnyi wa filime saphine kirenga yizihizagaho isabukuru y’amavuko, mu buryo butunguranye umusore bakundanaga yazanye impeta y’urukundo [fiançailles] ayambika uyu mukobwa inshuti n’abavandimwe bose babireba.",joy+surprise,joy+sadness+surprise,0.015,0.021,0.028,0.517,0.481,0.152
kin_test_track_a_00494,"ati “twumvaga ko hari abanyarwanda ntabwo twari tuzi inyenzi, urugamba rutangiye batangiye kutubwira ko ari abantu bafite amatwi atendera twari dufite amatsiko yo kumenya uko bateye.",none,fear,0.262,0.064,0.264,0.095,0.294,0.078
kin_test_track_a_00495,"yavuze ko amahoro yaba ahari cyangwa se adahari, abantu badakwiriye gutakaza icyizere, kuko hari abantu bo gushyira ibintu mu buryo, ibitarakozwe ejo bigakorwa neza uyu munsi.",none,fear,0.02,0.013,0.348,0.197,0.44,0.033
kin_test_track_a_00496,yavuze ko yari afite n’izindi ngabo zari mu majyaruguru y’igihugu aho ibyihebe n’inyeshyamba byari biherereye.,none,sadness,0.045,0.057,0.096,0.13,0.875,0.058
kin_test_track_a_00497,@<username> mwaramutse! internet yanze rwose mudufashe mukemure ikibazo gihari iri kutwicira akazi murako,anger+sadness,joy,0.174,0.017,0.038,0.517,0.312,0.027
kin_test_track_a_00500,bamushinjaga ivangura no guheza bamwe mu baturage ba thailand.,none,sadness,0.116,0.048,0.059,0.164,0.468,0.066
kin_test_track_a_00504,"yavuze ko nko mu myaka mike ishize nta watekerezaga nk’imodoka zikoresha amashanyarazi n’ibikomoka kuri peteroli (hybrid), ariko ubu mu rwanda zimaze kugwira, kubera amahirwe guverinoma yatanze, arimo kugabanya imisoro.",joy,sadness,0.048,0.032,0.095,0.37,0.615,0.049
kin_test_track_a_00505,"@<username> @<username> arazizi cyane, nakurangire rwose njya mbona ari umuseeenzi wa cyane",anger,joy,0.058,0.002,0.021,0.528,0.336,0.019
kin_test_track_a_00506,"ubushakashatsi bukomeza buti “mu murwa mukuru [kigali], ingo zisaga 61% z’abantu ku giti cyabo zibamo abantu bakodesha.”",none,fear+sadness,0.05,0.02,0.363,0.201,0.496,0.091
kin_test_track_a_00508,"amakipe apr fc yahoze itsinda muri afurika yamaze kuyisiga, murasezeranya abakunzi bayo ko kuri iyi nshuro muje guhangana ku ruhando mpuzamahanga?",none,surprise,0.068,0.02,0.038,0.373,0.225,0.51
kin_test_track_a_00509,"abaturage bo muri aka gace, bavuga ko uyu mugore yarenganye kuko yesenyewe wenyine mu gihe inzu nyinshi zikarimo bigaragara ko ziri mu manegeka.",sadness,fear+sadness,0.039,0.005,0.262,0.067,0.857,0.077
kin_test_track_a_00511,ibi byabaye ku cyumweru mu mudugudu wa rwimbogo mu kagari ka kaduha mu murenge wa munyaga aho bajyanywe ku kigo nderabuzima cya munyaga.,sadness,joy+sadness,0.06,0.033,0.181,0.731,0.709,0.075
kin_test_track_a_00512,kayishema n’abandi bahise bagenzura iyimurwa ry’imirambo bayivana mu rusengero bayijyana mu mva rusange mu minsi igera kuri ibiri yakurikiye.,sadness,none,0.071,0.041,0.103,0.126,0.408,0.12
kin_test_track_a_00513,ubundi nujya muri interview ugasanga irakoreshwa n'umugabo uzamubwire ngo nutampa akazi nzaguteretera umugore wae. interview izahita irangira shn,none,anger,0.391,0.037,0.055,0.046,0.375,0.056
kin_test_track_a_00514,ati “ni igihugu tubanye igihe kirekire cyane kuva cyafungura ambasade yacyo mu rwanda.,joy,surprise,0.083,0.013,0.048,0.371,0.316,0.274
kin_test_track_a_00515,"“umugore yatubwiye ko bageze mu rugo bakoze imibonano mpuzabitsina barangije bararyama, mu gitondo umugore yarabyutse amusiga mu buriri ajya gushaka icyo barya agarutse arebye asanga undi yapfuye ahita atangira gutabaza.”",sadness+surprise,sadness,0.112,0.026,0.092,0.032,0.809,0.076
kin_test_track_a_00516,"habagusenga yavuze ko yasabye imbabazi umugore we batangira gushyira hamwe amafaranga yanyweraga n’ayo yajyanaga mu ndaya, ngo yahise atangira kuyabika yiguriramo igare, atangira kwahirira inka yabo kugeza ubu ngo imaze kugera kuri litiro icumi mu gihe mbere yabonaga litiro eshanu.",joy,sadness,0.083,0.005,0.078,0.087,0.923,0.111
kin_test_track_a_00518,"ati “nyuma yo guhabwa amakuru yizewe n’abaturage baturiye umupaka, ko hari magendu y’imyenda ya caguwa yinjijwe mu gihugu ivanywe mu bihugu by’abaturanyi, polisi yateguye ibikorwa byo kubafata, mu murenge wa kigarama wo mu karere ka kirehe, ku isaha ya saa kumi n’ebyiri za mu gitondo hafatirwa abantu batanu bari batwaye ku magare amabalo atanu.”",none,fear+sadness,0.043,0.007,0.284,0.244,0.723,0.055
kin_test_track_a_00519,"ati “ndashaka nihere ubutumwa inshuti yanjye jean fidèle, ndashaka nkubwire ko bitamvuye mu mutwe igihe wishimaga ibyishimo byanjye.",anger,surprise,0.115,0.031,0.09,0.379,0.316,0.17
kin_test_track_a_00521,"hashize iminsi ikibazo cy’iyi ndwara gikurikiranwa cyane haba ku nzego z’ubuyobozi n’abahinzi ubwabo muri rusange, ariko ngo biranga bikaba iby’ubusa, uburwayi bugakomeza kwibasira umusaruro w’abahinzi.",sadness,fear+sadness,0.04,0.008,0.261,0.155,0.643,0.053
kin_test_track_a_00522,@<username> ubwo se si nko kuvugira #ishapure na rozari mu musigiti ku munsi w'iteraniro ra🙄🙄,none,anger,0.524,0.019,0.04,0.265,0.064,0.06
kin_test_track_a_00523,@<username> ahogutera intambwe 99 ujya inyuma uzatere imwe ugana imbere,none,anger,0.613,0.014,0.063,0.413,0.121,0.015
kin_test_track_a_00524,@<username> rayon imyenda tadusaziyeho peee!! uziko ku mupira wa mico izina rayon ryasibye!!! shameful for @<username>,anger+sadness,anger,0.501,0.041,0.038,0.341,0.042,0.036
kin_test_track_a_00525,@<username> itangazamakuru urisuzumira kuri twitter se? iyi ni page yanjye bwite sinzi niba hari uguhatira kuyirebaho.,anger,surprise,0.235,0.01,0.057,0.303,0.062,0.269
kin_test_track_a_00528,ahubwo bipfira aho lil_g aririmbiye umusatsi. ##url##,none,anger,0.498,0.081,0.048,0.214,0.099,0.078
kin_test_track_a_00532,agahinda ka mbere nugufana arsenal uri umukene rwose,anger+sadness,sadness,0.086,0.107,0.014,0.331,0.542,0.068
kin_test_track_a_00533,"umva sister menya amazina ya boyfriend🙎‍♂️🙎‍♂️ wae ya nyayo ntagutera inda ntabwo tuzagufasha gushaka """" mane dreezy"""" 😂🤣🤣🤣🤣🤣🤣",none,anger+surprise,0.674,0.026,0.029,0.025,0.138,0.152
kin_test_track_a_00535,"imig 20:4 nzarimirana w'umunyabute ntiyihingira atinya imbeho, ni cyo gituma mu isarura azasabiriza kandi ntagire icyo abona.",anger,none,0.287,0.062,0.045,0.114,0.195,0.046
kin_test_track_a_00537,"yaramututse ngo ni imbwa, ngo na mama wawe ni imbwa.",sadness,none,0.13,0.112,0.04,0.103,0.281,0.115
kin_test_track_a_00538,"@<username> @<username> namba no kukuruma bwageze mu kanwa watangiye kumva ubunyunyusi bwabwo,uzi kukuruma umunwa ugiye gutamira,umunwa ugahita ubyimba!🤣🤣🤣",sadness,anger,0.468,0.055,0.037,0.071,0.042,0.067
kin_test_track_a_00539,"@<username> na @<username> ntibashinzwe abadayimoni. aya yihorere, azahura n'umucamanza uyashinzwe,azayajegeza, igihe nikigera. kandi si kera. ##url##",anger,none,0.236,0.003,0.084,0.256,0.143,0.009
kin_test_track_a_00540,agira inkari zinuka nk'imbwa yaboreye ku gasi,disgust,disgust+surprise,0.389,0.709,0.064,0.055,0.157,0.248
kin_test_track_a_00541,"@<username> babyeyi amazi turayakumbuye, mukore geste wenda tubone ayo kunywa ibicurane bigiye kutwica",sadness,none,0.299,0.121,0.078,0.106,0.338,0.04
kin_test_track_a_00543,arikuninda amashyira mu gitsina.,disgust,disgust+surprise,0.076,0.68,0.02,0.148,0.243,0.327
kin_test_track_a_00544,@<username> @<username> uyu mwana aba rayon tumugurire umwenda wa equipe! uburayon buravukanwaaa!!,joy,anger,0.444,0.018,0.056,0.208,0.041,0.024
kin_test_track_a_00545,urongoye umugore mwiza aganya ibyago nuteye igiti cyamapera mukigo cyamashuli ya primary😂❤️,sadness,surprise,0.062,0.04,0.08,0.241,0.26,0.176
kin_test_track_a_00546,"ijambo inkotanyi rinyibutsa ingabo zitazwi zagize uruhare mu rugamba rwo kwibohora, zitagize amahirwe yo kugera ku ivuko nka marume bosco.",sadness,none,0.098,0.027,0.079,0.252,0.287,0.042
kin_test_track_a_00547,ubu se #apostlepaulgitwaza nk'uvuga rikijyana yaba yarabigenzuye neza ku buryo yabyigisha imbaga atya? birambabaje njyewe! @<username> @<username> @<username> @<username> @<username> @<username> ##url##,anger+sadness,joy,0.369,0.001,0.02,0.626,0.152,0.014
kin_test_track_a_00548,@<username> @<username> @<username> @<username> @<username> @<username> @<username> @<username> @<username> @<username> @<username> nari ngiye gushyira status kuri watsapp ivuga ko watsapp yanze gukora none byanze🙄,none,anger,0.509,0.004,0.041,0.281,0.031,0.03
kin_test_track_a_00549,yatanze urugero rw’uherutse gutabwa muri yombi ashinjwa kwandika ubutumwa bushishikariza abantu gusambanya abana.,sadness,surprise,0.148,0.075,0.127,0.197,0.219,0.21
kin_test_track_a_00550,"ati “ikibazo cyarakemuwe, turabona intambwe igenda iterwa mu bijyanye n’umubare munini w’abantu bari baravanywe mu byabo bari kubasha gusubira mu byabo kandi bagatangira ibikorwa nk’uko bikwiye.""",joy,sadness,0.166,0.013,0.215,0.066,0.855,0.053
kin_test_track_a_00551,ai nyamara uba utubwiye nabi aba papa twirira udusendababoyi😅 ushatse wakwihana @<username> 🤣🤷🏾‍♂️ ##url##,sadness,anger,0.656,0.026,0.035,0.058,0.259,0.017
kin_test_track_a_00552,minecofin yo yagaragaje ko hari ibikorwa n’imishinga yarangiye ndetse amafaranga akaba ahari ariko abakoze ibyo bikorwa bakaba baratinze kwishyuza.,none,sadness,0.28,0.013,0.157,0.102,0.474,0.057
kin_test_track_a_00553,"🙃mani girl arambwiye ngo iyambarire byanze …, ndacyamusaba another round ndakomeza mbahe ikuru 😭😭😭",none,anger+sadness+surprise,0.425,0.016,0.022,0.037,0.779,0.276
kin_test_track_a_00556,muri iyi space naryohewe cyane no kumva ikinyarwanda cya ceo @<username> ##url##,joy,joy+surprise,0.206,0.01,0.014,0.902,0.057,0.179
kin_test_track_a_00557,@<username> @<username> @<username> ni agahomamunwa c? cg njye mbaza ibindeba?🤦🤸,none,anger,0.953,0.005,0.019,0.049,0.027,0.025
kin_test_track_a_00559,ubu buryo kandi bugabanya ibibazo bishobora kuvuka mu guhanahana amafaranga hagati y’abantu.,joy,fear,0.088,0.045,0.579,0.153,0.212,0.06
kin_test_track_a_00560,"ubaye urumukobwa, ufite million 7 munzu, umujura akinjira, akagusaba ko mwakora sex, cg gutwara ayo amafaranga wahitamo iki?",sadness+surprise,anger,0.628,0.038,0.157,0.089,0.144,0.121
kin_test_track_a_00561,"yagize ati ""mu bibazo bikibangamiye igihugu harimo igwingira kuko ubushakashatsi bwerekanye ko mu bafite imyaka itanu nibura umwe muri batatu aba agwingiye.”",sadness,fear+sadness,0.166,0.004,0.555,0.087,0.774,0.098
kin_test_track_a_00564,yakomeje ati “hari n’abandi bakora ibyo bikorwa atari uko bafite impano ahubwo ari ukubera ko ubuzima bwabashyize mu kibazo gituma bagomba kubishobora.,sadness,fear+sadness,0.327,0.008,0.298,0.064,0.582,0.032
kin_test_track_a_00566,@<username> ndabibona wakoreye imbere mzee . umwana ni uwijanja ##url##,none,joy,0.389,0.024,0.012,0.664,0.05,0.009
kin_test_track_a_00567,sinzi impamvu iyo maze kurya mubaturanyi mpita numva nakwitahira 😊😊,surprise,none,0.174,0.352,0.049,0.049,0.157,0.097
kin_test_track_a_00568,nyirashema yahakanye ibyo umusore we amushinja avuga ko yabivuze kuko ashaka kumutwara inzu.,anger,sadness+surprise,0.389,0.03,0.142,0.038,0.659,0.146
kin_test_track_a_00569,"rutahizamu wa @<username> , william opoku mensah yahagaritswe iminsi 8 adakorana imyitozo na bagenzi be kubera imyitwarire itari myiza. ##url##",sadness,joy,0.173,0.013,0.027,0.472,0.251,0.02
kin_test_track_a_00570,"manirarora vincent, wacikirije amashuri, ubu akora akazi ko gutwara abagenzi kuri moto mu karere ka karongi, avuga ko mu bituma urubyiruko rwangije amashuri rutabona akazi harimo no gusuzugura imirimo imwe n’imwe.",none,joy,0.029,0.027,0.149,0.766,0.213,0.035
kin_test_track_a_00571,kwinjira muri iki gitaramo bisaba kwishyura ibihumbi 10frw ubundi ukayanywera wumva icyanga cya amstel.,joy,anger+surprise,0.618,0.117,0.041,0.036,0.247,0.143
kin_test_track_a_00572,"inyubako y'umurenge wa @<username> yatwaye amafaranga y'u rwanda miliyoni 900 gusa, nyamara ni imwe mu nyubako zigezweho dufite. @<username> 👏🏾👏🏾👏🏾 @<username> @<username>",none,joy,0.116,0.003,0.082,0.573,0.152,0.038
kin_test_track_a_00573,ikindi usanga zijya kumera nk’izifitanye isano ya hafi.’’,none,surprise,0.042,0.143,0.25,0.258,0.232,0.256
kin_test_track_a_00574,urukiko rukuru umwaka ushize mu ukuboza rwemeje ko kohereza abimukira mu rwanda byubahirije amategeko.,none,joy,0.033,0.046,0.051,0.553,0.125,0.038
kin_test_track_a_00576,"yageze aho ahindura ishyamba rya shakahola mu burasirazuba bwa kenya nk’ahantu hadasanzwe, abakirisitu bajyaga guhurira bakahamara iminsi basenga.",surprise,fear+sadness,0.174,0.044,0.369,0.202,0.524,0.04
kin_test_track_a_00577,ati “kubera ko umugore yari yaramuhunze rero uwo mugabo yamusanze aho yamuhungiye bararwana amukura amenyo abiri.”,sadness,sadness+surprise,0.111,0.016,0.104,0.03,0.955,0.17
kin_test_track_a_00579,ati mwana wanjye humura aho batari nzahababera.,joy+sadness,sadness,0.048,0.101,0.027,0.099,0.841,0.042
kin_test_track_a_00580,"habumugisha jean damascène ukorera mu murenge wa kabarondo, yavuze ko nyuma y’ubu bugenzuzi bamufungiye ububiko bw’imiti ndetse bakanamuha ibaruwa imuhagarika gukorera umwuga w’ubuvuzi bw’amatungo ku butaka bw’u rwanda.",sadness,joy,0.017,0.012,0.082,0.762,0.388,0.119
kin_test_track_a_00581,@<username> jesus christ 😭😭😭 kuva nabaho nubwambere ngize intimba . nshuti ihumurire wabayeho kdi warashibutse. god be with you,sadness,anger+sadness,0.477,0.012,0.009,0.326,0.713,0.016
kin_test_track_a_00583,"iyi komisiyo yagaragaje ko isesengura ryayo ryagaragaje ko umusaruro w’ubuhinzi n’ubworozi utaragera ku rugero rwifuzwa kubera imbogamizi ziterwa n’imihindagurikire y’ikirere, ubwishingizi bw’ibihingwa bukiri hasi, igiciro cy’ifumbire mvaruganda cyiyongereye bigatuma ikoreshwa ryayo rigabanuka n’inguzanyo zo mu rwego rw’ubuhinzi zikiri hasi.",sadness,fear,0.071,0.033,0.306,0.318,0.345,0.034
kin_test_track_a_00585,@<username> kuva nakera umwana yacishwagaho akanyafu ubu abarimu nababyeyi ntibavuga uramva ejo hazaza nihabi cyane,sadness,anger,0.519,0.014,0.025,0.153,0.408,0.023
kin_test_track_a_00587,urabona ibyo bisebe yerekana mubantu,disgust,anger+disgust,0.467,0.586,0.101,0.025,0.092,0.043
kin_test_track_a_00589,"umugore ni nyina w'amahanga, umunyarwandakazi akaba umutima w'u rwanda. murakoze hon.🙏🏾 ##url##",joy,joy+surprise,0.066,0.011,0.02,0.72,0.095,0.158
kin_test_track_a_00592,@<username> @<username> @<username> @<username> @<username> @<username> @<username> @<username> @<username> @<username> @<username> nukwesa uyumuhigo wa musa kuko ningirakamaro mubuzima bw'umuturage tubigire ibyacu,none,joy,0.382,0.0,0.039,0.593,0.083,0.004
kin_test_track_a_00595,ibi byaramubabazaga ku buryo yatangiye gukeka ko yaba afite undi mugore bacuditse ariko iteka akamwereka ko ari kumwe na wa musore bigatuma atuza.,sadness,sadness+surprise,0.041,0.013,0.175,0.035,0.811,0.207
kin_test_track_a_00597,mwana wa mama waje tukajya twivugira story zubusambanyi ko ntawe uzatwinjijirira ##url##,none,anger,0.395,0.067,0.047,0.104,0.293,0.033
kin_test_track_a_00598,"ambasaderi w’u rwanda mu bwami bwa eswatini, claude nikobisanzwe yashimiye ingabo zari iza rpa zari ziyobowe na perezida paul kagame, zabohoye u rwanda zikanahagarika jenoside yakorewe abatutsi mu 1994, ubu igihugu kikaba gituwe n’abaturage bunze ubumwe.",joy,joy+sadness,0.086,0.007,0.025,0.775,0.585,0.131
kin_test_track_a_00600,ni indirimbo weasel yanashyizemo ijambo ry’ikinyarwanda avuga ati ‘ndagukumbuye’ yibutsa teta sandra ko amukumbuye.,joy,surprise,0.152,0.035,0.11,0.3,0.334,0.146
kin_test_track_a_00601,bavuga ko umutangabuhamya mu rubanza yayobeje abacamanza avuga ko ataramenya neza niba azasaba indishyi z’amafaranga.,sadness,anger,0.401,0.013,0.252,0.084,0.355,0.082
kin_test_track_a_00602,"umuryango @<username> twifatanije n'urwanda mukubungabunga uburenganzira #bw'umwana himakazwa kumva ibitekerezo bye, @<username> @<username> @<username> namwe mwese! birabareba &amp; mwiteho nkuwawe ##url##",joy,anger+joy,0.419,0.006,0.056,0.477,0.05,0.007
kin_test_track_a_00603,"@<username> bibiliya irakureba nawe, yubahe unayikurikize kugira ngo uzaramire mu gihugu uwiteka imana yawe iguha",none,anger,0.465,0.01,0.089,0.237,0.113,0.017
kin_test_track_a_00604,@<username> @<username> @<username> utarumva umwana asuhuza se amuhereza ingumi ati gongaho gee😁,none,anger,0.478,0.004,0.042,0.297,0.08,0.007
kin_test_track_a_00605,kanywe imishongi y'imitezi,disgust,none,0.109,0.374,0.044,0.152,0.279,0.052
kin_test_track_a_00606,umvugiye ibintu rwose kandi neza! inabi ku isi imaze iki? kubiba amahoro bigoyeho iki? duharanire ku #baimfura 🙏🏾 ##url##,anger,anger+joy,0.454,0.031,0.039,0.622,0.087,0.013
kin_test_track_a_00608,"yezu arebye imiruho wiriwemo ugashya muri iyi nyanja y'ibibazo maze arakubwira ati """"humura ni njye"""". yohani 6 : 20. tumwizere.",none,surprise,0.142,0.058,0.046,0.166,0.259,0.232
kin_test_track_a_00609,"mu matariki 10 uku kwezi, ibitangazamakuru bitandukanye ku isi byatangiye kunuganuga ko rihanna, yaba yarabyaye ariko bifatwa nk’ibihuha kuko benshi ntibavugaga igitsina yibarutse cyangwa se amazina y’umwana cyangwa se ibindi byagaragaza ko koko haba hari abafite amakuru y’impamo.",none,fear+surprise,0.07,0.014,0.56,0.045,0.381,0.407
kin_test_track_a_00611,"kubona ikamyo ya #bralirwa igwa itwaye #amarwa, #inturire n'imitobe bisakaye mu ishyamba ry'inzitane ntabaturage ngo binywere nabyo birarenze😏😏 ##url##",sadness,anger,0.416,0.044,0.106,0.134,0.32,0.053
kin_test_track_a_00614,"muri rusange ibintu biba ari byiza.""",joy,fear,0.098,0.054,0.304,0.108,0.106,0.1
kin_test_track_a_00617,@<username> ntago ubeshye rwose ni indamutsa @<username> arakaguhama wamfura we,joy,anger+joy,0.527,0.008,0.009,0.543,0.05,0.016
kin_test_track_a_00618,sha nukuri tubayimbwa birarangiye abasore barabakera koko nkaho mwakwiyandikishe mungabo zigihugu mwabusoremwe ngo mugiye kwimurika nano kubitekerezaho koko ##url##,anger,anger+sadness,0.862,0.032,0.151,0.04,0.468,0.083
kin_test_track_a_00620,"yakomeje abwira uyu muntu ko yizera ko nyuma y’ibi ameze neza kandi amusezeranya ko uwamwibasiye agiye kumukumira akanamukomanyiriza kuri instagram, kuko atakwihanganira imyitwarire nk’iyo yagaragaje.",anger,sadness,0.076,0.011,0.207,0.17,0.548,0.069
kin_test_track_a_00623,sano ati “tumaze imyaka myinshi tuvuga ngo impanuka zigabanuke ariko birashoboka.”,none,fear,0.146,0.029,0.424,0.054,0.247,0.104
kin_test_track_a_00627,emeran na we yamusubije yifashishije akamenyetso k’igipfunsi wasobanura nko gushyigikira ibyo avuze.,none,surprise,0.277,0.225,0.062,0.159,0.174,0.152
kin_test_track_a_00630,nizere ko babantu bafashaga mama kumfata agiye kunkubita ubu bakora muri cia na fbi😭😭 ibigome gusa😩,anger,sadness+surprise,0.257,0.045,0.046,0.194,0.598,0.168
kin_test_track_a_00631,yasabye abaturage cyangwa abagana ahatangirwa serivisi muri rusange kujya batanga amakuru mu gihe hari aho batakiriwe neza.,none,fear+sadness,0.028,0.01,0.284,0.24,0.633,0.101
kin_test_track_a_00632,"ibibazo mu gutwara abantu mu mujyi wa kigali bikunze kugarukwaho kenshi mu bitangazamakuru, aho abagenzi bagaragaza ko bamara umwanya munini bategereje imodoka bikabagiraho ingaruka zitandukanye.",sadness,fear+sadness+surprise,0.046,0.027,0.394,0.097,0.827,0.167
kin_test_track_a_00635,cyakoza harinabantu badakunda bagenzi bababo reba ukuntu uyumushinwa akubita umunyarwanda mugenziwe areba rukara yari intwari peee ##url##,anger+sadness,none,0.156,0.09,0.027,0.322,0.361,0.072
kin_test_track_a_00636,"@<username> @<username> @<username> ntabwo ndubaka ariko ndumva imvune z’umubyeyi n’inshingano zo kurinda ubuzima bw’umwana, nkurikije ibyo uvuga @<username> .",sadness,anger,0.726,0.004,0.103,0.329,0.054,0.006
kin_test_track_a_00639,nibura abagabo bagera kuri 32 ngo bandikiye urwego rushinzwe abinjira n’abasohoka basaba ko pasiporo z’abana ziteshwa agaciro nyuma yo gusanga nta sano y’amaraso bafitanye nk’uko babitekerezaga.,none,sadness+surprise,0.208,0.011,0.173,0.066,0.468,0.272
kin_test_track_a_00642,ibi ni byo bituma mvuga ko twiteguye neza.”,joy,none,0.169,0.098,0.201,0.141,0.075,0.046
kin_test_track_a_00645,"ati “twakoreye muri za laboratwari zacu ziri i kigali, i huye, i musanze n’ahandi.",none,joy,0.056,0.05,0.045,0.623,0.283,0.056
kin_test_track_a_00647,@<username> uyu ni umwanya mwiza wo gushimira nyakubahwa perezida kagame washyizeho gahunda igamije gusubiza agaciro umugore mu gihugu cyacu.,joy,anger+joy,0.402,0.006,0.017,0.791,0.238,0.041
kin_test_track_a_00650,ndetse mwarakoze nk’u rwanda.”,joy,joy+surprise,0.043,0.026,0.041,0.749,0.317,0.192
kin_test_track_a_00652,ark c musore ni gute uteka igikoma cyakubunnye cyamara gushya aho kugishyira muri teremusi ukakimena hasi koko🙄🙄🙄,anger+sadness,anger+surprise,0.824,0.054,0.091,0.066,0.409,0.217
kin_test_track_a_00653,"umukuru w’igihugu yavuze ko nubwo bimeze bityo, usanga hakiri icyuho mu bijyanye n’ubutabera buhabwa abagore ndetse no kuba benshi bakiri mu mirimo itanditse cyangwa itinjiza amafaranga ugereranyije n’abagabo.",sadness,fear+sadness,0.062,0.004,0.479,0.317,0.515,0.03
kin_test_track_a_00656,@<username> hanyuma ngo urubyiruko twiteze imbere kd aribo badusubiza inyuma🙄🙄 this country☹️😐,anger,joy,0.36,0.018,0.04,0.58,0.091,0.033
kin_test_track_a_00657,icyo gihe umutwe w’umurangangoma w’ingoma ye wari ingabo zitwaga “abaganda”.,none,sadness,0.262,0.027,0.058,0.068,0.855,0.103
kin_test_track_a_00658,julienne uwacu wayoboraga @<username> iheruka guseswa yahawe umwanya muri minisiteri y’ubumwe bw’abanyarwanda n’inshingano mboneragihugu nk’umuyobozi nshingwabikorwa w’ishami rishinzwe ukwiyubaka kw’umuryango. #rwanda @<username> ##url##,none,joy,0.175,0.005,0.064,0.544,0.166,0.017
kin_test_track_a_00660,@<username> ni hahandi bavuga ko abapfa bazakomeza bagapfa😭😭😭,sadness,anger+sadness,0.73,0.004,0.057,0.048,0.798,0.018
kin_test_track_a_00661,"biden yavuze ko yanze ibyo perezida putin yasabaga mbere y’uko intambara itangira, by’uko ukraine itakwemererwa kwinjira muri nato, avuga ko uyu muryango ufunguye kuri buri wese.",anger,sadness,0.09,0.013,0.209,0.071,0.568,0.125
kin_test_track_a_00662,"uyu mugore abibwira undi uri mu bamukurikiye, akamusezeranya ubufasha ndetse akamubwira ati “reka kuri iyi nshuro, ntituze kureka ngo ibi bintu birangire gutyo gusa.’’",none,fear+sadness,0.101,0.007,0.528,0.06,0.595,0.081
kin_test_track_a_00663,"@<username> unshotoye bikambabaza sinaviramo aho da,nagukoma 😂😎",anger,none,0.342,0.013,0.039,0.103,0.175,0.039
kin_test_track_a_00664,munyumvire abase biyemeje icyaha batakoze kandi banasjija banahamya abandi icyaha bataranabaho. ibi nabyo ni icyaha ubwabyo bakoze. ##url##,surprise,anger+sadness,0.62,0.031,0.036,0.06,0.682,0.035
kin_test_track_a_00665,@<username> bisanzwe bizwi nubundi ko ferwafa ikora nabi wagira ngoyo na reb biba biri kurushanwa,anger+sadness,anger,0.436,0.036,0.119,0.041,0.288,0.032
kin_test_track_a_00666,"ati “ni umudamu usanzwe atabarurirwa aha ariko utuye mu murenge wa muhima mu kagari kitwa tetero, uko byagenze yacumbikiye umugabo mu buryo bw’uburaya hanyuma rero bamaze kuryamana umugabo ntiyamwishyura asohoka ariruka n’umugore asohoka amwirukankana afite icupa ry’inzoga amufatira hano imbere yo kwa mutangana ahita amukubita iryo cupa.”",sadness,sadness+surprise,0.215,0.02,0.092,0.26,0.693,0.19
kin_test_track_a_00667,@<username> @<username> kowagira ngo urumuhungu cg ubavukamo urumwe🤔😂😂 nibyo iyo ukabije 3 iya gatatu niyo kugutabara imvura yaguye😂😂,none,anger,0.867,0.017,0.041,0.016,0.258,0.065
kin_test_track_a_00668,akarere ka @<username> umurenge #tumba akagari ka #gitwa umudugudu #berwa habaye kwangirika kw'itiyo y'amazi bityo amazi ari kumeneka ku buryo bukabije. @<username> @<username> #tabara ##url##,fear,sadness,0.093,0.009,0.09,0.333,0.607,0.026
kin_test_track_a_00670,"yagize ati “nibyo hari umwana koko wagaragaye yapfuye ariko ntabwo twakwemeza ko ari mukase wamwishe, gusa yahise ashyikirizwa ubugenzacyaha kugira ngo hakorwe iperereza.”",sadness,anger+sadness,0.544,0.007,0.171,0.015,0.805,0.088
kin_test_track_a_00671,@<username> abantu batukana baba bagaragaza intege nke muguhangana kuko umuntu ntiyemezw ningano yibitutsi wamututse ndabashimiye,none,anger,0.401,0.008,0.057,0.213,0.321,0.043
kin_test_track_a_00673,youtubers rn: baguwe gitumo bari kunywa urumogi ba banyamakuru mukunda cyane ##url##,sadness,joy,0.067,0.05,0.018,0.608,0.107,0.097
kin_test_track_a_00674,harigihe wibwira ko uri gutwika nyamara uri gushiririza 💀,anger,none,0.143,0.115,0.184,0.1,0.316,0.053
kin_test_track_a_00675,"miss wumuhanda kombona amsind muyamurindimuriyeho noneho umwana bamubwiye ko azi kwiruka arenga iwabo , kuvaryari sowanyu wowe yayoboye inama sha 🙄🙄 ##url##",anger,none,0.319,0.073,0.024,0.161,0.347,0.05
kin_test_track_a_00676,"iyi minisiteri itangaza ko mu gihe icyorezo cya covid-19 cyagenza make, icyizere cyo kuramba kizongera kuzamuka.",none,joy,0.016,0.013,0.217,0.543,0.342,0.06
kin_test_track_a_00678,"mu rwanda, urumogi rushyirwa mu cyiciro cy’ibiyobyabwenge bihambaye, aho umuntu wese uhamijwe n’urukiko gukora, guhinga, guhindura, gutunda, kubika, guha undi, cyangwa kurugurisha mu gihugu, ahanishwa igifungo cya burundu n’ihazabu y’amafaranga y’u rwanda arenze miliyoni 20 ariko atarenze miliyoni 30.",surprise,none,0.134,0.009,0.217,0.206,0.151,0.101
kin_test_track_a_00680,inkuru zo gukubitwa kwa teta sandra zazamuwe n’amafoto ye yagiye hanze agaragaza ibikomere byinshi ku mubiri ndetse na rimwe mu menyo ye ryarahongotseho akantu.,sadness,none,0.031,0.033,0.086,0.275,0.331,0.138
kin_test_track_a_00683,"@<username> banza wige kwandika wa kabwa we, mbere y'uko wadukira abo utabasha no gufungura udushumi tw'inkweto zabo.",anger,none,0.226,0.015,0.062,0.115,0.211,0.026
kin_test_track_a_00684,@<username> @<username> mujye mucisha make daa kuk ni 🔥,none,anger,0.466,0.003,0.014,0.406,0.059,0.008
kin_test_track_a_00685,yavuze ko uretse ko kwangiza ibidukikije ari n’icyaha ngo ubikora aba atifuriza ineza abaturage kuko ngo aba ashaka ko imvura ibura burundu.,anger,sadness,0.095,0.01,0.151,0.056,0.756,0.06
kin_test_track_a_00687,"bitunguranye kuri ako gace yahasanze abandi bagabo batatu bose bategereza ko ubwo bwato buhaguruka, ariko ngo yari afite ubwoba ko abo bantu bashya bahuye bashoboraga kumwica cyangwa bakamusunika mu mazi.",fear,sadness+surprise,0.048,0.008,0.218,0.069,0.738,0.213
kin_test_track_a_00688,birasa n’ibigamije guca intege abandi ngo bataza kuko hari igihano gikomeye kibategereje.,none,sadness,0.136,0.055,0.164,0.057,0.539,0.049
kin_test_track_a_00689,umuyobozi w-uburezi muri @<username> [dde] yapfuye azize impanuka y'imodoka. ##url## @<username> @<username> @<username> @<username> @<username> @<username> @<username> ##url##,sadness,joy,0.324,0.002,0.021,0.506,0.194,0.009
kin_test_track_a_00690,"mu gihe yari ategereje kuririmba, uyu muhanzi w’umunya-nigeria yasohokeye ahantu hatandukanye muri kigali ari nabwo amashusho umukundwa yashyize hanze bari kumwe yafashwe.",none,sadness+surprise,0.017,0.02,0.073,0.311,0.625,0.15
kin_test_track_a_00691,@<username> @<username> @<username> @<username> @<username> @<username> @<username> @<username> @<username> @<username> uyu mugore ni umugome bikabije. ni ishitani neza neza! @<username> rwose mudufashe uyu mugore ahanwe by’intangarugero!!,anger,joy,0.212,0.001,0.048,0.699,0.301,0.01
kin_test_track_a_00692,"@<username> @<username> @<username> @<username> @<username> @<username> @<username> @<username> @<username> @<username> @<username> , humura grand frere. turi kumwe. amahoro asagambe muri wowe no mu bawe. rwose humura.",none,joy,0.191,0.002,0.005,0.722,0.111,0.005
kin_test_track_a_00693,reba iyo photo? mu bigogwe ni hamwe mu hantu ha mbere haba amafoto meza muri iki gihugu ##url##,joy,none,0.27,0.034,0.036,0.348,0.117,0.059
kin_test_track_a_00695,"ni ku nshuro ya mbere, ikipe y’igihugu ya leta zunze ubumwe za amerika isezererwa mu gikombe cy’isi itageze muri ½.",surprise,none,0.074,0.016,0.07,0.297,0.182,0.072
kin_test_track_a_00696,amakuru avuga ko sam asghari yakomeje kwihanganira ibyabaga mu rugo rwabo ariko ibintu bikaba byarabaye bibi ubwo britney yatahurwagaho guca inyuma uyu wari umugabo we.,sadness,fear+sadness,0.103,0.013,0.54,0.043,0.939,0.08
kin_test_track_a_00698,@<username> @<username> @<username> karumye? 😂😂😂😂 niyompamvu njye mukangurira kwibwirira ikimama cyibizi (amazi) byinshi mumubili cya @<username> 😂😂😂😂😂,sadness,anger,0.654,0.003,0.019,0.04,0.054,0.102
kin_test_track_a_00699,"muri ayo majwi yabonywe bwa mbere na cnn, cbs na bbc, trump yumvikana asa nk’urambura izo nyandiko nka kumwe umuntu aba ari gusoma igitabo agahindura ipaji imwe ajya ku yindi, akagera aho avuga ati “izi zo zirimo amakuru y’ibanga akomeye.”",none,fear+sadness+surprise,0.129,0.005,0.271,0.135,0.739,0.265
kin_test_track_a_00700,"madam wanjye bamwoherereje message ngo """"ya ngurube nigenda umbwire"""" kdi ntatungo tworoye😭😭😭 @<username> @<username> @<username> @<username>",sadness,anger,0.778,0.008,0.014,0.149,0.267,0.069
kin_test_track_a_00701,@<username> uyumugabo yanijajara byo reka hashye mazurebe ngo harashya byanyabyo noneho nurwanda maze rurahita rwisubiza ibyo rwaskwe,none,anger,0.789,0.035,0.13,0.057,0.085,0.029
kin_test_track_a_00702,"@<username> wapi ntabwo byoroshye, buriya ari wowe upfukamye, wakumva ko ari fight koko.",sadness,anger,0.699,0.015,0.077,0.019,0.279,0.038
kin_test_track_a_00704,‘goodlife health & beauty pharmacy’ ni farumasi yiyemeje kwita ku byo buri munyarwanda wese akeneye bijyanye n’ubuzima n’imibereho myiza.,none,joy,0.052,0.038,0.137,0.78,0.211,0.094
kin_test_track_a_00706,ntiwakwifuza kwicarana n'umuntu urwaye ibinyoro,disgust,anger+disgust,0.451,0.51,0.056,0.06,0.151,0.053
kin_test_track_a_00707,"*murakaza neza mu materaniro adasanzwe y’uyu munsi uramenya imirimo16 y’akamere n’imbuto9 z’umwuka.* @<username> kicukiro, kigali, rwanda ##url##",none,joy,0.022,0.011,0.038,0.828,0.157,0.015
kin_test_track_a_00708,ikindi ni ukubura ibimutungana n’abana be hakiyongeraho ko abahungu bakamusambanya ku gahato ari na bwo buryo yagiye abyaramo abana be.,sadness,sadness+surprise,0.041,0.029,0.184,0.144,0.874,0.163
kin_test_track_a_00709,ariko ngo aho mwari muri babagaburiye ibyaboze,disgust,sadness+surprise,0.248,0.09,0.041,0.028,0.467,0.141
kin_test_track_a_00710,@<username> aka ka kane ushyizemo niko kabi urankomerekeje ubyumve. niwumva ufite ubumuntu unsabe imbabazi rwox,sadness,anger,0.46,0.026,0.056,0.177,0.187,0.032
kin_test_track_a_00711,iki gisebe cyawe kirirwa gitumaho amasazi umuntu ntiyarya akireba.,disgust,anger+disgust,0.816,0.687,0.03,0.066,0.24,0.109
kin_test_track_a_00713,"radio okapi yatangaje ko fayulu yasabye amahanga kumushyigikira, ntazigere yohereza indorerezi muri aya matora mu rwego rwo gushyigikira demokarasi n’uburenganzira bwa muntu.",anger,surprise,0.207,0.019,0.213,0.122,0.397,0.167
kin_test_track_a_00716,"uyu mukinnyi yavuze ko biramutse bibaye, byaba ari inzozi zibaye impamo.",none,fear+sadness,0.021,0.058,0.305,0.065,0.517,0.092
kin_test_track_a_00717,gifite mukanwa hanuka nk‘imbwa yaboreye mu mazi.,anger+disgust,disgust,0.108,0.771,0.049,0.066,0.249,0.056
kin_test_track_a_00719,"nitutarangiza iyi nyubako mu mwaka, ni ikimwaro kuri twebwe.""",none,surprise,0.165,0.018,0.054,0.347,0.17,0.143
kin_test_track_a_00720,uyu mugore ufite imyaka 24 avuga ko akazi ko mu rugo yagakoze amezi abiri gusa karamunanira biba ngombwa ko ajya kubana n’abandi bakobwa bagenzi be bari bakamurangiye.,sadness,sadness+surprise,0.109,0.013,0.056,0.097,0.782,0.228
kin_test_track_a_00721,noneho shahu ukuntu bipfunira aho babonye?!,disgust,anger,0.609,0.408,0.053,0.045,0.1,0.05
kin_test_track_a_00722,"yagaragaje ko kuba kabuga yari yarakorewe dosiye ajya no gushakishwa ndetse akaba yari yamaze guhakana icyaha, icyari gukurikiraho ari ukuburanishwa nta zindi mpaka.",none,sadness,0.127,0.007,0.061,0.068,0.908,0.108
kin_test_track_a_00723,ati “ingorane zo ni nyinshi hari ubwo bamfata bakabinyambura nkongera ngatangira bundi bushya gusa birantunze kuko abana bararya nkanishyura inzu.,sadness,fear+sadness+surprise,0.32,0.033,0.341,0.056,0.656,0.173
kin_test_track_a_00726,avuka mu bakobwa batanu.,none,sadness+surprise,0.084,0.127,0.076,0.036,0.455,0.194
kin_test_track_a_00729,ni nde wo kubibazwa?,none,anger,0.452,0.145,0.11,0.018,0.089,0.062
kin_test_track_a_00732,hari abatawe muri yombi bari kubazwa barimo n’umugabo we kuko ni we muntu uzwi bari bafitanye amakimbirane.”,none,sadness+surprise,0.121,0.014,0.148,0.026,0.923,0.183
kin_test_track_a_00733,"guhera mu mpera z’icyumweru gishize, hari inyandiko yakwirakwijwe ku mbuga nkoranyambaga, bigaragara ko ari paji imwe yafotowe ikuwe muri raporo nini.",fear,sadness,0.11,0.019,0.114,0.095,0.538,0.093
kin_test_track_a_00734,umwe mu baturage waganiriye na igihe yavuze ko uwo musore bikekwa ko yishwe na bamwe mu batawe muri yombi kuko ngo harimo umugore byajyaga bivugwa ko basambana bakaba bakeka ko umugabo we yabimenye bagafatanya kumwikiza.,sadness,sadness+surprise,0.101,0.004,0.103,0.023,0.965,0.336
kin_test_track_a_00737,"mazimpaka arnold wamamaye nka sintex, mukunzi vivens usanzwe akinira gorilla fc, ndikumana yvan uzwi nka navy amaru akaba umuhanzi w’i burundi batawe muri yombi bakurikiranyweho kunywa ibiyobyabwenge.",sadness,sadness+surprise,0.036,0.067,0.034,0.081,0.463,0.335
kin_test_track_a_00738,@<username> nukuri darla iyo utaywa inzoga ntabwo biba byabaye....,sadness,anger,0.728,0.022,0.188,0.064,0.314,0.039
kin_test_track_a_00739,reba aya macandwe wujuje aha,anger+disgust,disgust,0.243,0.5,0.055,0.099,0.158,0.043
kin_test_track_a_00740,karye amazirantoki,disgust,anger+disgust,0.529,0.977,0.029,0.073,0.089,0.07
kin_test_track_a_00742,@<username> ikibazo ni umuriro waho😂😂😂💀!,sadness,anger,0.757,0.003,0.042,0.017,0.218,0.041
kin_test_track_a_00744,"abarwanyi ba wagner bazwi nk’abacanshuro, bamaze gukorera ibikorwa bya gisirikare mu bihugu bya afurika ndetse no muri syria, aho bivugwa ko barwanye bikomeye n’ingabo za leta zunze ubumwe za amerika mu 2018.",none,sadness,0.051,0.01,0.112,0.114,0.535,0.013
kin_test_track_a_00745,muhazi united na yo yatangiye guhusha uburyo bukomeye ariko abakinnyi bayo bagera imbere y’izamu bagakina nabi amahirwe bakayatakaza.,sadness,none,0.041,0.064,0.055,0.219,0.289,0.054
kin_test_track_a_00747,"wowe wahoze uri urubavu rwanjye, none warusize rurangaye 🎶 ##url##",sadness,none,0.24,0.12,0.051,0.159,0.221,0.02
kin_test_track_a_00749,"niba wumva ko bf atazi maths, uzambwire ngo """"bae, i'm pregnant"""" 😂",none,anger+surprise,0.869,0.028,0.081,0.011,0.115,0.239
kin_test_track_a_00751,uyu mugore usanzwe akora mu kagari ka tetero mu murenge wa muhima amakuru avuga ko intandaro yo kugira ngo atere icyuma n’icupa mu mutwe uwo mugabo ari uko yasohotse mu nzu bari barimo yiruka kandi atamwishyuye amafaranga bari bumvikanye.,anger+sadness,sadness+surprise,0.057,0.005,0.135,0.178,0.887,0.177
kin_test_track_a_00752,"nyina yasaga nk’ufite ikimwaro, yateraga ubwoba uwageragezaga kujyana uwo mwana w’umuhungu ku bitaro.",none,fear+sadness,0.053,0.037,0.475,0.27,0.799,0.032
kin_test_track_a_00753,byabaye akarusho ku butegetsi bwa perezida tshisekedi.,none,surprise,0.112,0.096,0.065,0.112,0.153,0.369
kin_test_track_a_00754,ubu buso na bwo ngo byagaragaye ko ari bunini kuko usanga umuntu ushaka inzu yo guturamo yubaka nko kuri metero kare 80 ahandi hagasigara imbuga n’igikari.,none,fear+surprise,0.128,0.016,0.382,0.041,0.303,0.614
kin_test_track_a_00755,"mu gihe kunyuza imipira hagati byasaga n’ibyanze ndetse ukabona ko shaiboub ali akina afasha ab’inyuma ye kurusha uko ajya imbere, impande za apr fc zanyuragaho ruboneka bosco, apam bemol na ba myugariro ishimwe christian na omborenga fitina, na zo zagowe no kugeza imipira kuri rutahizamu mbaoma.",none,joy+sadness,0.037,0.008,0.141,0.512,0.452,0.074
kin_test_track_a_00757,@<username> humura. ibyiza biri imbere. kandi amahoro aganze kuri wowe.,none,joy,0.121,0.022,0.018,0.786,0.175,0.009
kin_test_track_a_00758,"iminsi ibiri nyuma yo kunganya na gorilla fc, ubuyobozi bwa rayon sports burangajwe imbere na uwayezu jean fidèle bwari bumaze kurangizanya n’abakinnyi kalisa rachid wakiniraga as kigali, nzinga héritier luvumbu wategewe indege yihuse imukura i kinshasa ndetse n’umurundi mvuyekure emmanuel wageze i kigali ku wa gatanu.",none,sadness+surprise,0.019,0.013,0.043,0.311,0.472,0.202
kin_test_track_a_00759,ni uburyo bwubakiwe kugenzura no gucunga umutekano w’ikinyabiziga ndetse n’ugitwaye aho ishobora kubona ko hashobora kuba impanuka maze igahita ifata feri byihuse kuburyo bishobora kuyirinda cyangwa bikagabanya ibyago byayo.,joy,fear,0.098,0.032,0.932,0.122,0.239,0.05
kin_test_track_a_00763,"yagize ati “ubuyobozi bugomba gukora inshingano zabwo bugashaka amafaranga buhemba kuko ni uburenganzira bw’abakinnyi, ariko nawe agomba gukora akazi.”",anger,none,0.356,0.005,0.089,0.063,0.335,0.049
kin_test_track_a_00764,uretse mu ikinamico wari wabona ahandi hanu umukobwa yanze umusore wumukire agasanga uwumukene 😒😒,anger,sadness+surprise,0.172,0.085,0.013,0.06,0.513,0.563
kin_test_track_a_00765,@<username> nyihera follow back unansobanurire ubusobanuro bwa troll bukwapplyingaho naho kwishima byo ntabyo tuzashira agahinda nitugera kwa nyagasani umugani w'abacatholique ##url##,sadness,anger,0.398,0.011,0.044,0.243,0.14,0.022
kin_test_track_a_00767,"@<username> turi abo yaremye ituremeye imirimo myiza muri kristo yesu, iyo yiteguriye kuva kera. abefeso 2:10",none,joy,0.177,0.032,0.018,0.506,0.062,0.018
kin_test_track_a_00768,ntibisanzwe! abagabo bafashwe n’irari bafatira ku ngufu abagore mu rusengero pasteri areba. nawe ushake amafoto😂😂😂 ##url##,sadness+surprise,anger,0.627,0.012,0.018,0.098,0.193,0.113
kin_test_track_a_00770,"ati ""umugore yahaye amakuru inzego z’umutekano agaragaza ko muri icyo kigo hari gutangwamo serivisi zishingiye ku butinganyi.",sadness,fear+sadness+surprise,0.153,0.008,0.273,0.148,0.496,0.204
kin_test_track_a_00772,iminsi ibaye itatu yikurikiranya u burusiya bwongeye kugaba ibitero bikomeye ku murwa mukuru wa ukraine kyiv no mu bice bitandukanye by’igihugu.,none,sadness,0.041,0.042,0.175,0.259,0.609,0.054
kin_test_track_a_00774,@<username> nkunda ko yumva abacuye bugufi akumva ibitekerezo byabo mbese afite impano yiharuye,joy,none,0.383,0.045,0.06,0.304,0.073,0.055
kin_test_track_a_00776,@<username> biriya yakoze byo gukubita umwari kuriya kabone nubwo yaba yanyweye izingana gute akabura ubwishyu ni amahano,sadness,anger+surprise,0.661,0.029,0.079,0.161,0.285,0.142
kin_test_track_a_00777,@<username> @<username> @<username> mwakoze kandi mukomereze aho #tujyanemo,joy,anger+joy,0.4,0.001,0.01,0.836,0.111,0.007
kin_test_track_a_00778,muri #centreafrica ibibanza biri kugura makeya. gusa n'akabanga mbibiye...😎,surprise,anger+sadness+surprise,0.391,0.089,0.082,0.056,0.515,0.222
kin_test_track_a_00779,@<username> reba icyana hasi sha nkujyane nawe x,none,anger,0.879,0.036,0.016,0.142,0.091,0.012
kin_test_track_a_00784,umwe mu baturage wanze ko amazina ye atangazwa yagize ati “umva abajura batumereye nabi bakubita abantu bakabakomeretsa noneho ubu baduye ingeso yo kukwiba n’imyenda wambaye ugasigara wambaye ubusa.”,fear+sadness,sadness,0.251,0.069,0.221,0.041,0.842,0.057
kin_test_track_a_00786,"ahantu honyine guterres avuga u rwanda, ni aho agaragaza ko umubano warwo na congo wazambye nyuma y’uko m23 itangije intambara.",surprise,fear+sadness,0.126,0.008,0.571,0.127,0.514,0.062
kin_test_track_a_00791,nyuma yo kugobokwa n’abagiraneza uyu muhanzi yahise agaruka ku mbuga nkoranyambaga atangiza ubukangurambaga bwo gukusanya inkunga yo kuvuza umubyeyi we.,joy+sadness,sadness+surprise,0.044,0.016,0.024,0.182,0.733,0.541
kin_test_track_a_00794,ahitwa nyabyondo #shyorongi umugore bamutwikishije lisansi arakongoka nyamara ngo yari yarishinganishije ku buyobozi. ubu bugome bwaba buterwa n'iki?,sadness,sadness+surprise,0.34,0.046,0.139,0.042,0.681,0.165
kin_test_track_a_00798,ntugate umwanya wae wigisha cg uhanura udashaka guhinduka ... kuko ntibishoboka ko wahindura umuntu mudahuje imico😔,none,anger,0.783,0.055,0.102,0.055,0.192,0.107
kin_test_track_a_00799,"nk’ubu muri uyu mwaka wa 2023 muri werurwe bagabanye ubwasisi busaga miliyoni 339 frw ndetse babonye ingoboka zisaga miliyoni 12,4frw.”",joy,surprise,0.036,0.019,0.042,0.262,0.126,0.471
kin_test_track_a_00800,ati “nahuye n’impunzi zo mu bihugu byinshi zishima cyane ubufasha u rwanda rwazihaye.,joy,fear+joy,0.024,0.023,0.297,0.714,0.112,0.035
kin_test_track_a_00801,ati “ubwo rero turakeka ko impamvu bihekuye ari ubushobozi buke bwo gutunga abo bana nubwo bidakwiye na gato.”,sadness,fear+sadness,0.12,0.017,0.561,0.04,0.574,0.115
kin_test_track_a_00802,"🎸ubukene bw'amafaranga ntawe budashavuza. nyamara uzajye wibuka ko imana ariyo ibigaba. 📌rubanda ntibakakoshye, kubana biruta byose. ~makanyaga abdul",none,sadness,0.125,0.035,0.115,0.134,0.453,0.036
kin_test_track_a_00803,"ati “kugira ngo impfu n’indwara zigabanuke ndetse havuke abana bazima, iyi ni yo ntego yacu.",fear+joy,fear,0.06,0.024,0.365,0.139,0.399,0.039
kin_test_track_a_00804,utabeshye murusengero bateretse imbere uduseke kamwe arako gushyiramo amaturo yo gushimira pasitoro akandi perezida akandi google...nakahe kakuzura mbere?,surprise,anger+surprise,0.397,0.026,0.029,0.257,0.163,0.261
kin_test_track_a_00805,ese ntagatsiko ka bagore cg abakobwa baba kire bagumiwe mwaba muzi ngo umuntu atagire abikundishweho?,none,anger+surprise,0.926,0.035,0.025,0.008,0.304,0.352
kin_test_track_a_00806,ibipimo ku bumwe n’ubwiyunge byerekana ko abanyarwanda 94% bumva neza ubumwe n’ubwiyunge ariko abagera kuri 27% bafite ibikomere bakomora ku mateka.,joy+sadness,sadness,0.201,0.019,0.247,0.327,0.502,0.052
kin_test_track_a_00807,"urupfu ruragapfa😭, uruhukire ijabiro kwa jambo💔. warakoze cyane ku bwa buri kimwe, nzagukumbura iteka ryose🙏. @<username> 👑 @<username> repubulika y'u rwanda ##url##",sadness,joy,0.132,0.003,0.035,0.714,0.332,0.03
kin_test_track_a_00808,"yatanze urugero ku muhate w’inkotanyi zari zigizwe n’abana bato ziyobowe na perezida paul kagame zirokora abatutsi mu bice bitandukanye by’igihugu, asaba n’urubyiruko kwigira ku babohoye igihugu bakagira uruhare rutaziguye mu kubaka u rwanda.",joy,joy+sadness+surprise,0.067,0.011,0.074,0.696,0.594,0.181
kin_test_track_a_00809,@<username> izo ziba ari likes za shitani n'abambari be🤣🤣🤣hamwe n'abuzuye irari,anger,none,0.289,0.019,0.043,0.038,0.209,0.059
kin_test_track_a_00811,"hari umwe mu bayobozi b’u rwanda wavuze ati ""aya masezerano mashya arerekana ko tshisekedi atarajwe ishinga no gushaka amahoro.",anger,sadness,0.203,0.016,0.067,0.19,0.586,0.136
kin_test_track_a_00812,"izi ntumwa mu minsi igera kuri irindwi zizamara mu rwanda zizasura ibikorwa n’inzego zitandukanye hagamijwe kumenya ibizikorerwamo nk’uko byatangajwe n’umunyamabaga wa leta muri minisiteri y’ububanyi n’amahanga ushinzwe umuryango wa afurika y’iburasirazuba, prof nshuti manasseh.",none,fear,0.069,0.013,0.329,0.255,0.276,0.062
kin_test_track_a_00814,waramutse rwanda ese namwe aho muri impeshyi yabatashyeho? mukomeze mugire umunsi mwiza wuzuye ubunyangamugayo no gukora cyane.,none,joy,0.019,0.038,0.056,0.749,0.074,0.077
kin_test_track_a_00815,bituma kandi abantu badahenda cyangwa ngo bahendwe cyane.”,none,sadness,0.064,0.09,0.218,0.137,0.568,0.08
kin_test_track_a_00816,"icyo gihe yiyemeje kumufasha gukora indirimbo yitwaga ikibindi, ari nayo yatumye riderman yiyemeza kumwinjiza mu ibisumizi.",none,sadness+surprise,0.022,0.048,0.08,0.154,0.804,0.176
kin_test_track_a_00818,"@<username> @<username> @<username> oya nawe gabanya kumwubahuka dore ni ukuganira, mutavaho mufatana mu mashati bikarangira mubaye nka wa mudasso wasafarinze.",fear,anger,0.506,0.005,0.02,0.349,0.32,0.009
kin_test_track_a_00819,"@<username> uyumunsi turaba turikumwe saa 15:30 live ku izuba tv, ubwo gahunda niyayindi....... turikumwe na @<username> &amp; @<username> mix by @<username> 📸 by @<username> @<username> kigali, rwanda ##url##",none,joy,0.173,0.003,0.023,0.524,0.055,0.027
kin_test_track_a_00822,"uwayezu yakomoje ku bihe bikomeye yahuye nabyo muri rayon sports aho yavuze ko bishingiye cyane ku banyamakuru batamwifurije ineza, nubwo ngo bitamukozeho cyane.",sadness,joy+sadness,0.018,0.007,0.194,0.526,0.774,0.073
kin_test_track_a_00824,@<username> harigihe utanga message ukagirango warebaga neza mu mutima w'umuntu! thanks so much @<username> for that tweet ❤️,joy+surprise,anger+joy,0.483,0.013,0.027,0.626,0.084,0.038
kin_test_track_a_00827,ishobora kuba yagira uruhare mu ididindira ry’ubwenge bigasaba kwitabwaho byihariye.,fear+sadness,fear,0.25,0.068,0.317,0.077,0.156,0.057
kin_test_track_a_00829,"nubwo bigaragara ko ibyagezweho mu buryo bw’imibare mu gihe gito ari byiza, haracyari icyuho kinini ugereranyije no kuba abanyarwanda bageze kuri miliyoni hafi 14.",fear,fear+joy,0.01,0.006,0.291,0.598,0.255,0.062
kin_test_track_a_00832,amashusho yasakajwe ku mbuga nkoranyambaga agaragaza uyu muraperi yagiye gushaka akazi ko gufasha abubatsi (ubuyede) ngo arebe ko yabona amaramuko.,none,surprise,0.211,0.013,0.079,0.111,0.422,0.332
kin_test_track_a_00833,allah akbar ya allah🙏 komeza unyongere kwihangana @<username> nyagatare ##url##,sadness,none,0.196,0.006,0.048,0.443,0.238,0.022
kin_test_track_a_00836,impungurabigombyi,none,fear,0.128,0.316,0.346,0.088,0.072,0.061
kin_test_track_a_00837,kazenga ni we wabaye inkomoko y’agati bitaga “ingororero” kabaga gasatuye bakagashinga mu butaka bagashyira muri ubwo busate ikintu nk’isaro ryo kurushanyirizaho kumasha.,none,sadness+surprise,0.185,0.043,0.061,0.153,0.652,0.209
kin_test_track_a_00838,hakorwe iki koko ngo aho imyitwarire nk'iyi igaragara mu bana bacu icike? iyi video yashengura umutima w'umubyeyi😔 @<username> ##url##,fear+sadness,none,0.367,0.007,0.057,0.446,0.377,0.039
kin_test_track_a_00840,ngo ntabwo ari umukobwa? ibijya gucika bica amarenga. ejo azihakana ko atari umubyeyi nagira amahirwe akamuba.,anger,anger+surprise,0.71,0.04,0.055,0.012,0.395,0.15
kin_test_track_a_00842,maze ndumigwaga kokoooo😂😂😂😂😂😂 caze kanigire guhiga umuceri mvabo ubusutwa aha😂😂 ##url##,anger,anger+surprise,0.82,0.029,0.027,0.027,0.049,0.274
kin_test_track_a_00845,"kuko sinumva ukuntu umuntu ukurusha byinshi byiza umwita umuswa kandi yarageze ku byo utarageraho, ushobora no kutazageraho.",anger,fear,0.359,0.027,0.35,0.311,0.114,0.087
kin_test_track_a_00847,ubundi the so-called big fish idafite amafaranga kuri njye nyifata nk'ururagara. uko ni ukuri kandi twumve dukomeye dutekanye 👍👌,anger,none,0.142,0.038,0.045,0.314,0.243,0.132
kin_test_track_a_00848,"yagize ati ""ubu mfite inzu byibuze ihagaze miliyoni 9 frw, nashatse umugore, mfite ingurube n’inkoko ndoroye, ubwo se navuga ko ntabayeho neza nshingiye ku iki?""",joy,sadness+surprise,0.154,0.01,0.158,0.063,0.543,0.146
kin_test_track_a_00849,😁😁 ubu tuvugana hari abantu iminwa iri kurya. aho bari buvugire irakweduka bararwara ivutu ryamagambo 🤣🤜,anger,none,0.099,0.281,0.045,0.056,0.416,0.037
kin_test_track_a_00851,icyakora guverineri yavuze ko atizeye neza ko ingabo zizakomeza kubahiriza ayo masezerano.,fear,sadness,0.085,0.021,0.185,0.452,0.551,0.016
kin_test_track_a_00854,uyu muyobozi yabajijwe uko uyu mukinnyi yabanyuze mu myanya y’intoki kandi kera rayon sports yaragiraga abantu bayifasha gukurikirana abakinnyi ishaka.,none,sadness,0.064,0.046,0.042,0.357,0.56,0.046
kin_test_track_a_00855,"ibihugu birimo u butaliyani, espagne n’u bugereki byo byatangiye guhura n’ubu bushyuhe budasanzwe, aho nk’inzego z’ubuzima mu butaliyani zatanze integuza y’ubu bushyuhe mu mijyi 16 yabwo irimo roma, bologna ndetse na florence.",fear+sadness,none,0.046,0.032,0.259,0.4,0.214,0.033
kin_test_track_a_00856,uyu mugabo avuga ko yagiye kwiga muri kaminuza bikamunanira kwiga kubera imyitwarire ye mibi ariko yishimira ko yaje gusubira mu rugo rwe nubwo rwari rwarasenyutse n’imitungo yose yaramaze kuyoboka.,joy+sadness,sadness,0.117,0.019,0.092,0.292,0.657,0.101
kin_test_track_a_00857,"nubwo hari icyizere ariko hari n’impungenge zishobora gushingira ku biza biheruka kwibasira intara y’iburengerazuba n’amajyaruguru, byangije umusaruro ku rwego rukomeye, abantu barenga 135 bakahasiga ubuzima.",fear,fear+sadness,0.023,0.016,0.815,0.349,0.469,0.028
kin_test_track_a_00858,ubundi rata @<username> biradukwiye rwose kubwira umubyeyi umugongo uduhetse iyo ndamukanyo waramutse #rwanda ##url##,joy,anger,0.395,0.014,0.016,0.373,0.206,0.018
kin_test_track_a_00860,"muri ibi biganiro byari biyobowe n’umuyobozi mukuru wa i&m bank rwanda, mutimura benjamin hagaragajwe umuhate w’iyi banki mu gushyira umukiliya ku isonga.",joy,none,0.044,0.041,0.102,0.37,0.283,0.088
kin_test_track_a_00861,@<username> za nudes zanuza uzazima😂😭,none,anger,0.524,0.019,0.016,0.176,0.052,0.015
kin_test_track_a_00863,wa mugani nyamara @<username> uzi ubwenge urereunze 😂😂😂✌️✌️✌️✌️✌️✌️✌️✌️✌️😂😂😂😂🙌 ##url##,none,anger,0.539,0.02,0.042,0.156,0.055,0.061
kin_test_track_a_00864,uteye isesemi nk'ubukurugutwa bamennyemo amazi.,anger+disgust,disgust,0.303,0.969,0.077,0.081,0.078,0.054
kin_test_track_a_00866,bahamya ko muri aka gace hari ubujura bukabije ku buryo benshi bataha kare kugira ngo badategerwa mu nzira.,fear+sadness,sadness,0.03,0.032,0.133,0.177,0.469,0.135
kin_test_track_a_00867,@<username> ahubwo iyi kipe ko ishaka gukwepa final bite byayo😂😂. turabategereje pe,fear,anger,0.705,0.008,0.096,0.093,0.119,0.021
kin_test_track_a_00869,"ati “ni imbogamizi zishingiye ku mpamvu zitandukanye haba mu mategeko mu ngo zabo, kutagira uburyo babona igishoro n’ibindi.",sadness,none,0.135,0.051,0.248,0.042,0.315,0.129
kin_test_track_a_00873,ntakubeshye uranuka pe! ayo magaragamba si ay'abantu!,disgust,none,0.27,0.358,0.2,0.037,0.147,0.052
kin_test_track_a_00874,"umuyobozi mukuru w’inama nkuru y’amashuri makuru na za kaminuza [hec], dr rose mukankomeje, aherutse gutangaza ko kuba amafaranga agenerwa kwishyurira abanyeshuri buruse yaragabanutse, bizagira ingaruka zikomeye ku mubare w’abajya muri kaminuza.",fear,fear+joy,0.044,0.009,0.392,0.725,0.307,0.048
kin_test_track_a_00875,"ati ""dushingiye ku mubano w’ibihugu byacu, turashaka kurushaho kunoza ubufatanye mu nzego zigamije inyungu.",joy,none,0.195,0.028,0.181,0.361,0.226,0.05
kin_test_track_a_00877,@<username> uzashake umuntu inshuti nziza ajye agutwaza ku mutwaro ufite umutima uzaruhuka gake gake,none,joy,0.356,0.019,0.035,0.703,0.143,0.027
kin_test_track_a_00878,"towari marie louise uhagarariye umuryango ufite inkomoko mu buyapani, npo think about education in rwanda’, yavuze ko bashyize imbaraga mu burezi ndetse harimo no kwigisha amahoro hagati y’u rwanda n’u buyapani kuko ibihugu byombi byanyuze mu mateka akomeye.",sadness,none,0.061,0.007,0.22,0.343,0.237,0.051
kin_test_track_a_00879,"szwaczyk yavuze ko nubwo bemeye guhindura nimero y’umuhanda, ubu ikibazo bafite ari ukwakira ibirego by’abatarishimiye ko nimero yahindutse.",fear,fear+sadness,0.043,0.012,0.316,0.433,0.673,0.038
kin_test_track_a_00881,nkanamuha andi mahirwe ariko biba iby’ubusa.’’,sadness,none,0.134,0.089,0.123,0.068,0.234,0.053
kin_test_track_a_00882,"igena yakomeje ati “kuko byaje kugaragazwa ko uzakora icyo kintu azagihanirwa mu buryo ubu n’ubu, byagiye birushaho koroshya.”",none,fear+sadness,0.094,0.006,0.319,0.316,0.574,0.069
kin_test_track_a_00883,ufite umwuka nk'uwu muntu urwawe mburugu kbsa.,anger+disgust,disgust,0.209,0.537,0.051,0.084,0.301,0.039
kin_test_track_a_00885,@<username> @<username> nyamara iki kibazo kirabareba nubwo mukirengagiza,sadness,anger,0.665,0.002,0.192,0.241,0.214,0.007
kin_test_track_a_00886,perezida #kagame yahaye imbabazi abagore 10 bari bafungiwe gukuramo inda ##url##,joy,surprise,0.282,0.027,0.007,0.281,0.323,0.281
kin_test_track_a_00888,ese kucyi abahungu bicyigihe basigaye bumva ko kuryamana aringombwa wamuhakanira mugahita mutandukana urwo nurukundo koko🙄🤔?,sadness,anger+surprise,0.759,0.135,0.083,0.025,0.229,0.166
kin_test_track_a_00891,ase ubu kavunumuheto biracyari igitutsi🤔😅,none,sadness,0.24,0.251,0.034,0.095,0.632,0.101
kin_test_track_a_00892,nta muntu waremye undi.”,anger,sadness,0.2,0.086,0.048,0.058,0.458,0.056
kin_test_track_a_00894,"yagize ati “hamaze kuboneka imibiri ine, yabonetse ejo ku wa kabiri ariko igikorwa cyo kirakomeje cyo gushakisha indi.”",sadness,fear+sadness,0.079,0.009,0.273,0.141,0.765,0.018
kin_test_track_a_00897,bimwe muri ibi byaha trump ashinjwa bimuhamye ashobora gufungwa.,fear,none,0.111,0.11,0.223,0.078,0.359,0.048
kin_test_track_a_00898,"umuyobozi wungirije ushinzwe imodoka zijya mu ntara muri volcano isingizwe eric, we avuga ko imodoka zitabuze ahubwo abagenzi babaye benshi kubera ko ari mu gihe cy’impeshyi.",none,sadness,0.059,0.019,0.199,0.094,0.636,0.118
kin_test_track_a_00899,avuga ata ibicandwe ku bantu ni cyo dupfa,disgust,sadness,0.219,0.18,0.123,0.048,0.582,0.04
kin_test_track_a_00900,ababonye ko wamwana womubakire arigukoresha computer ya nicole mumpe follow🤣🤣🤦 narumiwe @<username> @<username> @<username> ##url##,surprise,none,0.358,0.001,0.011,0.141,0.077,0.039
kin_test_track_a_00901,@<username> ushyireho ni zina ryawe ry' ukuri. ureke iryo watoraguye kuri iyi mihanda. nakuzaniye impano ndakubura bambwira ko batakuzi.,sadness,none,0.201,0.026,0.096,0.41,0.122,0.128
kin_test_track_a_00902,"ni mu gihe ariko ku rundi ruhande, bahati we yicuza ibyamubayeho akaburira abandi bahanzi kutisaga mu mutego nk’uwo yaguyemo.",sadness,sadness+surprise,0.043,0.038,0.062,0.087,0.503,0.222
kin_test_track_a_00903,"yagize ati “ ejo bundi nka saa mbili z’ijoro nibwo umugabo w’imyaka 63 yagiye ahantu anywa inzoga arasinda, atahana n’umugore wari inshoreke ye kuko si ubwa mbere bari batahanye.”",none,sadness+surprise,0.112,0.007,0.094,0.078,0.637,0.181
kin_test_track_a_00904,si ubwa mbere perezida wa gasogi united yavuze kuri ibi bibazo bihora bitangwa muri ferwafa ariko abasifuzi bakabyitambika ntibigire aho bigera kubera izindi nyungu bakuramo.,anger+sadness,sadness+surprise,0.361,0.025,0.093,0.044,0.483,0.225
kin_test_track_a_00905,ntabwo ibihugu kuleba azasura byatangajwe byose.,none,anger,0.568,0.167,0.174,0.075,0.101,0.067
kin_test_track_a_00906,"yagize ati “mucane amatara abantu bababone muri kure kubera ko umuhanda uba urimo abantu benshi, uba urimo imodoka harimo moto harimo amagare n’abanyamaguru, cana itara kugira ngo umuntu akubene ukiri kure.”",none,sadness,0.11,0.025,0.154,0.101,0.714,0.085
kin_test_track_a_00907,uyu mugabo yaje gushakishwa ariko aza kugaragara yapfuye ku buryo bakeka ko yiyahuye.,sadness,sadness+surprise,0.15,0.016,0.092,0.066,0.832,0.234
kin_test_track_a_00908,fally merci avuga ko mu rwanda hari ikibazo cy’uko atari ahantu henshi abana babona ho kwidagadurira.,sadness,fear+sadness,0.035,0.026,0.294,0.083,0.484,0.065
kin_test_track_a_00909,@<username> @<username> ibaze nawe gutegereza ko umunyamerika ari we ukubwira ububi cg ubwiza bw'umuco wawe. ni cyo cyica abanyafurika.,anger+sadness,none,0.321,0.007,0.035,0.138,0.329,0.018
kin_test_track_a_00911,mwaramutse @<username> ese ejo hashize ko network zanyu zatumye mpomba ndetse nkashwana na benshi kubera ko ntahamagarwa murumva bishimishije? mwirirwe😫😩😩😫😩😩😫😩😩😩😩😫😩😩😩,anger+sadness,anger,0.49,0.043,0.055,0.13,0.176,0.028
kin_test_track_a_00913,@<username> ko atayafite cg bimubihira or bimubabaza,none,anger,0.86,0.008,0.068,0.038,0.191,0.016
kin_test_track_a_00914,"#kwibuka28 iy'imvura muyireke igwe kuko hari benshi yabereye ingabo aho bahigwaga bukware, mana warakoze kumanura imvura icyo gihe. 😢 ##url##",joy,sadness,0.029,0.031,0.071,0.177,0.837,0.089
kin_test_track_a_00918,aha hantu ni inde wahaneye?,disgust,fear,0.238,0.231,0.316,0.069,0.085,0.093
kin_test_track_a_00919,cyakoza abakire mubaho neza ibaze abantu bagire ubute bwo kujya kunnya hanze bakannya munzu 🤣🤣🤣🤣 murakaze #ntimumputaze nihitiraga🏃‍♂️🏃‍♂️🏃‍♂️🏃‍♂️🏃‍♂️🏃‍♂️🏃‍♂️,surprise,none,0.249,0.048,0.03,0.081,0.42,0.072
kin_test_track_a_00920,mbere y’uwo mukino habanje kubaho igikorwa cyo kwizihiza nelson mandela nk’umwe mu bihangange bya afurika.,joy,none,0.036,0.051,0.118,0.301,0.238,0.088
kin_test_track_a_00922,hari umwana w’umukobwa yasambanyije ku gahato waje no kubitangaho ubuhamya.,sadness,sadness+surprise,0.083,0.121,0.041,0.199,0.575,0.286
kin_test_track_a_00923,@<username> @<username> gukubita umukobwa byo nta murava byagutera uri umusore. ni ugutera ingumi ikagenda muri rolanti yamugeraho ukicuza.,sadness,surprise,0.296,0.007,0.033,0.169,0.198,0.166
kin_test_track_a_00925,"mu gitero cy’abishe harimo abitwa ndiramiye boniface, mbigizembishaka jean, kanyamanza damascène, athanase, marc n’abandi.",sadness,none,0.038,0.071,0.092,0.185,0.4,0.048
kin_test_track_a_00926,"amashusho yagiye asakara agaragaza intwaro za ukraine zitwikwa n’ibisasu byo mu butaka bizwi nka ‘mine’ ndetse hari abasirikare ba ukraine baherutse gutangaza ko buri uko bigiye imbere ho metero ijana, batakaza abasirikare bane cyangwa batanu.",none,fear+sadness+surprise,0.02,0.014,0.282,0.131,0.464,0.231
kin_test_track_a_00927,kugira ngo iki kibuga kizajye cyifashishwa na nijoro cyongerewe amatara aho ubu gifite umunani agicanira.,joy,none,0.18,0.033,0.081,0.387,0.381,0.099
kin_test_track_a_00928,"impanuka yahitanye soviet w’imyaka 40 yabaye mu ma saa kumi na 20 zo ku wa gatanu tariki ya 12 gicurasi 2023 mu mujyi wa williston ho muri leta ya dakota y’amajyaruguru imwe muri leta zigize leta zunze ubumwe za amerika, ubwo imodoka yari itwawe na soviet yagongwaga n’indi maze zoze zikarenga umuhanda we agahita ahasiga ubuzima.",sadness,sadness+surprise,0.056,0.017,0.239,0.354,0.705,0.222
kin_test_track_a_00930,"n’iyo wakihisha ubutabera imyaka na nyakaka ugakomeza kubiba urwango n’ingengabitekerezo ya jenoside, amateka azabibabaza. ##url##",anger+sadness,sadness,0.357,0.014,0.117,0.274,0.632,0.028
kin_test_track_a_00931,"mukabunani christine uyobora ishyaka ps imberakuri, ritavuga rumwe n’ubutegetsi mu rwanda, ni urugero rw’ibishoboka kuko ubu amaze imyaka itanu ari umudepite mu nteko.",joy,none,0.069,0.024,0.25,0.23,0.301,0.104
kin_test_track_a_00932,umuntu wituma mubihuru yanacira mukabari,disgust,anger,0.478,0.323,0.039,0.039,0.166,0.099
kin_test_track_a_00933,##url## mbega inkuru ibabaje. umva urugendo rwanyuma rwa akeza rutiyomba elisie umwana w' imyaka 5,sadness,none,0.074,0.11,0.027,0.223,0.443,0.109
kin_test_track_a_00935,@<username> rwandan media: wa mukobwa na none yananiwe guhisha amarangamutima ye yereka amakurikira ko atwitwe😂😂,none,anger,0.55,0.012,0.022,0.076,0.111,0.112
kin_test_track_a_00936,@<username> @<username> @<username> @<username> @<username> @<username> @<username> @<username> @<username> @<username> @<username> @<username> mwakoze kandi mujonereze aho #umuturagekuisonga,joy,anger+joy,0.559,0.001,0.013,0.865,0.038,0.004
kin_test_track_a_00937,bwerekanye ko gasana yakoreshaga uburyo butandukanye akavana amafaranga yanyerejwe na kabila muri rdc akayajyana mu bigo mpuzamahanga by’imari aho miliyoni 50 z’amadolari zanyerejwe ku ikubitiro ibikorwa bikaza gukomeza nyuma.,none,surprise,0.076,0.016,0.21,0.203,0.313,0.141
kin_test_track_a_00939,iki gihe naringikeneye cyane @<username> webare kumpa umwanya nkabana namwe nishimye cyane ... uri inkotanyi cyane. #inkotanyiniubuzima ##url##,joy,joy+sadness,0.078,0.01,0.019,0.85,0.521,0.031
kin_test_track_a_00940,"@<username> kuri uru rugamba rwo kwirinda, gukangurira abandi kwirinda no kubafasha kwirinda @<username> arurimo neza kuva iki gihanya kikigera ino. #niyubahwe #ntakudohoka",anger+joy,none,0.137,0.007,0.058,0.406,0.084,0.012
kin_test_track_a_00941,"“hari uguhindura aho batuye bakagenda bimuka, hari uguhindura amadini niba yari umugatolika agahinduka umuyisilamu, cyangwa agashyiraho amatangazo ko yapfuye, imbogamizi zirahari ariko inzego z’iperereza, ubushinjacyaha ntabwo ducika intege.”",none,sadness,0.162,0.009,0.209,0.045,0.735,0.106
kin_test_track_a_00942,"nyamara itegeko rigaragaza ko urukiko rubisuzumye rugasanga ari bwo buryo bwonyine bwo gukumira icyaha cyangwa kurinda umutekano w’ukekwaho icyaha n’ibindi, ashobora gufungwa bityo bikaba bitanyuranyije n’amategeko.",none,fear+sadness,0.055,0.014,0.403,0.034,0.671,0.073
kin_test_track_a_00943,"abana bahawe umuganura ni 21 ariko abari bahamagawe bagera kuri 40, gusa abandi batinye kujya aho uyu muganura wabereye batinya ko ari amayeri yo kugira ngo bafatwe.",sadness,surprise,0.088,0.018,0.184,0.136,0.38,0.143
kin_test_track_a_00944,"umva mukoo niba uziko unywa igikoma byongeye ho uka gihorobya ,gira ushake umugabo dore urashaje 🤨🤫😂",anger,anger+surprise,0.469,0.101,0.172,0.028,0.113,0.196
kin_test_track_a_00945,"##url## amahoro kurimwese.reba inama zangombwa ,zigamije kubaka igihugu cyacu. abirirwa bakigambanira bakwiriye kubihagarika.nabasabaga nubufasha bwo fungura iyo video mukayireba.",none,sadness,0.378,0.029,0.036,0.319,0.466,0.018
kin_test_track_a_00947,"yateranye mu gihe umwuka utari mwiza hagati y’u rwanda n’umuturanyi warwo wo mu burengerazuba, repubulika iharanira demokarasi ya congo.",none,sadness,0.066,0.04,0.131,0.314,0.573,0.03
kin_test_track_a_00948,ati “namaze icyo gihe cyose nta kazi mfite.,sadness,none,0.215,0.042,0.059,0.122,0.36,0.105
kin_test_track_a_00950,@<username> nyemerera nkubere umukiliya bwa rimwe😂😂🤲,none,anger,0.659,0.015,0.008,0.062,0.073,0.1
kin_test_track_a_00953,undi mugabo ucuruza inyama yavuze ko muri iki gihe hari ubwo bataha basize inyama muri frigo umuriro ukaza kugenda ku buryo mu gitondo bazikuramo zapfuye.,sadness,sadness+surprise,0.037,0.04,0.095,0.118,0.809,0.223
kin_test_track_a_00957,yasabye ababyeyi b’abana gukomeza kubitaho babaha uburere bukwiye kuko imyaka bagezemo ari bwo bamwe batangira kurangara.,fear,sadness,0.079,0.016,0.216,0.105,0.901,0.054
kin_test_track_a_00959,"yakomeje agira ati ""hari n’abakinnyi bangiza ibikoresho baba bahawe nk’amasogisi bakayaca, wenda icyo mwavuga ni ubwoko butari bwiza akaba ari yo mpamvu bayanga, gusa ushinzwe ikipe n’ushinzwe ibikoresho bagomba kubyitaho.""",anger,none,0.341,0.006,0.132,0.045,0.374,0.065
kin_test_track_a_00960,"@<username> @<username> @<username> @<username> @<username> @<username> @<username> @<username> @<username> @<username> 😭😭 ni agahinda kubura iyi ntwari tumwifurije iruhuko ryiza, kandi twihanganishije imiryango isigaye. uwiteka abakomeze.",sadness,joy,0.317,0.001,0.021,0.795,0.306,0.004
kin_test_track_a_00961,inzira yose aba rezi bayujuje ibibyi bingana umusozi,disgust,none,0.321,0.415,0.042,0.14,0.071,0.097
kin_test_track_a_00965,"aba bagabo bavuga ko mbere y’uko bashyiraho umugoroba w’abagabo bajyanaga amafaranga y’urugo mu kabari bakayanywera, bataha umugore yabaza aho amafaranga yagiye, umugabo akabura icyo asubiza intonganya zikaba ziratangiye.",joy,sadness,0.145,0.009,0.208,0.063,0.905,0.075
kin_test_track_a_00966,ubwumvikane ku birebana no kwemera icyaha ntibubuza uwakorewe icyaha kumenya amakuru kuri dosiye y’ikurikiranacyaha no kugira uruhare mu gusobanura imikorere y’icyaha.,none,sadness,0.079,0.023,0.031,0.127,0.479,0.1
kin_test_track_a_00971,"kugeza ubu mu rwanda hamaze koherezwa abakurikiranyweho ibyaha bya jenoside 29 bafatiwe mu bihugu by’amahanga, mu gihe ababuranishirijwe hanze ari 25 ndetse umuryango w’abibumbye wemeje ko inkiko zo mu rwanda zifite ubushobozi budashidikanywaho bwo kuburanisha ibi byaha bya jenoside.",none,fear+sadness,0.038,0.009,0.277,0.118,0.866,0.053
kin_test_track_a_00972,"bamwe muri aba bana babwiye igihe ko bacirira ibibwana by’imbwa ahantu hatandukanye, byamara gusa nk’aho bikura gato bakabigurisha kugira ngo babone ibibatunga.",sadness,sadness+surprise,0.184,0.056,0.212,0.032,0.59,0.294
kin_test_track_a_00973,@<username> @<username> @<username> ariko mana ubwose ushatse kuvuga iki? mubyukuri gusa ndumiwe cyane.,sadness,anger,0.822,0.002,0.052,0.227,0.075,0.078
kin_test_track_a_00974,nyamara muve mubyo gutegereza ya pusi murebe uko mwaremera uyu mutype @<username> ##url##,sadness,none,0.309,0.004,0.052,0.447,0.082,0.019
kin_test_track_a_00976,umunyezamu kwizera oliver yatawe muri yombi na @<username> akurikiranweho gukoresha ibiyobyabwenge. @<username> @<username> @<username> @<username> .mbega igihombo disi,sadness,none,0.255,0.004,0.064,0.136,0.065,0.015
kin_test_track_a_00978,"nyuma y’ibi byabaye umugore uri mu bari begereye uyu muntu wajugunye ikinyobwa kuri cardi b, yagiye kuri polisi yo muri las vegas kurega uyu muraperikazi avuga ko na we iyi micro yajugunywe na cardi b yamwikubiseho nk’uko tmz yabitangaje.",surprise,sadness+surprise,0.037,0.017,0.17,0.097,0.871,0.169
kin_test_track_a_00979,ibi biganiro byarangiye saa tatu n’igice z’umugoroba bitanga ishusho ko bigirimana afite amahirwe yo gusinya mu ikipe y’abashinzwe umutekano nubwo nta cyemezo cya nyuma cyahise gifatwa.,none,fear,0.078,0.009,0.273,0.128,0.445,0.111
kin_test_track_a_00981,@<username> ni ikibazo nyine. atwara hanini kubera iki?? arusha iki bashiki be?,anger,anger+sadness,0.848,0.015,0.093,0.015,0.636,0.014
kin_test_track_a_00982,yavuze ko uretse gutera amabuye muri uru rugo ngo niyo ahuye n’abandi baturage bagashaka kumubuza ngo ashobora kubasagarira bagasaba ubuyobozi kwita kuri iki kibazo.,fear,sadness,0.329,0.009,0.23,0.135,0.464,0.105
kin_test_track_a_00984,"umwaka ushize urukiko rwisumbuye rwa musanze rwahamije bagiruwubusa jean nepomuscène icyaha cy’ubwicanyi, rumuhanisha igifungo cya burundu.",none,sadness,0.082,0.051,0.017,0.223,0.57,0.033
kin_test_track_a_00985,kwa kundi abakobwa bateye nabi bitera ibirungo byinshi 😭&gt;&gt;&gt;&gt;&gt;&gt;&gt;&gt;&gt;&gt;&gt;&gt; ##url##,anger,none,0.19,0.183,0.079,0.057,0.149,0.023
kin_test_track_a_00987,"mu bubatse imfatiro zubakiweho u rwanda na n’ubu zikiganje, harimo umwami mibambwe gisanura waremye uburyo buhoraho bwo kurwanya akarengane n’iyicarubozo, atanga urugero ruhanitse rwo kurwanya imitekerereze n’imigirire nk’iyo.",joy,none,0.07,0.049,0.128,0.408,0.269,0.083
kin_test_track_a_00993,"yabyutse abona inyo zitonze umurongo, naho ni imbeba zapfiriye munsi y'uburiri bwe.",disgust,none,0.209,0.357,0.05,0.099,0.205,0.052
kin_test_track_a_00994,"bishobora guterwa kandi n’uko umutsi wacitse amaraso ntagere mu mutima neza, ibizwi mu mvugo ya kiganga mu ndimi z’amahanga nka ‘myocardial infarction’.",fear+sadness,none,0.07,0.045,0.243,0.247,0.233,0.052
kin_test_track_a_00995,"abaturage bo mu bwoko bw’aba- irigwe bo mu gihugu cya nigeria, babayeho igihe kinini bagira uyu muco aho umugore yashakanaga na’abagabo barenze umwe bigafatwa nk’ibisanzwe, ariko akagira urugo rw’umugabo umwe abarizwamo ku buryo ari na we witwaga se w’abana bose uwo mugore yabyaraga n’ubwo bose bataba ari ab’uwo mugabo.",surprise,sadness,0.07,0.004,0.215,0.096,0.907,0.115
kin_test_track_a_00999,@<username> wa mugabo yatugarutsemo ndaq😂😂😂😂😂😂😂😂😂😂😂😂😂😂😂😂😂 ##url##,surprise,anger,0.726,0.016,0.014,0.035,0.07,0.098
kin_test_track_a_01000,"ati “turashaka gutera imbere, turashaka uburumbuke, abaturage bazamura ibyo binjiza, imibereho igahinduka kugira ngo tugire urwego tugeraho mu gihe runaka”.",joy,fear,0.367,0.009,0.464,0.063,0.167,0.02
kin_test_track_a_01001,"yongeyeho n’ingaruka zitaboneshwa amaso nk’izaterwa n’ibyo yarebye cyangwa yasomye byamwangiza mu mutwe, gutangira kuba atigirira icyizere, kugabanuka k’ubushobozi bwo kwitekerereza no kwishakamo ibisubizo cyane bikaba bifite ingaruka zihariye zo kuba yatakaza ubushobozi bwo gukurikira mw’ishuri, umwana atakaza ubushake bwo kubana n’abandi muri rusange, ntabasha gutandukanya ibyo abona ku mashusho n’imibereho yo mu buzima bwe busanzwe n‘ibindi byatuma ejo he hazaza haba habi cyane.",fear+sadness,fear,0.047,0.013,0.507,0.23,0.393,0.042
kin_test_track_a_01002,noneho uburyo asoma isosi imeneka muri ibyo binwete bye nibyo bintera kubura aho nkwoirwa.,disgust,anger+disgust,0.468,0.495,0.067,0.066,0.148,0.034
kin_test_track_a_01004,"minisitiri w’ubutegetsi bw’igihugu, musabyimana jean claude aherutse kuvuga ko igenzura ryakozwe mu nzego no mu duce aba bayobozi bayoboraga, ryagaragaje ibibazo bitandukanye kandi bikomeye bishingiye ku dutsiko bari barubatse.",sadness,joy,0.067,0.01,0.12,0.625,0.22,0.051
kin_test_track_a_01005,kubufatanye ninzego zibanze ndetse ni z'ubuzima uyu munsi twakurikiranye igikorwa cyo gutanga urukingo rwa #covid19 mubigonderabuzima bya @<username> @<username> @<username> @<username> @<username> @<username> ##url##,none,joy,0.064,0.001,0.027,0.946,0.05,0.011
kin_test_track_a_01007,dukurikije uburyo abana bakoze ahubwo twatunguwe.,surprise,none,0.164,0.115,0.072,0.397,0.178,0.107
kin_test_track_a_01008,ati “bigaragara ko inganda z’itunganya zikanatubura imbuto zazamutse.,joy,none,0.184,0.039,0.259,0.176,0.314,0.061
kin_test_track_a_01009,"kristo yazanywe no kugira ngo tubone ubugingo. nubwo waba warasubiye inyuma; mugarukire! •luka 12:32 @<username> kigali, rwanda ##url##",none,joy,0.129,0.014,0.087,0.519,0.087,0.037
kin_test_track_a_01011,uyu mukobwa yahise ahabwa imodoka ya mercedes benz ifite agaciro ka miliyoni 30 tzsh ndetse na miliyoni 10 tzsh nk’amafaranga azamufasha gushyira mu bikorwa umushinga we.,joy,surprise,0.043,0.014,0.032,0.153,0.264,0.358
kin_test_track_a_01013,"yatanze ikizamini agira ati “musa yinjiye mu rusengero nta nkweto yambaye , kora intero utangije ijambo inkweto…”",none,surprise,0.345,0.02,0.04,0.107,0.385,0.416
kin_test_track_a_01015,"umuyobozi mukuru w’ishami rya ejo heza mu kigo cy’igihugu cy’ubwiteganyirize (rssb), gatera augustin, yatangaje ko uyu mwaka wajemo imbogamizi zatumye intego yari yashyizweho itagerwaho 100%.",sadness,joy,0.021,0.017,0.183,0.561,0.23,0.079
kin_test_track_a_01017,polisi y’ako gace byabereyemo yatangaje ko mukisa yishwe ubwo yari atashye ageze mu rugo rwe.,sadness,fear+sadness+surprise,0.042,0.065,0.408,0.055,0.83,0.152
kin_test_track_a_01018,"umuyobozi wungirije w’umujyi wa kigali ushinzwe imiturire n’ibikorwaremezo, dr merard mpabwanamaguru, yabwiye igihe, ko bari gusenya kiosque zagiye zishyirwa iruhande rw’inyubako nziza kuko zituma imiryango imwe n’imwe yazo n’inzira bidakoreshwa.",sadness,joy,0.056,0.014,0.255,0.481,0.356,0.036
kin_test_track_a_01020,izi nkweto zirashaka 10k zombi inbox dore nabuze aho nzishyira kdi inzara niyose ##url##,sadness,anger,0.406,0.05,0.047,0.261,0.31,0.024
kin_test_track_a_01021,"biba bigoye kwakira ubwo buzima, bigahumira ku mirari noneho iyo wabujijwe uburenganzira bwo kuba mu gihugu cyawe, ku bw’amaherere n’inyungu za bamwe, zishingira ku mpamvu zidafututse, nk’ururimi uvuga, ubwoko n’ibindi boshye ko hari ugena uko avuka.",sadness,fear+sadness,0.216,0.021,0.338,0.108,0.527,0.048
kin_test_track_a_01022,"ati “inzu yacu yaraguye mu gihe cy’ibiza, bingiraho ingaruka cyane kuko nitegura gukora ikizamini cya leta.",sadness,fear+sadness+surprise,0.039,0.008,0.325,0.19,0.648,0.221
kin_test_track_a_01024,"umunyamabanga nshingwabikorwa w’umurenge wa nyamirambo, uwera claudine, yemeza ko muri aka gace hagaragara inzoga zitujuje ubuziranenge ariko hashyirwaho ingamba zo kuzihashya.",fear,sadness,0.076,0.022,0.25,0.202,0.507,0.052
kin_test_track_a_01025,bati “by’umwihariko abagurishwaga babaga ari abakozi bo mu rugo n’abandi babaga bafashwe mu minyago […] n’abana babaga baturuka mu miryango ikennye mu gihe cy’inzara”.,sadness,sadness+surprise,0.059,0.012,0.032,0.087,0.827,0.143
kin_test_track_a_01026,ni urukingo rushobora gutangwa rukaba rwafasha mu buzima bw’umushwi bwose.”,joy,none,0.099,0.027,0.236,0.3,0.158,0.053
kin_test_track_a_01027,@<username> @<username> batamufite baba bari mu bipondo,none,anger,0.415,0.001,0.017,0.118,0.275,0.007
kin_test_track_a_01029,umuraguzi w'umutwe yaramumpebeje iyeeee!!! ariko ubanza bidasaba kuraguza ahubwo ibyaha akora n'umwana arabibona @<username> @<username> mwite ku gusaba kw'abanyarwanda🙏🙏🙏 ##url##,anger,anger+joy,0.513,0.003,0.037,0.68,0.077,0.022
kin_test_track_a_01030,kare nanyuze kumubyeyi kuri t2000 aravuga ngo mbega indaya nihumurije parfe niteye niba uhumura indaya biranshanga,sadness,none,0.296,0.091,0.101,0.056,0.391,0.116
kin_test_track_a_01031,– ifoto ya gitwaza ari kumwe n’abana yavugishije benshi,surprise,none,0.026,0.059,0.021,0.11,0.435,0.113
kin_test_track_a_01032,ndashaka guhemba aba follows 200+ bambere✨ twagiye uko ukora follow usige number ya momo muri comment 😍 twagiye @<username> 🙈🙈🙈,none,anger,0.414,0.038,0.035,0.177,0.052,0.088
kin_test_track_a_01034,hari n’ubwo ubikorerwa ukabura ibimeyetso ntube watanga ikibazo ariko ukaba watanga ubuhamya bukangura abandi.,sadness,none,0.146,0.101,0.208,0.025,0.28,0.095
kin_test_track_a_01035,"ibyo byose babizi neza, ntibisaba ubwenge bwinshi kumva ko guverinoma iyo ari yo yose izirikana inshingano zayo, ituranye n’ahantu hari umutekano muke kandi hari icyuho cy’imiyoborere, huzuye imitwe yitwaje intwaro, irimo n’umwe wiyemeje kwica abaturage bayo, ifite inshingano, ikoresheje uburyo mpuzamahanga, zo kurinda umutekano w’abaturage, by’umwihariko mu gihe iyo mitwe yitwaje intwaro ifashwa byeruye n’ingabo za leta.",none,fear,0.053,0.016,0.451,0.182,0.367,0.07
kin_test_track_a_01036,mu mana biremera wanjye ngaho niba utari umupagani shima imana kandi utagenda utagize icyo uvuga urakoze nyagasani amen🙏🙏🙏 ##url##,none,joy,0.126,0.047,0.013,0.824,0.156,0.033
kin_test_track_a_01037,"yavuze ko nibura mu kwezi kuri ubu ibimene by’ibirahure byo mu mujyi wa nyamata hafi ya hose abikusanya, akabibakiza nk’umwanda.",joy,fear+sadness,0.03,0.046,0.27,0.316,0.83,0.098
kin_test_track_a_01040,@<username> ubundi umujura nyawe iyo abuze icyo yiba ashaka na po umwana yitumyemo,none,anger,0.704,0.049,0.019,0.089,0.21,0.015
kin_test_track_a_01041,ngo yakomeje gukora muri urwo rugo ariko nyuma aza kuhava yerekeza i nyanza ari na bwo abana bato bo muri rwa rugo yakoragamo baje kubwira ababyeyi ko bigeze kubona afite uruhinja mu cyumba cye.,surprise,sadness+surprise,0.042,0.009,0.182,0.07,0.787,0.174
kin_test_track_a_01042,"ibyo iyo bije turunguka nk’igihugu, tukagira amabanki akora kinyamwuga.”",joy,none,0.225,0.162,0.161,0.115,0.067,0.056
kin_test_track_a_01044,"iyo abihamijwe n’urukiko, ahanishwa igifungo kitari munsi y’imyaka irindwi ariko kitarenze imyaka icumi n’ihazabu y’amafaranga y’u rwanda yikubye inshuro kuva kuri eshatu kugeza kuri eshanu z’agaciro k’umutungo adashobora kugaragaza aho yawubonye mu buryo bwemewe n’amategeko.",none,joy,0.043,0.011,0.138,0.732,0.203,0.036
kin_test_track_a_01047,"naho mu babikoresha bose, hafi kimwe cya kabiri baba barwaye hépatite c, miliyoni 1.4 baba bafite agakoko gatera sida, mu gihe miliyoni 1.2 baba bafite izo ndwara zombi.",fear+sadness,sadness,0.099,0.011,0.169,0.061,0.558,0.071
kin_test_track_a_01049,uwambajimana valentine ukurikiranyweho gucuruza ibiyobyabwenge nyuma yo gufatanwa udupfunyika 889 tw’urumogi we aramutse ahamijwe iki cyaha n’urukiko yahanwa n’ingingo ya 11 y’itegeko nimero 69/2019 ryo ku wa 08 ugushyingo 2019 rihindura itegeko nimero 68/2018 ryo ku wa 30 kanama 2018 riteganya ibyaha n’ibihano muri rusange.,sadness,none,0.055,0.021,0.068,0.112,0.202,0.091
kin_test_track_a_01052,munyakazi avuga ko hakenewe ingamba zikomeye kugira ngo ikibazo cy’ibirayi kibashe gukemuka burundu.,none,fear+sadness,0.061,0.023,0.523,0.036,0.628,0.045
kin_test_track_a_01054,"iki kigo cyasozanyije abana 102 mu y’inshuke bagiye mu abanza, usibye babiri bahuye n’uburwayi butuma badakomeza.",joy+sadness,sadness,0.05,0.043,0.05,0.447,0.681,0.023
kin_test_track_a_01055,urunuka n’urwawe wa mabyi we.,anger+disgust,disgust,0.063,0.912,0.027,0.076,0.383,0.029
kin_test_track_a_01056,"imana ikomeze abasigaye b’umuryango we, abo basenganaga, urubyiruko n’abandi bose ubutumwa bwe bwafashije.",sadness,none,0.043,0.037,0.066,0.457,0.356,0.034
kin_test_track_a_01058,yaravuze ngo uzagitange si icyawe wagihawe n'imana 😁 ##url##,none,anger,0.434,0.026,0.038,0.224,0.083,0.08
kin_test_track_a_01059,abakunzi ba ruhago bagiye kwica inyoni ebyiri n’ibuye rimwe,joy,none,0.081,0.165,0.052,0.162,0.337,0.102
kin_test_track_a_01062,@<username> ibyo uvuze nukuri kuzuye 🙏🙏 #ripmagufuli nyagasani akwiyereke iteka 😭😭💔💔💔 ##url##,sadness,none,0.348,0.032,0.029,0.405,0.212,0.026
kin_test_track_a_01063,"yari kumwe n’umuyobozi w’urugaga rw’abahinzi-borozi, imbaraga, munyakazi jean paul, umuyobozi ushinzwe ubugenzuzi mu kigo gishinzwe ubugenzuzi, ihiganwa mu bucuruzi no kurengera umuguzi, niragire ildephonse n’umuhinzi, kantesi odette.",none,joy,0.043,0.021,0.037,0.567,0.398,0.049
kin_test_track_a_01064,"twabanye nabo, bambwira ko akazi ngomba gukora ako ako gutara amakuru nkayababwira.’’",none,surprise,0.118,0.031,0.232,0.045,0.212,0.212
kin_test_track_a_01065,@<username> cyane p uwaduha natwe tukabyigobotora byokanyagwa ikibazo nuko tubirimo amadeni menshi ariko tuyabyishyuye twabirindagiza byokarindagira kumusozi,anger,none,0.251,0.029,0.046,0.154,0.167,0.07
kin_test_track_a_01066,"umuryango uhuza ibihugu byo mu burengerazuba bwa afurika, cedeao uherutse kugaragaza ko ibiganiro bya dipolomasi bisakunze ushobora kohereza ingabo zawo muri niger gusubiza ku butegetsi perezida mohamed bazoum.",none,fear,0.354,0.012,0.446,0.223,0.076,0.051
kin_test_track_a_01067,@<username> 😉🙄 basi waba uzi ko kimwe mu bintu ntajya nkora ari ukubeshya?😊🙆 basi bimenye ubu..,none,anger,0.604,0.017,0.064,0.048,0.33,0.045
kin_test_track_a_01068,"hari amakuru avuga ko bijoux yambitswe iyi mpeta atunguwe bityo akanga gusebya uyu musore bari basanzwe baziranye ariko bitaragera ku rwego rwo kubana, uyu mukobwa nyuma yo kuyambikwa yagerageje gukundana na abijuru bya nyabyo biza kwanga.",sadness,fear+sadness+surprise,0.027,0.007,0.266,0.165,0.549,0.282
kin_test_track_a_01069,"yavuze ko bemeye gusubira inyuma kubera ko bashaka amahoro, ariko mu gihe ibyo byabaga, abasivili basigaye inyuma bakomeje kwicwa.",sadness,fear+sadness,0.184,0.017,0.39,0.064,0.89,0.023
kin_test_track_a_01072,@<username> @<username> @<username> @<username> @<username> @<username> @<username> birashoboka se ?gusa ikibazo cyo kirahari ariko niba bigeze aha?turakomerewe,fear+sadness,anger,0.821,0.0,0.119,0.043,0.108,0.007
kin_test_track_a_01074,"ni ikimenyetso cy’uko ubutabera bwatsinze umuco wo kudahana ubugome, ubumwe bwatsinze amacakubiri, ugukunda igihugu byatsinze urwango.",joy,anger,0.504,0.056,0.099,0.312,0.129,0.048
kin_test_track_a_01075,@<username> mwakoze kumfasha ubundi iyo ahawe service nziza nawe arushaho kwiyumvamo product/service bya company 🙏🙏 ##url##,joy,anger+joy,0.551,0.021,0.009,0.911,0.03,0.009
kin_test_track_a_01078,ubuzima bwarakomeye kugezaho umuntu atinya kurya amafaranga yo kurya 😢 ##url##,sadness,none,0.288,0.216,0.045,0.25,0.233,0.029
kin_test_track_a_01079,@<username> erega ntago amafaranga ari yo atwara zilige mwana 🤣🤣🤣🤣🤣 n'ubwo bagura n'ibivejuru gutwara champions league byo bibari kure,none,anger+surprise,0.71,0.014,0.084,0.032,0.121,0.181
kin_test_track_a_01081,uyu muyobozi yakomeje avuga ko inzego z’ibanze zari zaregereye uyu muryango zibagira inama yo kuboneza urubyaro umugore ngo ajya no kwa muganga bamushyiramo agapira ariko ngo nyuma y’ukwezi yahise agakuramo afatanyije n’umugabo we.,none,sadness+surprise,0.106,0.008,0.147,0.088,0.844,0.155
kin_test_track_a_01083,"bahere ku bifi binini kuko ni nabo banyirabayazana.""",anger,sadness,0.379,0.024,0.067,0.081,0.707,0.074
kin_test_track_a_01084,@<username> @<username> @<username> hari ubwo abantu bihererana utwana nyamara!,sadness,anger,0.546,0.009,0.121,0.121,0.103,0.014
kin_test_track_a_01085,ufite ubwisungane mu kwivuza #musa nturembera mu rugo #musa save life @<username> @<username> @<username> @<username> @<username> @<username> @<username> ##url##,none,anger,0.598,0.001,0.029,0.431,0.054,0.003
kin_test_track_a_01087,aba bombi bari bagiye gukora impanuka nyuma yo kwirukankanwa muri uyu mujyi n’abanyamakuru bashakaga kubafotora.,sadness,surprise,0.034,0.028,0.154,0.037,0.368,0.431
kin_test_track_a_01088,@<username> iyo watangiye kwibaza ibibazo nkibyo kaba kabaye ndakurahiye bagusabire ahubwo nibura uyu mwaka ntugusige,fear,anger,0.608,0.031,0.068,0.047,0.181,0.058
kin_test_track_a_01089,ugasanga umunsi umwe ubonye bonus yo kujya muri hotel/motel uragiye urayizenguritse wifotoza nkaho ari wowe boss waho wisubireho,anger,none,0.188,0.083,0.017,0.142,0.115,0.134
kin_test_track_a_01091,ibi ntibivuze ko abakunzi ba apr fc bagiye kuryoherwa n’ibyo mvuze?,none,surprise,0.251,0.163,0.084,0.1,0.171,0.421
kin_test_track_a_01092,"ibibazo byatewe n’ubukoloni, ibyatewe na apartheid n’ibindi, byagarutsweho, humvikanishwa ko u burusiya nta ruhare na ruto rwabigizemo, ko ahubwo abanyaburayi na amerika batsikamiye afurika.",none,fear+sadness,0.13,0.016,0.269,0.04,0.657,0.023
kin_test_track_a_01093,"kanseri ni indwara yiyongera umunsi ku wundi ku isi ku buryo nko mu 2020 hatahuwe abagera kuri miliyoni 18 basanzwemo iyi ndwara bwa mbere, mu gihe muri amerika honyine abagera kuri miliyoni ebyiri bayisanzwemo bwa mbere.",fear,surprise,0.016,0.015,0.18,0.231,0.234,0.354
kin_test_track_a_01094,"yvan muziki yamurikiye abakunzi b’umuziki we indirimbo yise ‘ihora ihagaze’ igaragaramo abakinnyi ba sinema nyarwanda batandukanye barimo clapton kibonke, nyambo jessica, killerman na dj pius.",joy,surprise,0.018,0.021,0.079,0.354,0.254,0.305
kin_test_track_a_01096,"mukuru w’uyu mugabo wishe se we yagize ati “umwana yaje kutubwira ngo dutabare umusaza ari kumuniga nibwo nahageze nsanga abaturage bahuruye ari benshi, nibwo nasanze murumuna wanjye yikingiranye yanze gusohoka noneho ntangira kurwana no kugira ngo adacika ku buryo nabonye ko muzehe yapfuye nyuma.”",sadness,sadness+surprise,0.06,0.006,0.132,0.149,0.921,0.172
kin_test_track_a_01099,"bitewe n’uko aba bari bamaze igihe gito batandukanye, byabaye inkuru kuba bahuriye mu mashusho y’indirimbo y’urukundo bituma inkuru yayo yihuta cyane.",surprise,sadness,0.025,0.057,0.086,0.216,0.495,0.092
kin_test_track_a_01101,ukumva umuntu ngo yanga u #rwanda burya nuko ataba azi ibyiza birutatse hamwe na #beza barutuye miss #muheto miss 2022 ##url##,none,joy+surprise,0.144,0.042,0.06,0.585,0.15,0.148
kin_test_track_a_01106,#mi_vow by @<username> ariko still gahunda ni #ntakudohoka. views ni ubusa shaaaa! 🙄🤤 @<username> @<username> @<username> @<username> @<username> @<username> @<username> @<username>,none,anger,0.784,0.001,0.016,0.398,0.024,0.01
kin_test_track_a_01107,"@<username> kizz daniel se ko afungiwe mubaturanyi , ubwo umuntu wafunzwe uyu munsi azaba ari tayari in 5 days ?",fear,anger,0.432,0.007,0.056,0.091,0.173,0.085
kin_test_track_a_01108,"ariko imashini yahitaga itubwira iti nsanze igifitanye isano na byo ari abakaraba intoki ntabwo ari agapfukamunwa, noneho rbc igahita ijyana ingamba iti nyabuneka nimukarabe intoki.”",anger,sadness,0.184,0.053,0.158,0.064,0.493,0.116
kin_test_track_a_01109,"@<username> @<username> ni psychological abnormal shifting y,ibibazo byawe ku bandi uzacunge @<username> na @<username> ako kantu barakagira ko guhora bumva banzwe",sadness,anger,0.475,0.003,0.114,0.289,0.08,0.017
kin_test_track_a_01110,pasteur. ntimukanywe inzoga dore nabanzi banyu yesu ati nimukunde abanzi banyu. nonese ngewe ndinde wokutumvira yesu..nibaribyo nyihera like 🕵🕵,none,anger,0.415,0.051,0.08,0.032,0.303,0.085
kin_test_track_a_01111,abajyanama b’ubuzima baganirijwe ku budasa mu guhangana na covid-19 ndetse n’uruhare rwabo muri ubu bukangurambaga #operationcovidfree #sindohoka @<username> @<username> ##url## ##url##,none,joy,0.055,0.002,0.009,0.839,0.242,0.027
kin_test_track_a_01113,iyi nama kandi izanaganira ku kibazo cy’amahanga akomeza kwivanga mu bibazo bya afurika bigatuma n’ingamba zifashwe n’abanyafurika zitagerwaho kuko haba hari abantu bari inyuma basunika mu nyungu zabo..,anger,sadness,0.091,0.02,0.114,0.293,0.632,0.05
kin_test_track_a_01115,niba wibuka neza mu myaka irindwi ishize mu karere ka kayonza hakunze kuvugwa abaturage benshi basuhutse kubera amapfa.,sadness,none,0.036,0.053,0.059,0.239,0.422,0.017
kin_test_track_a_01117,ninge mu jeunes umeze neza👍 munsi yubutayu bwa sahara😂🤣🤣🤣,joy,none,0.203,0.034,0.018,0.101,0.059,0.096
kin_test_track_a_01119,"mu gihe trump anenga biden, inzego z’ubutabera zikomeje gukurikirana uwo wahoze ari perezida ku byaha birimo uburyo yafashe nabi inyandiko zirimo amabanga ya leta n’ibindi byaha bishobora gusiga afunzwe imyaka n’imyaka muri gereza.",fear,fear+sadness+surprise,0.026,0.019,0.367,0.15,0.749,0.201
kin_test_track_a_01121,"ugereranyije n’ubwiyongere bw’abaturage, abashora imari mu kubaka inzu ziciriritse n’iz’ubucuruzi baba bake.",fear,none,0.079,0.033,0.115,0.171,0.408,0.026
kin_test_track_a_01123,@<username> @<username> ntago ari bubisome wikwirushya bro 😂,none,anger,0.745,0.005,0.017,0.071,0.046,0.033
kin_test_track_a_01124,imyenda ye yose yabaye ibibore. uramwegera ukajya guhera umwuka.,disgust,none,0.065,0.395,0.057,0.124,0.35,0.083
kin_test_track_a_01125,"ibaruwa kaminuza y’u rwanda yanyujije ku rubuga rwayo rwa twitter yashyizweho umukono n’umuyobozi mukuru wayo, dr didas kayihura muganga, ivuga ko aba banyeshuri bimuwe ku mpamvu z’uko ari ryo shuri ribarizwa muri cbe ryari risigaye ryonyine i nyagatare.",none,surprise,0.065,0.021,0.143,0.299,0.269,0.184
kin_test_track_a_01127,"bro ushobora kwiyahura ugapfa, ex wawe akaza kugushyingura ari kumwe na boyfriend we mushyashya😒 njye bimaze kumbaho kabiri😭😭. @<username> 💋💋",sadness,none,0.15,0.009,0.1,0.086,0.376,0.07
kin_test_track_a_01128,"ati “duhura na bpn twari dufite abakozi batandatu bahoraho ariko ubu tugeze kuri 20 bahoraho kandi haba no mu micururize ubona ko ikigo cyacu cyazamutse, batwigishije ko ikigo tutagishinze ku bwacu ahubwo ari ku bw’umukiliya.",joy,joy+sadness,0.055,0.005,0.206,0.526,0.489,0.083
kin_test_track_a_01129,"@<username> umubyeyi: eeee uratangiye, ubwo bagiye kugutera inda,bla bla... 😂",anger,none,0.381,0.014,0.034,0.19,0.263,0.077
kin_test_track_a_01130,"imana yumve amasengesho yawe, kandi utangire kubona ibyo wasengeye. umunsi mwiza.",none,joy,0.216,0.093,0.04,0.603,0.049,0.034
kin_test_track_a_01131,bavuga ko ibi bibagiraho ingaruka kuko bahora barwaye indwara zitandukanye zirimo inzoka n’ibicurane bya buri gihe baboneraho gusaba ubuyobozi kubafasha kugira ngo na bo babone amazi meza.,sadness,fear+sadness,0.095,0.017,0.527,0.043,0.604,0.093
kin_test_track_a_01134,"ku mpungenge zigaragarizwa abantu bafite ubumuga bw’uruhu ko ari bake hakaba hatanazwi neza umubare wabo bigatuma ibigo nderabuzima bidatumiza ayo mavuta kuri farumasi z’akarere, ndayisaba yavuze ko byakabaye binatumiza make ariko uyakeneye yahagera ntayabure.",sadness,fear+sadness,0.026,0.012,0.626,0.091,0.691,0.026
kin_test_track_a_01135,@<username> @<username> eeeh imana izagutwika ku munsi w'imperuka pe,none,joy,0.163,0.003,0.031,0.727,0.091,0.019
kin_test_track_a_01136,mf iziko yasibye ep ya @<username> kuri youtube nizibeshye go ikadagire muri kkblock😤😤 #seriously #rwanda,sadness,none,0.335,0.022,0.034,0.418,0.065,0.053
kin_test_track_a_01138,izi zo urebye nabi zanakurya da! ##url##,fear,none,0.265,0.276,0.042,0.17,0.084,0.009
kin_test_track_a_01140,@<username> @<username> oya ntaribi wazanigaragabya nitujya gutoza mu nteko itegeko riturengera,anger,none,0.326,0.005,0.06,0.123,0.207,0.009
kin_test_track_a_01141,nyagasani mana wakwisubije ibitsina waduhaye ko bikomeje kuduteza ibibazo koko.,none,sadness,0.136,0.078,0.175,0.251,0.455,0.07
kin_test_track_a_01142,kugira icyo ugeraho nugukora cyane rubyiruko dukore buri kimwe nibwo tuzatera imbere. ##url##,none,joy,0.113,0.012,0.056,0.764,0.053,0.015
kin_test_track_a_01143,"umuvugizi wa polisi mu ntara y’iburengerazuba, sp bonaventure twizere karekezi, yavuze ko kugira ngo bafatwe byaturutse ku makuru yatanzwe n’abaturage.",joy,sadness,0.09,0.015,0.242,0.117,0.697,0.062
kin_test_track_a_01144,"ramjaane joshua yatanze urugero rw’ibyo yakijijwe, birimo kunywa itabi n’urumogi yanywaga yahishe abo mu rugo iwabo.",joy,sadness,0.068,0.132,0.074,0.239,0.489,0.08
kin_test_track_a_01145,"umuyobozi mukuru wa airtel rwanda, emmanuel hamez, yavuze ko mu myaka mike iri imbere nta telefoni zikoresha sim card zifatika (physical sim cards) zizaba zigisohoka, asaba abaturage gutangira kwimenyereza izi z’ikoranabuhanga.",none,joy,0.043,0.009,0.246,0.833,0.188,0.056
kin_test_track_a_01146,bamwe bahise bibaza impamvu umuntu ashobora kurega leta ndetse n’icyo bisaba ngo umuturage abe yarega leta.,fear,fear+surprise,0.21,0.032,0.402,0.031,0.238,0.414
kin_test_track_a_01147,@<username> izuba ryamanutse! wihangane nugutera agatebe muri douche ariko bitari ukoga ahubwo kwibobeza just!,none,anger,0.833,0.016,0.052,0.156,0.082,0.057
kin_test_track_a_01148,"@<username> @<username> umusaza ninawe waduhaga show kera mu muziki akazana ibyamamare, bivuzeko za gishuti z'amavubi zajya ziba zikaze.",joy,none,0.326,0.01,0.028,0.353,0.068,0.028
kin_test_track_a_01150,@<username> hoya bihinduye isura babajyane kuri stade amahoro tubatore tunabareba dii bari kutuyobya wna @<username> @<username> @<username>,anger,joy,0.338,0.003,0.035,0.509,0.128,0.011
kin_test_track_a_01151,aha uyu musore yanafashwe amafoto yambaye ubusa.,sadness,surprise,0.094,0.09,0.022,0.101,0.389,0.445
kin_test_track_a_01152,"impala imaze gucikamo ibice bibiri, bose bahise bacika intege kuko indirimbo bahimbye muri icyo gihe zitakunzwe, bikaza gutuma n’ubundi bahagarika umuziki burundu.",sadness,none,0.083,0.03,0.092,0.196,0.413,0.089
kin_test_track_a_01153,yakomeje agira ati “ni icyorezo gituma umwuga wacu uta agaciro n’ubutabera bugata agaciro ku buryo ari ikintu gikwiye kurwanywa twivuye inyuma kand dufatanyije n’abo dufatanyije mu rwego rw’ubutabera bikaba byagabanyuka uko bishoboka byose.”,sadness,fear+sadness,0.192,0.01,0.367,0.376,0.574,0.067
kin_test_track_a_01156,@<username> ndashaka kuzareba umuntu uha ruswa ngo ujue mu ijuru 😂😂😂😂😂😂,none,anger,0.928,0.009,0.043,0.018,0.047,0.085
kin_test_track_a_01157,@<username> sha nukuri urugero rwiza niwoe ark baba bavuga ukuri,none,anger,0.434,0.009,0.059,0.143,0.377,0.017
kin_test_track_a_01158,"visi perezida wa ibuka mu karere ka nyarugenge, nduwawe denyse, yasabye abafite amakuru y’abishwe bakajugunywa muri nyabarongo kuyatanga.",anger+sadness,sadness,0.013,0.027,0.115,0.189,0.762,0.129
kin_test_track_a_01160,ngayo nguko dore iyo bavuze ko bibujijwe kunywa inzoga utwaye cg ugatwara whatever nuko bibujijwe gusa ##url##,none,anger,0.512,0.071,0.19,0.129,0.223,0.071
kin_test_track_a_01163,"ni ubushakashatsi prof. paul dawson yakoze ari kumwe n’itsinda ry’abanyeshyuri yigishaga, ashaka kubereka ko ari ngombwa gutekereza byimbitse ku buziranenge bw’ibiribwa, aho bwagaragaje ko guhuha iyo buji byongera bagiteri ku mutsima, ku kigero cya 1400%.",fear,fear+sadness,0.158,0.004,0.299,0.314,0.614,0.054
kin_test_track_a_01166,umusa reka dushake ama frw kuko ibyo indaya y'umusaza rukukuri inkoreye muri bar nagahuma munywa😭😭😭 ##url##,anger+sadness,anger,0.581,0.033,0.048,0.084,0.363,0.056
kin_test_track_a_01167,ni inyito ikura ibirari byayo ahasaga mu wa 1120.,none,sadness,0.072,0.274,0.113,0.089,0.481,0.077
kin_test_track_a_01172,iyo bavuze ishyano wumva iki?,none,anger,0.937,0.11,0.105,0.043,0.096,0.048
kin_test_track_a_01173,"ku rundi ruhande, mbirizi eric yari hasi ndetse ntiyagize umwaka ushize mwiza, ku buryo bigoye kumwitegaho byinshi kuri iyi nshuro nubwo abakinnyi bari gusoza amasezerano bamera nk’abiyuburuye.",sadness,joy,0.012,0.013,0.064,0.781,0.212,0.098
kin_test_track_a_01174,🤧😭 noneho ndabyemeye ko inyanazimbwa zibaho @<username> was right … umugabo bamufashe ari gusambana umugore we bamubaze kwa muganga yabyaye 🤧🚮🚮🚮🚮🚮🚮,anger,sadness,0.375,0.013,0.069,0.038,0.738,0.109
kin_test_track_a_01177,"ubundi aya masezerano yemejwe n’inama y’abakuru b’ibihugu n’aba za guverinoma z’ibihugu bigize umuryango w’ubumwe bwa afurika, yateraniye i maputo muri mozambique ku wa 11 nyakanga 2003 yemezwa burundu n’iteka rya perezida nimero 11/1/ ryo ku wa 24 kamena 2004.",none,sadness,0.101,0.019,0.084,0.124,0.557,0.079
kin_test_track_a_01179,umva nubwo inzonzi zibeshya ariko haribyo zitakwereka wari warota umukobwa yaguhaye amafaranga mbajije abasore?,none,anger+surprise,0.507,0.038,0.108,0.048,0.357,0.272
kin_test_track_a_01183,etienne naramubwiye ngo ntazane umugore yanga kunyumva murashaka ko azakora divorce mwabarezi mwe? ##url##,anger,anger+surprise,0.675,0.011,0.068,0.023,0.204,0.141
kin_test_track_a_01185,ese kuki abakozi bo murugo bakunda kwirukanwa cyane iyo hamwe mugace bakomokamo hashyizwe muri guma mukarere ? @<username> @<username>,sadness,surprise,0.335,0.007,0.01,0.308,0.041,0.177
kin_test_track_a_01186,@<username> @<username> @<username> 😜😜😜😜abeza bose baba batutuka bigogwe erega nawe urabizi,none,anger,0.489,0.011,0.011,0.396,0.109,0.007
kin_test_track_a_01187,urugero rwa hafi ni uko uyu musore ari we wanafashe amashusho n’amafoto y’igitaramo davido aherutse gukorera i boston.,none,surprise,0.025,0.053,0.028,0.354,0.446,0.273
kin_test_track_a_01188,@<username> @<username> @<username> @<username> @<username> @<username> @<username> nuko nuko wamfura we🙏,joy,anger+joy,0.586,0.001,0.009,0.705,0.031,0.004
kin_test_track_a_01189,iyi ngingo yakunze kutavugwaho rumwe mu bihe bitandukanye ku buryo hari n’abayobozi bo mu nzego za leta bagaragaza ko inkwano iri mu bituma umusore n’umukobwa iyo bamaze kurushinga babaho nabi kubera kumarira amafaranga menshi mu bukwe hakiyongeraho n’inkwano iremereye iba yatanzwe.,sadness,sadness+surprise,0.116,0.016,0.154,0.067,0.668,0.27
kin_test_track_a_01190,"minisitiri w’imari, janet yellen, yagiriye uruzinduko mu bushinwa nyuma y’iminsi mike, mugenzi we ushinzwe ububanyi n’amahanga muri amerika, anthony blinken avuye muri iki gihugu mu ruzinduko rwasize anagiranye ibiganiro na perezida xi jinping.",none,surprise,0.087,0.013,0.068,0.195,0.327,0.265
kin_test_track_a_01191,"iki kinyamakuru kigaragaza ko iyi ndwara yibasira ab’igitsina gore kurusha ab’igitsina gabo nubwo nta mpamvu yabyo izwi, ariko ngo abashakashatsi bagaragaje ko bishoboka ko imisemburo ya estrogen na progesterone ingana mu mibiri yabo ariko igakora mu buryo butandukanye ibigiramo uruhare.",sadness,fear+sadness,0.048,0.007,0.725,0.066,0.569,0.137
kin_test_track_a_01193,icyakora mu myaka yo hambere umuntu yashoboraga kumara iminsi runaka adakoresheje ibi bikoresho dore ko byari bizwi na bake abo twitaga ko bakandagiye mu ishuri.,none,fear,0.041,0.018,0.312,0.165,0.414,0.058
kin_test_track_a_01195,@<username> @<username> @<username> @<username> @<username> @<username> @<username> @<username> @<username> @<username> @<username> mwakoze cyane gatsibo leaders rwose ibi bizatumwa abaturage batagerwaho n'inzara.,joy,anger+joy,0.528,0.001,0.02,0.9,0.108,0.004
kin_test_track_a_01196,"umwe mu babyeyi bafite abana bakina karate, karamba jean claude, yavuze ko uyu mukino wafashije cyane abana be babiri bawurimo, asaba n’abandi babyeyi kujya baha umwanya abana babo bakagira imikino bitabira.",joy,joy+sadness,0.025,0.009,0.06,0.592,0.904,0.043
kin_test_track_a_01197,"yageze n’aho atanga nimero ya telefoni ye, ariko inshuro nyinshi yabwiwe ko yataha mu rwanda akaba ariho afashirizwa, yashwishurije uyu musore baganiraga.",sadness,sadness+surprise,0.02,0.006,0.106,0.387,0.469,0.17
kin_test_track_a_01198,bivugwa ko iran yarashe kuri ubwo bwato ishaka kubutwara.,sadness,surprise,0.167,0.089,0.14,0.103,0.433,0.143
kin_test_track_a_01199,ubu bukwe bwabaye mu ibanga rikomeye dore ko aba bombi nta mpapuro bigeze batanga zisaba gushyingiranwa mu buryo bwemewe n’amategeko.,surprise,none,0.052,0.023,0.099,0.061,0.416,0.124
kin_test_track_a_01202,@<username> @<username> aya mata ko aryoshye 😅,none,anger,0.526,0.007,0.025,0.199,0.05,0.015
kin_test_track_a_01203,"ati ""ntabwo fpr inkotanyi bari bafite intwaro zahagarika jenoside yakorerwaga abatutsi, ingabo zari nkeya n’ibikoresho byari bike, icyatumye bishoboka ni ubushake.",joy,sadness,0.149,0.007,0.082,0.075,0.916,0.039
kin_test_track_a_01205,"uribaza uko uzaba wangije izina ryawe n’abakiliya bayobye bisobanuye ngo hari ingaruka nyinshi mu kutarinda izina ryawe.""",anger,sadness,0.133,0.051,0.187,0.048,0.455,0.115
kin_test_track_a_01206,yavuze ko ikindi kibazo gihari ari icy’ahantu hazwi ko hateza impanuka ariko ugasanga hadakosorwa vuba.,anger,fear+sadness,0.07,0.029,0.445,0.023,0.852,0.068
kin_test_track_a_01207,"mu ukuboza 1995, agatha habyarimana, gen bizimungu na gen kabiligi bagiriye uruzinduko muri zaïre, bahura n’abasirikare bakuru b’icyo bari boherejwe na perezida mobutu.",none,sadness+surprise,0.025,0.016,0.046,0.285,0.569,0.325
kin_test_track_a_01208,"iki kigo gihereye kacyiru mu nyubako ya kera ikomeye ifata agasozi kose, iteyemo ibiti ku buryo ushobora kwibwira ko uri hanze y’umujyi wa kigali kubera uburyo hatuje.",none,fear,0.046,0.091,0.268,0.332,0.302,0.071
kin_test_track_a_01210,amakipe yombi yakomeje guhangana bikomeye yibanda cyane ku kugarira.,none,surprise,0.056,0.039,0.101,0.401,0.279,0.25
kin_test_track_a_01212,"uyu mudepite yafashwe n’uburakari bwinshi mu biganiro byagarukaga ku ngurane zigomba guhabwa abaturage bo mu gace ahagarariye, bimuwe kubera ibikorwa by’ubucukuzi bw’amabuye y’agaciro.",anger,none,0.042,0.059,0.15,0.197,0.388,0.03
kin_test_track_a_01213,"ati ""ubu ndi kunyura mu nzira y’impinduka ingeza ahantu nitegura gufunga igice cya the weeknd.""",none,sadness,0.056,0.031,0.213,0.279,0.479,0.091
kin_test_track_a_01215,noneho yatangiye kuzana ururenda rukururuka ahantu hose sha.,disgust,disgust+fear,0.026,0.733,0.283,0.111,0.088,0.082
kin_test_track_a_01217,nonese buriya kubera iki inka igenda icebe ricuritse ariko amata ntameneke????,none,anger,0.807,0.237,0.062,0.007,0.129,0.113
kin_test_track_a_01219,@<username> nta bana b'abakire uzi apfusha umubyeyi akananirwa gucunga imitungo ye?,sadness,anger,0.583,0.014,0.042,0.115,0.349,0.037
kin_test_track_a_01220,@<username> xlm papa ewan amafaranga nibyose kbx ndemezako àmafaranga atanga ibyishimo kugera naho ibiceri 30 byatumyw umwana wimana ahohoterwa,surprise,none,0.38,0.019,0.036,0.198,0.328,0.052
kin_test_track_a_01221,"uyu mukobwa ari kuvuga ngo mubwire niba naramuciye inyuma kuri diane, ntabwo azi ko iby'isi aramabanga 🤣🤣",none,anger+surprise,0.563,0.015,0.12,0.007,0.226,0.166
kin_test_track_a_01223,@<username> @<username> @<username> umutungo kamere afurika ifite wakabaye uyikiza. abo wita umubyeyi bakabaye ari abafatanyabikorwa mu bwubahane,sadness,none,0.33,0.001,0.016,0.395,0.423,0.01
kin_test_track_a_01225,@<username> ijoro ryiza wo kajyire imana namafaranga weee,joy,anger+joy,0.437,0.011,0.022,0.756,0.203,0.008
kin_test_track_a_01226,@<username> ariko ko wifashe nka papa mbyitire bite? kankurwaneh nawe uzandwanaho kumunsi mubi.,joy,anger,0.741,0.025,0.05,0.116,0.084,0.04
kin_test_track_a_01227,"trump ari gukorwaho iperereza ku nyandiko zagaragaye umwaka ushize mu nyubako ye mar-a-lago iri muri leta ya florida, aho bivugwa ko izo nyandiko zirimo amabanga akomeye ya leta ku buryo atari yemerewe kuzitwara, ahubwo zagombaga kubikwa ahantu hizewe leta yahisemo.",none,surprise,0.094,0.007,0.173,0.181,0.308,0.216
kin_test_track_a_01229,muri bk arena abenshi bari bitabiriye bari biganjemo igitsina gore ndetse ku buryo hari uwo wabazaga muri abo akakubwira atikandagira ko ari uyu muhanzi watumye ashamadukira kuza.,joy,sadness+surprise,0.045,0.021,0.032,0.159,0.587,0.241
kin_test_track_a_01231,"aha tuhagira abagenzi benshi ariko imihanda yaho ni ibinogo; usanga imodoka ihageda isaha yose kandi hatarenga kilometero 12, hakiyongeraho ko itabasha gukora umunsi wose idapfuye kubera ububi bw’umuhanda.”",sadness,sadness+surprise,0.076,0.016,0.102,0.171,0.483,0.309
