id,text,gold,pred,p_anger,p_disgust,p_fear,p_joy,p_sadness,p_surprise
kin_test_track_a_00002,"yagize ati “nari nje mu kazi ngeze hano numva ngo perezida agiye kuhanyura, ni bwo nazengurutse ndazamuka njya mu igorofa rya mbere, imodoka zimaze kuza natunguwe no kwisanga hasi.",surprise,sadness,0.037,0.014,0.152,0.03,0.971,0.258
kin_test_track_a_00003,mu rwanda niho honyine umubyeyi agutonganya amasaha atanu🙄 yarangiza ngo ntanamagambo menshi ashaka kuvugana nawe😁😁,surprise,anger,0.768,0.018,0.06,0.013,0.075,0.291
kin_test_track_a_00004,@<username> mugerageze kunoza service. niba nagize ikibazo saa mbili mukagerageza kumbonera igisubizo saa kumi nimwe. nooo oyant rwose,anger+sadness,anger,0.568,0.008,0.036,0.054,0.043,0.01
kin_test_track_a_00005,yitabye imana aheruka kugaragara mu ruhame mu 2021.,sadness,none,0.021,0.008,0.042,0.121,0.115,0.119
kin_test_track_a_00006,biteye isoni n'ikimwaro kubona abantu bari gukorera imibonano mpuzabitsina ku gasozi.,disgust,sadness,0.024,0.046,0.055,0.02,0.91,0.382
kin_test_track_a_00007,"abazigize bakora imirimo y’ubuhinzi budatanga umusaruro ufatika, bafite ubumenyi buciriritse kandi bahora bimuka bashakisha ubuzima.",none,joy,0.018,0.018,0.024,0.851,0.039,0.032
kin_test_track_a_00008,@<username> @<username> @<username> cyaze uramuhaye tsu nawe nuko yumva yayibye bruh,none,anger,0.924,0.023,0.06,0.008,0.143,0.06
kin_test_track_a_00009,@<username> mwaramutse neza mudufashe ko turimo gukatwa amafaranga igihe nkuye amafaranga kuri momo nyashyira kuri konte bimeze bite ko bidasobanutse?,anger+sadness,anger,0.449,0.006,0.053,0.034,0.076,0.016
kin_test_track_a_00012,iyo imbuto itabonetse mu ntangiriro ngo ibe yujuje ubuziranenge usanga ari ikibazo.’’,fear,fear+sadness,0.03,0.036,0.874,0.035,0.761,0.098
kin_test_track_a_00013,"uwimana wahinduye izina ry’akabari ke akakita akabenzi avuga ko hari abashoramari babiri bamusanze i kamembe batwara bamwe mu bakozi be botsaga ibenzi i rusizi, umwe ajya gutangiza ubucuruzi bwo kotsa ibenzi ku muhima, undi ajya kuyitangiza i musanze.",joy,none,0.026,0.008,0.01,0.107,0.384,0.025
kin_test_track_a_00014,ni ibintu ahuza no kuba abagana ayo mashuri bakiri mbarwa gusa akavuga ko hari icyizere ko abanyarwanda bazakomeza kwitabira ayo mashuri.,fear,joy,0.012,0.021,0.133,0.925,0.047,0.056
kin_test_track_a_00015,nta kabuza ko nagombaga gusimbukira mu gisimenti cya tumba ariko mu minsi igihe yahatembereye yasanze ari nka kimwe cya remera.,none,surprise,0.059,0.096,0.09,0.099,0.22,0.939
kin_test_track_a_00016,iyo njyanama yemeje ko inka buka muzajya muyicisha inzara kuriya ifite ibibazo bikomeye🤨 ##url##,none,anger,0.885,0.02,0.495,0.012,0.312,0.057
kin_test_track_a_00017,miliyoni nyinshi z’ #abanyarwa bahanze amaso #amavubi uyu munsi. ni umunsi ukwiriye kuba uw’ibyishimo! @<username> ##url##,none,joy,0.023,0.029,0.019,0.939,0.029,0.06
kin_test_track_a_00018,@<username> gufata ifoto ndi hagati yabo ntacyo bitwayee🤷🏾‍♂️🤷🏾‍♂️,none,anger,0.398,0.006,0.019,0.022,0.098,0.023
kin_test_track_a_00020,@<username> ahubwo c ahazaza haracyahari aha wapi kuva kera niga naza primary bajyaga bamuvuga ukuntu ashitura boro none dore ndashaje,none,anger,0.817,0.011,0.041,0.01,0.091,0.099
kin_test_track_a_00021,kabisa youth v gasabo/nduba/gasura mukomereze aho ibikorwa byiza mukora muri intisukirwa ##url##,joy,none,0.271,0.008,0.03,0.145,0.036,0.007
kin_test_track_a_00023,"nubwo bimeze gutyo ariko, mu gihe hasigaye ibyumweru bitatu gusa ngo umwaka mushya w’imikino utangire, nta kigaragaza ko iyo gahunda yamaze gushyirwa ku murongo.",fear,none,0.046,0.009,0.647,0.105,0.077,0.076
kin_test_track_a_00024,"umuyobozi w’akarere ka nyaruguru, murwanashyaka emmanuel, yavuze ko umugoroba w’abagabo ari agashya keza, asaba ko bibaye byiza n’aho iyi gahunda itaragera bayigira iyabo kuko ifasha mu kugabanya amakimbirane yo mu ngo.",joy+surprise,joy,0.015,0.026,0.082,0.957,0.044,0.043
kin_test_track_a_00025,"umuyobozi w’umuryango hear us initiative organization, rukinga irene, yagaragaje ko ihohoterwa rikorerwa mu kazi riri mu byiciro bitandukanye aho hari ibikorwa haba mu buryo bukora ku mubiri, mu bitekerezo cyangwa ku gitsina.",sadness,none,0.029,0.006,0.106,0.04,0.609,0.019
kin_test_track_a_00026,"mu bakobwa ni nishimwe carine na tuyishimire rona batsinze abahindekazi ishi maheshwari na diya tamse 7-6(13) 6-4, bakazahura n’umunya-tanzania shana martin mao ukinana n’umunya-ghana sisu-makena tomegah.",none,joy,0.026,0.01,0.018,0.374,0.119,0.127
kin_test_track_a_00028,"kimonyo ati “muri kwa kuzibaga neza, itungo ntirigomba kumenya ko rigiye gupfa, noneho tukazibaga mu buryo bugezweho kandi bituma inyama yoroha.”",none,sadness,0.014,0.021,0.06,0.042,0.812,0.026
kin_test_track_a_00029,@<username> @<username> reka nkuremere uzavuge ngo ngo,none,anger,0.918,0.024,0.134,0.019,0.047,0.027
kin_test_track_a_00034,@<username> @<username> bro oe nuko utamuzi uburyo arenze,surprise,anger,0.593,0.012,0.043,0.019,0.09,0.01
kin_test_track_a_00036,"guverineri wungirije wa bnr, soraya hakuziyaremye, yavuze ko hakiri kare kuba rwayoboka andi mafaranga atari idolari, hakurikijwe ibihugu rucuruzanya nabyo cyane.",none,anger,0.414,0.005,0.083,0.019,0.105,0.017
kin_test_track_a_00037,petit frère ngukunda kubi!!!! aha wagaragaje mwibanga amahitamo yaweee. ohhhh @<username> ##url##,none,joy,0.029,0.009,0.02,0.696,0.027,0.023
kin_test_track_a_00038,ese uretse ikigare wigeze utera ibuye kukarere zirakonera cg ubyumva nkanjye aha!?😂😂nese kuki batavuze intara!?😂😂,none,anger,0.939,0.033,0.115,0.017,0.062,0.34
kin_test_track_a_00039,"nk’umwana uri iwabo, abarundi bamweretse urukundo bafatanya kuririmba nyinshi mu ndirimbo ze.",joy,none,0.038,0.009,0.009,0.09,0.101,0.068
kin_test_track_a_00040,"umwuka mubi watangiye ubwo bari mu nama ya nato muri lithuania, minisitiri w’ingabo mu bwongereza, ben wallace avuga ko ukraine ikwiye gushimira igihugu cye kuko u bwongereza “ntawo ari amazon bagemurira intwaro.”",none,joy,0.017,0.01,0.022,0.86,0.068,0.032
kin_test_track_a_00043,aba baturage banyweye kuri ubu bushera mu bukwe bw’umuturanyi wabo wari ufite ubukwe.,none,sadness,0.033,0.018,0.064,0.054,0.951,0.03
kin_test_track_a_00049,"ikoresha amashanyarazi izwi nka i5 edrive40 izaba igura 67.000$, asaga miliyoni 75 frw, aho ifite ubushobozi bwo kugenda ibilometero 470 mu gihe yuzuye.",none,joy,0.028,0.03,0.058,0.558,0.056,0.534
kin_test_track_a_00050,amagambo uvuga ameze nko guta ibikororwa ku muntu uri kurya.,disgust,anger+disgust,0.439,0.952,0.036,0.033,0.034,0.081
kin_test_track_a_00051,@<username> @<username> bikwiye gukosorwa kugira ngo hatabaho gukoresha imvugo zitutuzuzanya pour ne pas dire ziviguruzanya,none,anger,0.676,0.012,0.189,0.019,0.078,0.016
kin_test_track_a_00055,@<username> hahhhh uriya mwanzuro n'inyamibwa kd nawe uzawufata,joy,none,0.083,0.01,0.015,0.167,0.039,0.012
kin_test_track_a_00056,"hari kandi kwakira, gusezerera no gusubiza mu buzima busanzwe uwari mu ngabo z’igihugu mbere ya tariki 19 nyakanga 1994 n’uwari mu mutwe witwara gisirikare utahutse.",none,sadness,0.02,0.01,0.097,0.147,0.777,0.013
kin_test_track_a_00057,"@<username> @<username> @<username> @<username> nuko hasuzuguwe umugore, ntan'ubwo ari ugusuzugura, ni ugupfobya!",anger+sadness,none,0.116,0.004,0.023,0.076,0.141,0.011
kin_test_track_a_00058,"umwunganizi we barrister ben myers, yabwiye urukiko ko umukiliya we yari umunayamurava kandi yakundaga akazi ke.",none,sadness,0.038,0.015,0.034,0.029,0.934,0.251
kin_test_track_a_00061,"radio okapi yanditse ko ku wa gatandatu, tariki 29 nyakanga 2023, ibiro bya komisiyo y’igihugu y’amatora, ceni, mu mujyi wa bukavu byakongotse, hahiramo imashini zo gutoreraho 900, moto na bateri ndetse n’imirasire y’izuba.",sadness,joy,0.014,0.01,0.169,0.8,0.05,0.071
kin_test_track_a_00067,niba kwifuza ari icyaha ubwo abantu ba hano bagikora buri munota ngabo muri mwandemeye aba follow like retweet....😂😂😂,none,anger,0.964,0.03,0.1,0.016,0.067,0.077
kin_test_track_a_00069,@<username> woe wari unarenze ndaq,none,anger,0.556,0.03,0.018,0.015,0.084,0.018
kin_test_track_a_00071,nariye ibiryo bifite impumuro mbi,disgust+sadness,disgust,0.245,0.991,0.066,0.086,0.052,0.061
kin_test_track_a_00072,japhet yateye urwenya rw’uko i rukara yahasanze isuku idasanzwe kuko iri no mu mifuka y’abahatuye n’abanyeshuri.,joy,sadness,0.014,0.013,0.152,0.081,0.872,0.27
kin_test_track_a_00073,@<username> @<username> @<username> arifata agashyiraho umuntu wananiwe gusimbuka urukuramende rwa santimetero 50 koko?😏😏🤣😂,sadness,anger,0.775,0.022,0.075,0.015,0.079,0.321
kin_test_track_a_00074,kugeza ubu nubwo uyu muhanzi ntacyo aratangaza kuri iyi nkuru y’akababaro dore ko ari inkuru imenyekanye ari muri finland mu rugendo rw’ibitaramo afite ku mugabane w’u burayi.,sadness,none,0.019,0.007,0.29,0.136,0.326,0.241
kin_test_track_a_00075,senateri murangwa yavuze ko kibazo kiri mu bikoma mu nkokora gahunda yo gukumira no kurwanya impanuka ari icyo kuba hari umubare munini w’ibinyabiziga bigenda mu muhanda bidafite ubwishingizi.,anger,fear+sadness,0.052,0.022,0.862,0.057,0.733,0.021
kin_test_track_a_00077,shaddyboo kuva yerekeje i burayi muri werurwe 2023 yakunze kugaragaza ko akumbuye bikomeye manzi ajya yita ‘sugar daddy’.,none,joy,0.028,0.027,0.116,0.451,0.132,0.822
kin_test_track_a_00079,niyo mpamvu nsaba abazahugura aba bakobwa kujya babaha ibibazo bakifashisha ikoranabuhanga biga mu kubikemura kuko ikoranabuhanga ridakemura ibibazo by’abaturage ntacyo rimaze.”,anger,none,0.13,0.006,0.505,0.08,0.111,0.034
kin_test_track_a_00081,"@<username> @<username> ikibazo si aho byabereye , ibyabere i bigogwe byabera n'ahandi . ikibazo ni ubuzima bwatwawe , kandi ikiguzi giciriritse . memory card ? 😬",anger+sadness,sadness,0.24,0.007,0.055,0.014,0.711,0.022
kin_test_track_a_00082,mbere y’ibi kizz daniel witwaga kiss daniel mu 2018 yahaye abafana be amafoto ari kumwe na chidinma bafite ‘tattoos’ zisa ku mibiri yabo.,none,joy,0.048,0.007,0.011,0.394,0.043,0.069
kin_test_track_a_00083,ariko buriya niyihe mpamvu iyo umuntu amaze kurya ahantu hatari iwabo/iwe ahita yumva ashatse gutaha ??😎,surprise,anger,0.75,0.013,0.176,0.012,0.079,0.321
kin_test_track_a_00084,"@<username> @<username> niba ari njye ugira amarangamutima niba atari atari njye.....genda rwanda urakagira imana ,uragahoraho rwanda.@<username> wubahwe",joy,anger,0.457,0.007,0.025,0.072,0.056,0.008
kin_test_track_a_00085,"ahazaza hawe hagize uhamenya yakwiyegereza cg akaguhunga , ariko hashimwe imana ikubonamo icyo isi itakubonamo #fridaymotivation #happyfriday",none,sadness,0.04,0.007,0.025,0.148,0.713,0.02
kin_test_track_a_00088,mukwinyesebura ukumva ngo ndakwinginze😢ntuzitemo🍆🍑🙈 none bako muba mwumva byoroshye gusimbuka imodoka irimo igenda😳 @<username>,none,anger,0.934,0.025,0.105,0.01,0.097,0.112
kin_test_track_a_00100,ngo ubu ko twari dufite ishyirahamwe ry’abagore turaba aba nde?,sadness,anger,0.589,0.019,0.037,0.016,0.046,0.141
kin_test_track_a_00102,"yandikaga ari iwabo aho ababyeyi be bari batuye mu bubiligi, akandika amagambo yisuka atazi aho ari kuyavana nk’uko yabibwiye w magazine.",surprise,none,0.051,0.018,0.018,0.038,0.341,0.568
kin_test_track_a_00103,"ati “nubwo navuze ko fdlr iri hano ariko noneho bari banafite umugambi wo gutera grenade muri uyu mujyi [wa rubavu], na ndetse batubwira ko zamaze no kwinjira.",fear,none,0.129,0.022,0.779,0.025,0.461,0.407
kin_test_track_a_00104,@<username> @<username> @<username> harya nangahe ngo nyohereze,none,anger,0.871,0.017,0.11,0.013,0.069,0.024
kin_test_track_a_00105,@<username> nonex uzigute ko atarimo kwihorera 🤷🏾 wasanga baramwiciye umwana cgw ababyeyi nimugahubuke ngo muzanibinu namakuru yuzuye mufite,none,anger,0.726,0.009,0.065,0.013,0.304,0.017
kin_test_track_a_00107,"paluku yavuze ko itegeko nshinga ritegeka ko ubuyobozi buhabwa abasivile, akibaza uburyo igisirikare cyakomeza gufata inshingano zireba abasivile.",anger,none,0.287,0.008,0.137,0.007,0.405,0.126
kin_test_track_a_00112,"nubwo mu rwanda imibare itoroshye kuyibona ariko usanga umubyeyi ufite telefone igendanwa, biba bishoboka ko umwana we azayikoresha kandi akaba yareba bimwe mu bidahuye n’imyaka ye, cyangwa amakuru ye agashyirwa ku karubanda mu bisa n’imikino.",fear,none,0.057,0.01,0.693,0.04,0.187,0.167
kin_test_track_a_00113,"musenyeri andré perraudin ni we mubyeyi wa parmehutu kuko yayireze kuva ikivuka arayikuza, kugeza inyigisho zayo zisenye u rwanda mu 1994.",anger+sadness,sadness,0.046,0.015,0.018,0.031,0.837,0.035
kin_test_track_a_00114,"@<username> @<username> yiiiii. akumva yagusebeje, rwose yakukubabaje. ukugirango abantu bari bazi ko umubiri wawe udakora! 😂😂😂 so stupid!",anger,anger+sadness,0.635,0.007,0.057,0.015,0.701,0.054
kin_test_track_a_00117,ibi ni igihombo ku bazishaka kuko umuntu ayifashe itarajyanwa muri cyamunara itangwa kuri make.,sadness,fear,0.063,0.033,0.956,0.06,0.476,0.068
kin_test_track_a_00119,"@<username> @<username> @<username> umva mbese, wowe fata turuwasa zawe uzishore neza urebe ko utazagafata tukumirwa",none,anger,0.769,0.013,0.078,0.018,0.058,0.017
kin_test_track_a_00122,@<username> uriya ntajya atenguha abantu be,joy,anger,0.685,0.025,0.022,0.012,0.095,0.019
kin_test_track_a_00123,@<username> hey namenye ko: uzirinde guta igihe mu gihe ufite igihe kandi utegereje igihe.,none,anger,0.766,0.018,0.073,0.02,0.042,0.016
kin_test_track_a_00124,"we yagize ati ""hano naharwarije umuhungu wari wahuye n’impanuka none umudamu we nawe yaje kubyarira hano ku bitaro.",surprise,sadness,0.022,0.006,0.072,0.038,0.85,0.091
kin_test_track_a_00125,"iyo imaze kwinjira mu muryango w’ibagiro barafunga, bakayirasa amashanyarazi atuma itakaza ubwenge ariko idapfuye kuko iyo umukozi ayikata ijosi ubona yikanze, bivuze ko igifite ubuzima.",none,sadness,0.042,0.02,0.127,0.065,0.961,0.027
kin_test_track_a_00127,muri resitora twariragamo hari ikigabo kirya gifite ikimwira,disgust,none,0.021,0.267,0.016,0.044,0.287,0.183
kin_test_track_a_00129,@<username> @<username> wishyire wizane muri byose urangwe nishyaka uterimbere none uraganje mubwigenge tugukomeyeho uko turi tweseeeeeeeehhhhhh,joy,anger,0.673,0.009,0.022,0.034,0.051,0.013
kin_test_track_a_00131,"@<username> rata ibyo uvuze ni ukuri❤👌👌 ahubwo waretse match itaha tukazayirebera hamwe, rwose binkorere pee🙏",none,joy,0.039,0.013,0.018,0.782,0.022,0.017
kin_test_track_a_00135,"uyu mugabo wari wahawe kuyobora iri shyirahamwe nyuma y’imyaka 18 atagera ku kibuga, yaranzwe no kudaca ibintu ku ruhande, adafite umwanya wo kujya mu kajagari kari kamenyerewe muri ferwafa.",none,sadness,0.097,0.029,0.028,0.018,0.947,0.176
kin_test_track_a_00136,equipe y’u rwanda ihagaze neza muze tubashyigikire! dore abakinnyi bo guhanga amaso! ##url##,none,joy,0.022,0.043,0.044,0.976,0.04,0.106
kin_test_track_a_00137,niba uzi ibintu ubifite neza ukagera mu kizamini ntubashe no kubura amaso ngo urebe ukubaza burya uba watsinzwe.,none,anger,0.496,0.009,0.069,0.022,0.039,0.032
kin_test_track_a_00139,n’iyo ubajije abaturage barakubwira bati ‘iyo umukozi ushinzwe gutanga ibyangombwa byo kubaka akubwira ngo dosiye ‘ntiragaruka’ aba ashaka kwaka ruswa.”,sadness,none,0.118,0.013,0.4,0.028,0.39,0.682
kin_test_track_a_00141,@<username> aha ntacyo tubaveba. tubashyigikire tariki 26/01/2021 bazadutere gusimbuka tukajya mu bicu.,joy,anger,0.527,0.008,0.029,0.049,0.065,0.009
kin_test_track_a_00143,@<username> ikigali ntitwabona umwanya wo guteka imitwe ngo tunabone uwo kotsa runonko 😒,none,anger,0.865,0.013,0.05,0.009,0.17,0.085
kin_test_track_a_00146,"ngo iyo babonaga hari abantu bashobora kubasuhuza, aho hantu ntibahahagararaga mu kwirinda gutakaza igihe, ku buryo ngo hari n’umwana wabasabye kumusinyira ku ishati ye (autographe), babona ko byabakereza barakomeza.",none,sadness,0.029,0.019,0.758,0.057,0.784,0.02
kin_test_track_a_00147,"nyuma, uyu muyobozi yaje kwandika ko hari drone yarasiwe mu kirere cy’iyi ntara, ariko ntabwo yemeje niba ari nayo yagabye igitero cya mbere.",none,surprise,0.034,0.024,0.565,0.087,0.375,0.834
kin_test_track_a_00150,"banasobanuriwe ko kwanga kwishyura ku bushake bigira ingaruka kuko utishyuye bituma ashyirwa ku rutonde rwa ba bihemu, bigatuma nta kigo cy’imari gishobora kumuha inguzanyo.",none,fear,0.079,0.052,0.968,0.086,0.387,0.055
kin_test_track_a_00151,uburyo uyu muhanzikazi aba aririmba afatanyije n’itsinda ry’abamufasha n’abacuranzi barimo n’abazungu biri mu byatunguranye.,surprise,none,0.1,0.028,0.012,0.025,0.511,0.509
kin_test_track_a_00152,"ku gisenyi amafi yatangiye gupfa, ikirunga cyabaye ikirunga wallah! @<username> #gomavolcan #nyiragongo ##url##",fear,sadness,0.038,0.016,0.048,0.03,0.891,0.023
kin_test_track_a_00154,@<username> @<username> @<username> @<username> @<username> @<username> @<username> @<username> @<username> @<username> @<username> @<username> @<username> @<username> @<username> @<username> @<username> @<username> @<username> @<username> harya ubu @<username> niwe wakwugishihe ukuri? yarakuroshye nkuko yoheje #donatha agata akazi ngi agiye kumushyingira umuzungu. murahonnye,anger,sadness,0.07,0.019,0.045,0.021,0.953,0.059
kin_test_track_a_00156,"n’ubwo kiyovu sports kuri ubu itemerewe kwandikisha abakinnyi nyamara hari abo yari yamaze gusinyisha barimo niyonzima olivier ‘seif’ wari usoje amasezerano muri as kigali, gakuru matata yakuye muri rutsiro fc, myugariro kazindu guy brian wavuye muri gasogi united, rutahizamu w’umunye-congo, jérémie basilua, umunya-angola utaha izamu, fofo cabungula, rutahizamu w’umunya-liberia, obediah freeman, abagande batatu, kalumba bryan, mulumba suleiman n’umunyezamu emmanuel kalyowa.",sadness,none,0.036,0.005,0.01,0.178,0.112,0.03
kin_test_track_a_00159,"u rwanda ni igihugu cyagiye cyubakira ku mateka akakakaye amaze imyaka isaga 1723 (30-2023), yose yabayemo ibikorwa byinshi byo kuruhanga, kurwubaka no kuruhengamura rugiye kuzima, rukongera rukajya mbere.",surprise,joy,0.024,0.012,0.014,0.636,0.044,0.018
kin_test_track_a_00160,@<username> ayiwe ! itahire n'ubundi ibi ni urupfu🤣! ubu se ni ukurya cg ni ukuzuza igifu mpaka uheze umwuka🙈,sadness+surprise,anger,0.915,0.02,0.066,0.012,0.286,0.033
kin_test_track_a_00161,"aline gloriose uwizigiye, umwe mu barokotse jenoside yakorewe abatutsi i nyanza ubu uba mu bufaransa, yatangaje ko ibikozwe kuri biguma byerekana ko aho umujenosideri wese ari azacirwa urubanza.",joy,sadness,0.051,0.005,0.07,0.038,0.714,0.022
kin_test_track_a_00162,niba ababyeyi bataguhaye icyo kintu cyo kumva ko uri umunyarwanda nawe bizakugora.,none,anger,0.615,0.015,0.61,0.013,0.318,0.091
kin_test_track_a_00166,"ati “kuzimya biri kugorana kubera ikibazo cy’umuyaga, abaturage bari kwifashisha amasuka n’ibitiyo bagaca nyirantarengwa hakaba aho igiti gishya cyangwa kigakongeza umuriro hakurya y’aho abaturage baciye nyirantarengwa, indi mbogamizi ni umuyaga kuko nawo uri gutiza umurindi umuriro.”",fear,sadness,0.056,0.033,0.542,0.044,0.961,0.024
kin_test_track_a_00167,birazwi ko bene izo mvugo zenyegeza urugomo kandi zikabangamira imibanire myiza n’imikoranire y’abenegihugu.,sadness,fear,0.095,0.033,0.94,0.028,0.56,0.063
kin_test_track_a_00168,"ange, ngutirire speakers umbwirire n'abinyuma? uku ni ukuri 300% ##url##",none,anger,0.913,0.031,0.054,0.014,0.042,0.046
kin_test_track_a_00171,"rata mwe muzi byose, iyo uburozi bumaze igihe kinini nabwo butakaza ubuziranenge?",none,anger,0.57,0.121,0.035,0.01,0.038,0.136
kin_test_track_a_00174,@<username> bari kumurutsa cash yariye😂😂,anger,none,0.331,0.012,0.016,0.013,0.215,0.038
kin_test_track_a_00175,@<username> @<username> @<username> @<username> @<username> @<username> @<username> @<username> @<username> @<username> ntabwo abeshya ahubwo ararembye kuko imikorere nimivugire ye igaragaza uburwayi bufite ikigero cyamujyana i ndera kwiberayo ubuzima bwe bwose,sadness,none,0.35,0.01,0.34,0.016,0.252,0.01
kin_test_track_a_00176,"ubwo iri rushanwa ryasozwaga hatangwa ibihembo, igihe yamenye ko umwe mu banyamahanga baryitabiriye yabuze camera ye.",sadness,surprise,0.053,0.025,0.043,0.07,0.312,0.852
kin_test_track_a_00177,@<username> @<username> @<username> eka mwebwe muraturembeje nange barankata buri munsi ibi bintu nubujura kbs,anger+sadness,anger,0.974,0.041,0.149,0.015,0.091,0.079
kin_test_track_a_00180,yagaragaje ko ibibazo biri muri adepr bikeneye agacaca ko kubiganiriramo kugira ngo hahuzwe impande zirebana nabi.,anger,none,0.194,0.016,0.832,0.021,0.505,0.033
kin_test_track_a_00181,"amakuru igihe yahawe na bamwe mu bakobwa bavuga ko ukuntu imyambarire isigaye imeze, bigoye kwambara ikariso kuko bihita bigaragara nabi.",surprise,sadness,0.019,0.023,0.511,0.043,0.939,0.08
kin_test_track_a_00182,"nubwo abaturage batabyishimiye, abasesenguzi mu bukungu bemeza ko aribyo byiza kuko bizarinda leta gukomeza kongera amadeni.",none,joy,0.017,0.031,0.053,0.964,0.041,0.068
kin_test_track_a_00183,"umva se bantu banjye, niba ntaribi se mwantoreye umuvandimwe. kandi nukuri muraba mumfashije pe ❤❤❤ #amiresilienceprize. link: ##url## 🔥 ##url##",none,joy,0.048,0.006,0.018,0.543,0.048,0.011
kin_test_track_a_00185,biragoye ko hari ikipe yagura umukinnyi mu yindi,none,sadness,0.021,0.07,0.027,0.027,0.812,0.337
kin_test_track_a_00187,"iyo abantu benshi basoze make make, kenshi birusha guca menshi ashobora abantu bake.",none,disgust,0.072,0.835,0.018,0.023,0.109,0.061
kin_test_track_a_00188,"minisitiri munyangaju yavuye ahatangirwaga igikombe, akuramo amadarubindi ye abanza kuyahanagura mu gihe mucyo didier yabaye nk’umusabye imbabazi ko yamumennyeho iyi nzoga.",sadness,none,0.075,0.009,0.01,0.019,0.373,0.075
kin_test_track_a_00192,@<username> hahahahh reka nicecekere sinjya ntukana gsa ubanza baba batarimo 2 hhhhh,none,anger,0.748,0.011,0.047,0.016,0.069,0.015
kin_test_track_a_00194,@<username> @<username> man wumve ko ama mama ubwenge meeeeeee,none,anger,0.66,0.009,0.064,0.009,0.124,0.028
kin_test_track_a_00195,@<username> uwiteka ari ku ngoma niwe utubereye maso. humura. yesaya 41:10,joy,none,0.125,0.007,0.015,0.17,0.053,0.009
kin_test_track_a_00196,"ati “mureke dusenge imana nk’iyumva, hari abantu bavuye mu ngo bagiye mu myobo bakavamo banarwaye cyangwa bameze nabi ngo barasenga, ntabwo ari databuja w’umugome.",anger,anger+sadness,0.513,0.009,0.081,0.007,0.685,0.044
kin_test_track_a_00200,"iyo amaze kubihamena bamwe mu baturage batoragura bya bitiritiri bakabigurisha abatwika amatafari mu matanura, naho abana bo bagatoraguramo bya bigori byapfuye bakabivungura, bakabigurisha.",none,sadness,0.03,0.009,0.034,0.051,0.868,0.033
kin_test_track_a_00202,"umutwe wa wagner watangaje ko wiyemeje gusenyura inzego z’igisirikare cy’u burusiya, ni mu gihe ibiro by’iperereza mu burusiya byatangaje ko byatangiye gukurikirana umuyobozi wa wagner, yevgeniy prigozhin ku byaha birimo gukangurira abantu kujya mu mutwe witwaje intwaro no gushaka guhirika ubutegetsi bwa vladimir putin.",anger,sadness,0.069,0.015,0.362,0.013,0.878,0.18
kin_test_track_a_00207,"ibi byose bigira ingaruka ku mihindagurikire y’ibihe aho hamwe imvura ibura burundu nko mu bihugu bya afurika y’amajyaruguru no mu ihembe rya afurika, imvura ishobora kumara imyaka ibiri itaragwa na rimwe.",sadness,fear,0.086,0.062,0.973,0.123,0.332,0.05
kin_test_track_a_00213,waje buhoro buhoro buhoroooh.... wicara mumutima wanjye ...... none utangiye kuguguna umutima wanjye💔 ibyo nibyo unyituye koko😭,sadness,anger,0.825,0.047,0.052,0.006,0.454,0.348
kin_test_track_a_00217,muntu unkuye kuri 666 ndagushimiye sibyo 🙆🏽‍♂️✌️🙏,joy,none,0.075,0.004,0.021,0.158,0.134,0.011
kin_test_track_a_00219,"yakomeje avuga ko guhuza inkuru z’ibihe bikomeye aba kera babagamo byo ‘guterura’ n’uyu munsi byabanje kubagora, cyane ko atabibayemo.",none,sadness,0.049,0.008,0.215,0.024,0.906,0.046
kin_test_track_a_00220,ngo iyo ugerageje gutera inda umukobwa unanutse umubiri we uhita ukubwira ngo insufficient space 🤣😂😂,none,anger+surprise,0.454,0.082,0.187,0.036,0.282,0.927
kin_test_track_a_00221,"ati “mbanje gushima imana ku bwa junior multisystem, nshima imana ibyo yamukoreye; akiri mu nda y’umubyeyi we umwanzi yaramurwanyije yifuza kumwambura ubuzima, imana izamuhe kubana na yo.”",sadness,joy,0.012,0.019,0.035,0.936,0.124,0.05
kin_test_track_a_00223,"*muri equity itm zipfa buri weekend * bk yakuyeho cheque ubu ntakwandikira umuntu cheque , service mbi..... ##url##",anger,none,0.329,0.008,0.022,0.106,0.029,0.015
kin_test_track_a_00224,ntabwo twigeze twumva umwami arimo kuryanisha abarundi.,none,anger,0.757,0.014,0.171,0.012,0.164,0.504
kin_test_track_a_00226,"@<username> @<username> gutera ibuye ahantu nk'aha, ni amahano mbambaroga. #rwot",none,anger,0.95,0.031,0.13,0.01,0.188,0.046
kin_test_track_a_00227,"iyi nkuru isa nk’iyaciye igikuba mu bakunzi b’urucaca bibazaga ukuntu iyi kipe igiye kwishyura aka kayabo ku bakinnyi batigeze bakinira ikipe yabo, kongeraho ko bari no mu bihe byo kugura abakinnyi bashya.",sadness,surprise,0.057,0.03,0.214,0.064,0.479,0.88
kin_test_track_a_00232,"“nyuma yaho gato, ahagana ku isaha ya saa mbiri, mu murenge wa matimba mu karere ka nyagatare haje gufatirwa andi mabalo ane ya magendu y’imyenda ya caguwa, ubwo nyirayo yari amaze kuyigeza mu rugo, abonye inzego z’umutekano aratoroka.”",none,sadness,0.031,0.012,0.226,0.037,0.957,0.083
kin_test_track_a_00233,"kuki usanga abitwa ba """"kavukire"""" batumvikana n'abitwa """"abimukira"""" ndetse ugasanga abapangayi batumvikana na ba nyir'amazu bakodesha? @<username>",fear,anger,0.452,0.01,0.036,0.018,0.098,0.532
kin_test_track_a_00237,"umwana ujya muri siporo bimufasha kugira ubuzima bwiza, akabona icyo ahugiraho aho kujya mu bindi bitamufitiye akamaro.""",none,joy,0.016,0.012,0.035,0.817,0.049,0.02
kin_test_track_a_00239,urukundo ruzacogora muri benshi kubera ko ubugome buzaba bwiganje.,sadness,fear,0.067,0.046,0.929,0.037,0.564,0.049
kin_test_track_a_00240,@<username> ndumva nanjye nanjoinga abo badafite ubwenge nuko nsanze ndi mubi😥,none,anger,0.93,0.022,0.11,0.007,0.14,0.056
kin_test_track_a_00244,"ibi bifitanye isano no kuba abagore barahawe rugari bakiga ndetse bakaminuza, kuko ya mibare yerekana ko abagore babashije kwiga amashuri yisumbuye cyangwa kurenzaho bafite umubare uri hasi w’abana babyaye (abana 3.4 ku mugore), mu gihe abagore bize amashuri abanza gusa cyangwa arengaho gake babyaye abana benshi (abana 3.9 ku mugore.",fear,none,0.042,0.012,0.744,0.024,0.592,0.075
kin_test_track_a_00246,@<username> yago nawe turakwemera kuri you tube bro keep in touch bro buriwese akore ibye kandi abikore neza atiganda,none,joy,0.035,0.011,0.017,0.794,0.029,0.016
kin_test_track_a_00247,@<username> @<username> byo byo amaraso ntiwayaheza! n'ay'itungo arasama nkanswe ay'inzirakarengane itacumuye!!!,none,sadness,0.312,0.018,0.034,0.011,0.773,0.019
kin_test_track_a_00248,"amanota 23 yari abonye yatumye agira 55, yamuhesheje kuba umukandida ku gikombe.",joy,none,0.027,0.024,0.071,0.137,0.312,0.351
kin_test_track_a_00249,ese namwe mubona uburyo ibintu bya munyangire byeze!?nonese biterwa niki koko!?mwaretse tugafashanya uko dushoboye ko ntawuramba nka nyiragongoo!🙏,sadness,anger,0.878,0.015,0.11,0.012,0.06,0.046
kin_test_track_a_00250,ejo nuriye igiti cyegeramye na gereza cyivunika ishami ngwa muri gereza none infumgwa zirikunyita mugenzi wabo🙄,none,anger,0.552,0.079,0.028,0.007,0.47,0.527
kin_test_track_a_00251,iyo hari ubushyuhe bwinshi umubyimba ndetse n’uburebure bw’icyuma biriyongera mu gihe mu bihe by’ubukonje wa mubyimba ndetse n’uburebure bishobora kongera kugabanuka.,none,fear,0.09,0.057,0.954,0.053,0.322,0.053
kin_test_track_a_00255,“biteye isoni kubona imitwe yitwaje intwaro yatumye ibyo bihe bidasanzwe bishyirwaho ubu yarahindutse abafatanyabikorwa ba guverinoma.”,anger+sadness,surprise,0.11,0.027,0.338,0.091,0.365,0.938
kin_test_track_a_00256,batatu bafunzwe bakurikiranyweho kugerageza gutwika inyubako yo mu gakiriro ka gisozi ##url##,none,sadness,0.07,0.015,0.047,0.027,0.908,0.043
kin_test_track_a_00262,"very sad! umwana w'ukwezi 1 koko...😠, nyamara izi nyagabirama ziba zifite uburwayi bwo mumutwe! ntamuntu muzima wakora aya mahano❌ ##url##",anger+sadness,sadness,0.051,0.019,0.249,0.028,0.974,0.073
kin_test_track_a_00266,"@<username> @<username> @<username> ikindi kuba yari gufunga umuhanda umupolisi arebera kandi abona ko bishoboka gukemura ikibazo, ubu nibwo bunyamwuga.",none,anger,0.776,0.007,0.069,0.01,0.176,0.028
kin_test_track_a_00268,@<username> kubona abasore bashoboye gukoresha amaboko n'umutwe bari #kwimaringa ngo barashaka ikamba nanjye byanteye impungenge.,anger+fear,fear,0.132,0.047,0.971,0.072,0.252,0.073
kin_test_track_a_00271,umuntu uri gusaba umwanya ngo atange ibitekerezo 🤌🤌🤌🤌😂😂😂😂😂😂😂,none,anger,0.652,0.069,0.058,0.009,0.098,0.107
kin_test_track_a_00272,senateri mugisha yasabye abayobozi ba rura kwikubita agashyi kugira ngo ijye ibasha gufasha abaturage gushyira mu bikorwa amabwiriza ishyiraho cyangwa ashyirwaho n’izindi nzego zikorana na rura.,anger,joy,0.038,0.008,0.059,0.617,0.032,0.01
kin_test_track_a_00273,yongeyeho ko adashimishwa n’ubuzima babayemo kuko ahuriramo n’ingorane umunsi ku wundi zirimo kwicwa n’inzara n’imbeho ya nijoro no guhohoterwa.,anger,sadness,0.056,0.019,0.448,0.093,0.947,0.025
kin_test_track_a_00274,umubiri wose wuzuye ibibembe ntawifuza kumureba kubera uko biba bizana amaraso,disgust,sadness,0.048,0.05,0.191,0.018,0.85,0.02
kin_test_track_a_00277,bene iyo mibare ngo yatumye awdo ishaka ibitera abangavu guterwa inda zitateganyijwe kugira ngo ifashe mu kubishakira umuti aho gutegereza guhangana n’ingaruka.,sadness,none,0.197,0.011,0.525,0.019,0.509,0.012
kin_test_track_a_00278,@<username> none se uwo mwuka wera ko nta we ndi kubona?,none,anger,0.872,0.027,0.047,0.009,0.086,0.037
kin_test_track_a_00282,amakipe yose aregeranye buri imwe yatsinda indi n’amakipe ahangana cyane by’umwihariko gutsindira hanze biba bigoye.”,none,sadness,0.054,0.014,0.056,0.072,0.86,0.048
kin_test_track_a_00283,ati “ni ingenzi ko ibihugu byacu bigerageza gukuraho uko kwivanga kugira ngo ingaruka zabyo ziveho.,none,fear,0.244,0.017,0.87,0.053,0.142,0.023
kin_test_track_a_00286,ati “icyo numva tutakoze mu myaka icyenda iri serukiramuco rimaze ni uko tutageze kuri buri rwibutso hirya no hino mu gihugu tubasangiza ibyiza bya ubumuntu arts festival.”,none,joy,0.025,0.024,0.037,0.948,0.022,0.042
kin_test_track_a_00288,#rwot aho kwicwa n'inzara no kwicwa na cya kovidi wakwicwa niki!?,none,anger,0.936,0.035,0.055,0.008,0.25,0.131
kin_test_track_a_00290,"@<username> amahano?! ni impanuka, inkangu, inzara.... muyite izina rikwiye.",none,anger+sadness,0.624,0.014,0.363,0.013,0.632,0.016
kin_test_track_a_00293,@<username> @<username> @<username> @<username> @<username> uzi kubona umuturage anywa amazi yo mu dam cg avoma umuvumba muri iki gihugu! birababaje ababishinzwe nibatabare .,sadness,anger,0.843,0.016,0.078,0.008,0.613,0.176
kin_test_track_a_00294,"@<username> nizereko umutima mwiza wabanyarwanda, turabaremera! cg basige inkweto zabo nk'ingwate😂",none,joy,0.035,0.011,0.02,0.819,0.033,0.014
kin_test_track_a_00299,@<username> @<username> @<username> xlm ewan bushari na okama mubyuhahiro byabo nibubahwe kuko murinominsi barikudukoma san ndabemera,joy,anger,0.961,0.027,0.121,0.015,0.112,0.035
kin_test_track_a_00301,"ati “hari n’iyahunganye nabo bajya muri zaïre, baragarukana iza no gutera amahane ivuga ngo abanyarwanda bibashyira mu byabo [mu mitungo] nibabe baretse babanze bajye mu nkambi mu rwanda”.",sadness,anger,0.977,0.049,0.201,0.014,0.098,0.138
kin_test_track_a_00303,@<username> erega uzarebe ngo icyo umutima ukunda amata aguranwa itabi tubaterera amavi ark ahanini tuba twishakira batotizuba,none,anger,0.963,0.032,0.107,0.013,0.062,0.078
kin_test_track_a_00304,"yatanze urugero rw’uko yavukiye mu rwanda, agakurira muri uganda, madamu jeannette kagame akavukira i burundi, nyuma bakaza guhurira muri kenya.",surprise,none,0.043,0.007,0.03,0.179,0.083,0.056
kin_test_track_a_00305,twasaniraga abafite inzu ziri aho gutura ariko zagizweho ingaruka bitewe n’uko imeze.,none,sadness,0.03,0.019,0.161,0.056,0.954,0.024
kin_test_track_a_00306,"hari abo tujya gukina, bakumva ko ari ikipe y’i kamonyi bagahita bagira ubwoba tutarajya mu kibuga.”",sadness,fear,0.138,0.051,0.968,0.054,0.243,0.076
kin_test_track_a_00309,"@<username> prince boo, humura rimwe uzava mu butindi. 😂",none,anger,0.759,0.02,0.03,0.015,0.063,0.018
kin_test_track_a_00310,"ntamuntu mwiza ku buryo atakuyobya, ntan'umuntu mubi ku buryo atakuyobora. kuba hari ibyo utemeranya n'umuntu ntibivuze kwagana nawe.",none,anger,0.775,0.016,0.047,0.017,0.068,0.029
kin_test_track_a_00311,@<username> urumva se atari motivation yo kuba umukire se bro? wicika intege tu,joy,anger,0.923,0.026,0.084,0.01,0.053,0.06
kin_test_track_a_00312,"mu ntangiro z’uku kwezi nabwo, u burusiya bwashinje ukraine kugaba ibitero i moscow, bituma ingendo z’’indege ku kivuga cy’indege cya vnukovo zihindurirwa icyerekezo.",sadness,none,0.029,0.013,0.426,0.062,0.581,0.559
kin_test_track_a_00317,@<username> cyakoze abantu turatandukanye pe. njye nabuze uwo mboloka kuko ntazi icyo namubolokera,none,anger+sadness,0.563,0.008,0.037,0.007,0.671,0.062
kin_test_track_a_00318,hari ubwo umushinjacyaha uri kuburana kuri iyo dosiye abona ko ibimenyetso byakusanyijwe bidahagije ngo we ubwe abe yashinja ukurikiranyweho icyaha bigatuma ahitamo kumushinjura.,surprise,sadness,0.065,0.013,0.09,0.014,0.705,0.539
kin_test_track_a_00319,kimwe mubintu nkundira abantu bomucyaro ujyakumva ukumva arakubajije ngo ubwokoko wabuze akazi?wazapfa kujya mugisirikare cg mugipolice 😂😂😂,sadness,none,0.209,0.077,0.027,0.018,0.403,0.792
kin_test_track_a_00321,"kidum yabivugiye mu gitaramo yakoreye i bruxelles mu bubiligi ubwo yari ku rubyiniro ku wa 6 gicurasi 2023, aho nyuma yo kuzongwa na shaddyboo wamubyinishaga amusiga umubiri, yasabye ko umuziki uhagarara arangije afata ijambo ati “erega shaddyboo yibagiwe ko ndi padiri mukuru!”.",anger+sadness+surprise,joy,0.054,0.006,0.021,0.437,0.033,0.08
kin_test_track_a_00325,@<username> nukuri njyewe bingeze aha ngiye kwiyahura mu buriri😂😂😂,anger+sadness,sadness,0.246,0.019,0.029,0.006,0.802,0.138
kin_test_track_a_00326,tugeze mu gihe gikomeye aho ibitambo byatanzwe n’abatubanjirije bishobora gutakaza igisobanuro mu gihe twaba tunaniwe kurera neza abadukomokaho ngo bakurane iyo myumvire n’indangagaciro twahawe.,fear,joy,0.028,0.007,0.063,0.401,0.036,0.013
kin_test_track_a_00327,"bakubwiye ko uzahembwa amafaranga yanditsemo hano, urabona wahembwa angahe?? cg nkurangire muganga!!! ##url##",none,anger,0.934,0.021,0.121,0.017,0.043,0.042
kin_test_track_a_00330,uburyo bwo kubyivanamo:,none,disgust,0.227,0.936,0.049,0.03,0.05,0.036
kin_test_track_a_00331,@<username> arashaka gukubita ruriya rubaho ariko amaboko ye ari muri opposition n ubwonko bwe 😂,none,anger,0.937,0.03,0.104,0.01,0.202,0.412
kin_test_track_a_00332,umwana uzi ubwenge bamusiîga nawe yinogereza,none,disgust,0.194,0.947,0.027,0.026,0.076,0.065
kin_test_track_a_00333,@<username> @<username> akajagari mwifuriza u rwanda muzajya kugakorera ikuzimu mu buturo bwanyu,anger,joy,0.028,0.019,0.02,0.926,0.03,0.034
kin_test_track_a_00334,"umuyobozi mukuru w’ishami rishinzwe afurika muri minisiteri y’ububanyi n’amahanga n’ubutwererane mpuzamahanga ya uae, fahad al taffaq, yavuze ko igihugu cye cyifatanyije n’u rwanda n’abarokotse jenoside yakorewe abatutsi bakomeje guhura n’ihungabana baterwa n’ibyababayeho mu 1994.",sadness,none,0.031,0.005,0.059,0.301,0.152,0.008
kin_test_track_a_00335,"muri mutarama umwaka ushize, capt sagahutu yagiranye ikiganiro kuri zoom n’urubyiruko rukomoka ku bakoze jenoside, bibumbira hamwe ngo bahakane ibyaha by’ababyeyi babo, akwirakwiza ingengabitekerezo asanganwe ababwira ko bafungiwe ubusa, ko abakoze jenoside bibereye i kigali.",sadness,joy,0.021,0.01,0.028,0.392,0.14,0.412
kin_test_track_a_00339,@<username> nureba se ....nuko kibondo.dore umukobwa (umutegarugori) ubereye u rwanda,joy,anger,0.867,0.013,0.051,0.011,0.058,0.066
kin_test_track_a_00342,"kuba hareguye bane muri bayigize, byatumye abasigaye badashobora gufata icyemezo nk’uko amategeko abigena.",none,sadness,0.034,0.022,0.061,0.023,0.94,0.067
kin_test_track_a_00343,"akumiro niki?! ni igihe uguze phone yaguhenze utaziko ari pirate😔🙄😢 uziko ari #samsung , ukayayatsa aho kwiyandikamo #samsung hakiyandikamo samuel 🙄😢😭😭😓😓😟😞😔",sadness+surprise,anger,0.439,0.014,0.062,0.014,0.541,0.706
kin_test_track_a_00345,"abahanga bavuga ko imibonano mpuzabitsina ikozwe neza, ishobora kubera abayikoze urukingo rwo kwibasirwa n’umuhangayiko, agahinda gakabije ndetse n’ibindi bibazo bishingiye ku buzima bwo mu mutwe.",none,fear,0.122,0.093,0.971,0.078,0.222,0.066
kin_test_track_a_00349,"nibihinduka igitekerezo cyiza kuri uyu muhungu w’imyaka itanu, uw’imyaka itandatu bikaba uko, ukareka n’uwa 12; bakaba bafata iki cyemezo cyo guhindura ubuzima bo ubwabo?”",none,anger,0.707,0.012,0.518,0.031,0.069,0.032
kin_test_track_a_00350,@<username> @<username> @<username> @<username> @<username> @<username> ni ukuvuga ko yamwogeje kugirango asibanganye ibimenyetso. mbese yamwogeje ku gitsina nka kwa kundi dukaraba mu ntoki n'amazi n'isabune.,fear+sadness,anger,0.377,0.006,0.032,0.02,0.139,0.013
kin_test_track_a_00351,"abanyeshuri bajyaga kwiga hirya bakambuka imipaka, ariko kugeza ubu aho cyaziye baza hano, ntibakijya hirya no hino.’’",none,sadness,0.046,0.015,0.044,0.058,0.91,0.019
kin_test_track_a_00352,mu gitondo cyo kuri uyu wa 24 kanama ubuyobozi n’abaturage bakomeje gukora igenzura ngo barebe ko nta muriro usigaye basanga ntawo.,none,sadness,0.023,0.011,0.119,0.12,0.889,0.022
kin_test_track_a_00354,leta y'urwanda numubyeyi kbs. itabaye abantu baribaraye batageze aho baba muri kigali.@<username> ##url##,joy,anger+sadness,0.517,0.018,0.07,0.023,0.898,0.029
kin_test_track_a_00355,igitangaje n’ukuntu ibiryo byanyu bihora bisa nk’umususwe.,disgust+surprise,disgust,0.079,0.944,0.029,0.026,0.11,0.223
kin_test_track_a_00356,"yakomeje agira ati “ndabifata ubundi nkashushanya nk’umuntu ugiye gukora igihangano cye, hamwe mbishyiraho ku ruhande, ahandi nkahashushanya ikintu runaka ku buryo ubibonye asanga igishushanyo cyanjye gifite umwimerere.”",joy,fear,0.147,0.024,0.879,0.045,0.137,0.031
kin_test_track_a_00361,"ba “komisiyoneri” bose si abahemu, gusa umubare munini wabo akenshi uzamo akantu k’ubuhemu kuko nutanze amafaranga ku wo yari agenewe abanza gukuraho aye, akamuha ibisigarizwa.",anger,none,0.082,0.005,0.015,0.062,0.078,0.057
kin_test_track_a_00362,"@<username> kkubera ko mbona mwanyihoreye kukibazo cyanjye, nshaka ko muyemererako umunsi insinga zanyu zanteje impanuka muzabyirengera!",anger,fear,0.281,0.032,0.913,0.054,0.138,0.027
kin_test_track_a_00364,"@<username> abikoze namukunda kurushaho. jya ugira critical thinking! umugabo afite umugongo kimwe n'umugore, kuba yaheka umwana rero ntacyo bitwaye!",anger,joy,0.025,0.017,0.023,0.913,0.033,0.028
kin_test_track_a_00365,@<username> birababaje kubona sector commender wa police @<username> muri @<username> afunga umwana wiga p5 kasho bugacya ajya gukora ikizamini.ibyo bikwiye? turwanye ihihoterwa. @<username> @<username> @<username> @<username> @<username> @<username>,sadness,anger+sadness,0.377,0.015,0.049,0.021,0.941,0.074
kin_test_track_a_00367,@<username> niba ari ubuswa bwanjye ... ndabona ikinyarwanda cyanditse hano ntari kucyumva neza.,none,anger,0.626,0.012,0.663,0.01,0.29,0.062
kin_test_track_a_00369,@<username> ariko buriya nawe wagombye gukurikira abandi. kuko ndabona ukurikira bake pe!!! ibyo bagukorera nawe wagombye kubikorera abandi!!!,sadness,anger,0.869,0.017,0.045,0.021,0.045,0.022
kin_test_track_a_00370,"abasirikare bamuhiritse ku butegetsi banze kuva ku izima, bavuga ko batazabumusubizaho.",anger,sadness,0.132,0.016,0.453,0.021,0.943,0.047
kin_test_track_a_00372,izajyimana umunsi umwe nijoro nzabyuka ntere ibuye mukigo cyagisirikare numve ukuntu bavuga ngo uradukanze 😂😂😂😂,sadness,anger,0.839,0.024,0.064,0.01,0.096,0.101
kin_test_track_a_00373,the city of houston and i extend our prayers and condolences to our own screwed up click legendary rapper #bigpokey family and friends.,none,joy,0.024,0.012,0.062,0.658,0.332,0.021
kin_test_track_a_00376,"uyu muhanzi mu butumwa bw’uruhererekane yashyize kuri instagram stories yabanje kugaragaza yolo the queen, ari kuririmba indirimbo ye yise “single again” arangije akurikizaho ubutumwa agira ati “uko uba wiyumva iyo utegereje imodoka yawe ya range rover.’’",none,anger,0.425,0.006,0.079,0.029,0.053,0.411
kin_test_track_a_00377,ni iminsi ibiri bari bihaye yo kureba no kuganira n’abaturage baturiye umupaka.,none,joy,0.02,0.017,0.022,0.808,0.029,0.039
kin_test_track_a_00382,"bivugwa ko muri iyo nama ""inkende yaje yicara mu idirishya rikinguye ry’icyumba cyaberagamo inama.",surprise,none,0.029,0.017,0.033,0.083,0.119,0.586
kin_test_track_a_00385,hari abantu bahisemo brain kuyikoresha nk’amasogisi mw’iyi minsi😂😂😂,anger,surprise,0.177,0.042,0.093,0.071,0.209,0.933
kin_test_track_a_00386,"ati “ubundi umutware yabaga afite agace atwara, umutware udafite aho atwaye aba atwaye iki, uwo aba ari bwoko ki?",none,sadness,0.17,0.011,0.047,0.008,0.782,0.225
kin_test_track_a_00387,turagura cure-dents mu mahanga tukavuga ko twabohowe!twarabohowe amenyo yacu arasigara-kuko abashinwa ni bo badufasha kuyasukura!”,anger,none,0.014,0.009,0.07,0.229,0.455,0.02
kin_test_track_a_00388,gusa ntabwo bayinjije mu mubiri ahubwo barayimwegereje maze bahuza imitsi yayo n’iye hanyuma babona ihise itangira kuyungurura amaraso inasohora imyanda nk’ibisanzwe.,none,sadness,0.04,0.012,0.217,0.026,0.805,0.328
kin_test_track_a_00390,"kwinjira mu gisirikare cy’u rwanda, ni ibintu bikorwa mu buryo buciye mu mucyo, mu murongo ugororotse, gusa byageze ku bongereza badashyigikiye iyi gahunda yo kohereza impunzi mu gihugu, bavuga ko rushaka abo ruzashyira mu gisirikare.",none,anger,0.794,0.018,0.335,0.01,0.337,0.057
kin_test_track_a_00391,yagaragaje ko kubona umuganga yambura ubuzima uwamuhungiyeho ari ibintu biteye isoni nubwo bishimangira ubugome n’ubukana jenoside yakorewe abatutsi yakoranywe.,anger+sadness,sadness,0.081,0.013,0.6,0.031,0.924,0.04
kin_test_track_a_00392,gahunda ariko ngo nuko uyu munsi ntamahoro agomba kuboneka😂😂😂😂😂😂😂😂 ##url##,fear,joy,0.021,0.014,0.035,0.761,0.026,0.029
kin_test_track_a_00395,ibaze ukuntu mukanya kashize igihe narinsinziriye narindi muriyinzu nakanguka nkasanga ndi muri ghetto numuriro wabuze 😂 ##url##,sadness+surprise,sadness,0.023,0.012,0.019,0.045,0.704,0.293
kin_test_track_a_00397,turi @<username> uwagenze na volcano yifuza guhora agenda nayo service nziza barayoboye mumajyepfo ntimwatanzwe rusizi ntimwatanzwe n'ahandi henshi ##url##,joy,anger,0.595,0.007,0.039,0.065,0.033,0.013
kin_test_track_a_00398,kwakundi ujya kumurongo kuri bus wamara gutappinga siyo washakaga😭😭😭😭you have to wait another 10hrs,sadness,none,0.238,0.017,0.02,0.011,0.406,0.158
kin_test_track_a_00401,ugasanga umu mama muturanye afite uruhungu rubi ariko yakubona ukumva aravuze ngo bite umukazana😏,none,sadness+surprise,0.081,0.039,0.08,0.027,0.776,0.88
kin_test_track_a_00403,"nyuma y’igihe arwaye kanseri, yaje kuyikira nta muntu umubaze, ahita akomerezaho urugendo rwe rwo gushima imana, atangira gukora ivugabutumwa.",joy+surprise,sadness,0.013,0.011,0.059,0.066,0.844,0.133
kin_test_track_a_00405,"@<username> @<username> icyonzicyo ubunyiyenzaho, kandi ibibintu sibyiza!!! dore na chrie amaze kunkuraho amaboko😭😭😭",anger,anger+sadness,0.457,0.013,0.094,0.01,0.814,0.022
kin_test_track_a_00408,yongeyeho ko ikibazo cya mwishywa we wagurishije isambu cyagejejwe mu nkiko.,none,sadness,0.026,0.012,0.063,0.031,0.849,0.027
kin_test_track_a_00413,ni yo mpamvu kadima n’itsinda rye banze ubugenzuzi bw’itsinda ryigenga batinya ko amakosa yabo ashyirwa ku karubanda.”,fear,anger,0.391,0.014,0.423,0.027,0.256,0.653
kin_test_track_a_00416,@<username> ukuntu abantu hanze aha batabyumva nicyo giteye inkeke😭😭😌 baba bijujuta !!,fear,sadness,0.182,0.009,0.23,0.023,0.892,0.018
kin_test_track_a_00418,ati “ni uko twari tumaze kubona ko hari ikibazo cy’abantu bari kweza ibijumba bikabapfana ubusa.,sadness,fear+sadness,0.044,0.023,0.866,0.035,0.892,0.151
kin_test_track_a_00420,maconco yigometse kuri mwezi.,none,disgust,0.069,0.802,0.023,0.056,0.061,0.052
kin_test_track_a_00424,ugasanga umutipe ariyemera ngo arya ibyana🛌...kdi atarigera abona umwobo w ifuku😂😂😂😂😂😂,anger+surprise,disgust,0.112,0.648,0.015,0.012,0.154,0.197
kin_test_track_a_00428,"umunyamategeko juan smuts yatangaje ko kongera guta muri yombi kayishema, byatunguye we n’umuryango w’uwo yunganira.",surprise,sadness,0.102,0.013,0.745,0.037,0.697,0.02
kin_test_track_a_00431,mbonye iriya station ya police yi remera nibuka le 1 jan tujyayo gutanga ikirego ko batwibye 😩 kwibwa kuri ny😭😭😭,sadness,anger,0.938,0.034,0.146,0.016,0.103,0.554
kin_test_track_a_00433,@<username> umva njye mbona kdi hafi gupfa peee,sadness,joy,0.024,0.008,0.037,0.349,0.174,0.009
kin_test_track_a_00434,umuntu nkawe uri kugenda urebera amashusho y'urukozasoni mu modoka?,disgust,sadness,0.149,0.055,0.148,0.023,0.873,0.82
kin_test_track_a_00435,dukora uburyo bwose bushoboka butuma umunyetorero yiyumvamo ibikorwa byaryo n’iby’igihugu.”,joy,none,0.082,0.006,0.105,0.126,0.063,0.01
kin_test_track_a_00437,ntabwo twari tubimenyereye ariko twabonye twarakinnye neza.,joy,none,0.017,0.006,0.052,0.153,0.123,0.138
kin_test_track_a_00438,"umwuka ukomeje kuba mubi hagati ya niger n’ibihugu by’amahanga by’umwihariko ibigize cedeao, umuryango wa afurika yunze ubumwe, u burayi na leta zunze ubumwe za amerika.",fear+sadness,sadness,0.032,0.012,0.353,0.093,0.859,0.016
kin_test_track_a_00440,"ku rundi ruhande ngo mu basoje amasomo kuva mu 1980 kugeza mu 2016, abo bamaze kumenyera imyirondoro bashobora gukoresha uburyo bw’ikoranabuhanga bakamenya aho bari, bagera ku bihumbi 41.",joy,none,0.026,0.007,0.161,0.315,0.049,0.151
kin_test_track_a_00441,atanga urugero ku babyeyi batuma abana bishyira ku gitutu bijyanye n’amasomo baba babahaye y’ibijyanye no gushimisha abazaba abagabo babo binyuze mu guca imyeyo nyamara uwo mubyeyi atazi niba uwo mwana we azanashaka.,sadness,none,0.047,0.007,0.013,0.211,0.091,0.019
kin_test_track_a_00445,mu 2011 urukiko rushinzwe kurengera uburenganzira bwa muntu mu burayi rwanzuye ko abakekwaho ibyaha bya jenoside bari muri suède boherezwa mu rwanda kandi byarakozwe.,joy,none,0.037,0.006,0.097,0.035,0.309,0.061
kin_test_track_a_00446,@<username> habaho no kwirengagiza mwana kugira ngo batakuniga ndaqa😂😂😂😂,none,anger,0.919,0.026,0.073,0.008,0.103,0.05
kin_test_track_a_00448,aya ni ayo bafatiye mu mujyi wa mombasa ho muri kenya umwaka ushize ubwo bari bahuriyeyo bagiye kwizihiza umunsi mukuru w’amavuko yabo.,none,joy,0.029,0.008,0.033,0.596,0.036,0.129
kin_test_track_a_00450,@<username> sorry igihe uri wenyine uge wibuka ko hari ukuri hafi uzi ibyawe akamenya ibyo ukeneye,none,anger,0.679,0.018,0.024,0.015,0.087,0.015
kin_test_track_a_00452,"gitembagara yagize ati “usanga umuforomo ahembwa ibihumbi 197 by’amafaranga y’u rwanda, iyo uyagereranyije n’ishoramari yakoze yiga, ubona kugira ngo azagaruze byatwara imyaka hagati y’irindwi n’umunani.”",sadness,none,0.132,0.014,0.12,0.017,0.454,0.695
kin_test_track_a_00453,"muri iyi raporo avuga ko atigeze agaragarizwa inyandiko zisobanura umubare wa muvelo zizakorwa n’ingano yazo, ibishobora gutuma bimwe mu bikoresho bita agaciro bigahombya leta amafaranga atari make.",none,fear,0.071,0.022,0.89,0.029,0.473,0.079
kin_test_track_a_00456,"sha sinkubeshye nsigaye ngukemanga.""",fear,sadness,0.135,0.038,0.77,0.057,0.737,0.089
kin_test_track_a_00457,"ese umuntu agusabye, ukamuha mukanya ukamubona ari kunywa biere wabifata ute???",none,anger,0.481,0.437,0.056,0.011,0.102,0.734
kin_test_track_a_00459,@<username> @<username> @<username> ibyo ni byiza cyane. ahubwo gusaba atm card ko bitinda cyane? bampaye 2 months,none,anger,0.464,0.008,0.095,0.066,0.03,0.011
kin_test_track_a_00463,atanga urugero kuri nhica do rovuma yagize ati “ingabo ziyobowe na gen nkubito umwanzi zarahamuvanye.,none,sadness,0.038,0.014,0.042,0.018,0.67,0.376
kin_test_track_a_00464,ibyo byatumye hashyirwaho ihuriro ry’amashyaka ngo aganire ku bibazo binini bireba igihugu n’abaminisitiri babagezeho ibigiye gukorwa n’ingamba igihugu gifite.,fear,none,0.084,0.005,0.029,0.041,0.136,0.036
kin_test_track_a_00465,@<username> @<username> “ibitagira abakuru birumba ari indaru (indaro)” ariko kandi igihugu kiramutse kidafite abato bacyo cyakwizera kurimbuka vuba bidashidikanywaho.,none,anger,0.832,0.011,0.095,0.008,0.275,0.05
kin_test_track_a_00466,"@<username> @<username> @<username> @<username> @<username> @<username> @<username> bigaragaza ubwisanzure mukumenyesha amakuru kuri buri wese . umuryango we ukamenyeshwa amakuru yose kugihe,",joy,none,0.18,0.007,0.022,0.128,0.035,0.01
kin_test_track_a_00467,@<username> ndumva nkugiriye imbabazi gake twese ngo ntituresha pa sorry 😭😭😭,sadness,anger,0.594,0.008,0.094,0.024,0.153,0.009
kin_test_track_a_00468,abanyamakuru bige gukoresha amarenga (geste) ntiyabumvise neza 🤣🤣 akumiro ni ivunja 🥳🥳 ##url##,surprise,anger,0.929,0.018,0.137,0.007,0.173,0.171
kin_test_track_a_00469,ati “birakenewe ko uyu mugabane wiyubaka mu bitekerezo ukumva ko utagomba kugaburirwa n’abandi.,anger,none,0.166,0.007,0.277,0.172,0.032,0.014
kin_test_track_a_00472,"@<username> 😂😂🤣🤣🤣🤣🤣🤣 kwifata biranze ndaseka, nanjye nidubura nzareba ko udafute inzāra nk'izinka!🇻🇺",joy,anger,0.859,0.014,0.076,0.012,0.081,0.022
kin_test_track_a_00477,"ibi biri mu bituma agababo n’abasore benshi bahitamo kutagaragaza intege nke zabo cyangwa ngo basabe ubufasha igihe biri ngombwa, bagahitamo guceceka no kujya kure y’abandi kugira ngo batabacira urubanza bakurikije ibihe bigoye bari kunyuramo.",none,sadness,0.026,0.014,0.304,0.02,0.893,0.162
kin_test_track_a_00480,umunsi umwe nibwo umujyanama wabo yabwiye schwarzenegger ko umugore we akeneye kumenye ukuri kose kuko yari amaze igihe amukeka amababa harimo no kubyarana n’undi mugore.,fear,sadness,0.024,0.008,0.043,0.037,0.791,0.102
kin_test_track_a_00481,@<username> @<username> @<username> @<username> @<username> @<username> @<username> @<username> @<username> @<username> @<username> @<username> nyihanganira man tubifate ko ari 1/1 twiyunge ntacyo dupfa mn,sadness,anger,0.728,0.011,0.041,0.027,0.062,0.013
kin_test_track_a_00482,polisi kandi yabwiye voa ko umubare w’abapfuye ushobora kwiyongera kuko abagenzacyaha ndetse n’itsinda rikora ubutabazi bakomeje gushakisha ababuze.,sadness,fear,0.064,0.035,0.958,0.088,0.499,0.052
kin_test_track_a_00483,"abatangabuhamya babwiye igihe ko uwo musore yari arimo gusangira inzoga na bagenzi be b’abahungu, aza kunyuzamo atangira gukorakora umwe muri bo amubwira ko yamukunze, undi ahita amukubita umugeri agwa hasi.",sadness,sadness+surprise,0.042,0.031,0.119,0.059,0.869,0.878
kin_test_track_a_00487,@<username> amahirwe menshi nuko yaba ari @<username> kuko ejo yarengeraga ndimbati nk'ufite uburambe mugutera inda 🏃🏃😂😂,anger,none,0.328,0.006,0.015,0.039,0.054,0.027
kin_test_track_a_00490,yongeyeho ko inzu yose igaragaye mu kajagari muri nyamirambo ikurwaho naho iby’abashinjwa kurya ruswa bikaba ari ubuzima bwabo ku giti cyabo.,anger,sadness,0.059,0.016,0.173,0.05,0.956,0.022
kin_test_track_a_00491,"mu ijoro ryo ku itariki ya 25 nzeri 2015 , umunsi umukinnyi wa filime saphine kirenga yizihizagaho isabukuru y’amavuko, mu buryo butunguranye umusore bakundanaga yazanye impeta y’urukundo [fiançailles] ayambika uyu mukobwa inshuti n’abavandimwe bose babireba.",joy+surprise,none,0.043,0.01,0.021,0.065,0.25,0.561
kin_test_track_a_00497,@<username> mwaramutse! internet yanze rwose mudufashe mukemure ikibazo gihari iri kutwicira akazi murako,anger+sadness,sadness,0.068,0.013,0.572,0.056,0.72,0.011
kin_test_track_a_00500,bamushinjaga ivangura no guheza bamwe mu baturage ba thailand.,none,sadness,0.069,0.021,0.105,0.028,0.967,0.059
kin_test_track_a_00506,"ubushakashatsi bukomeza buti “mu murwa mukuru [kigali], ingo zisaga 61% z’abantu ku giti cyabo zibamo abantu bakodesha.”",none,sadness,0.05,0.015,0.465,0.022,0.908,0.04
kin_test_track_a_00508,"amakipe apr fc yahoze itsinda muri afurika yamaze kuyisiga, murasezeranya abakunzi bayo ko kuri iyi nshuro muje guhangana ku ruhando mpuzamahanga?",none,joy,0.024,0.021,0.036,0.915,0.026,0.068
kin_test_track_a_00514,ati “ni igihugu tubanye igihe kirekire cyane kuva cyafungura ambasade yacyo mu rwanda.,joy,none,0.043,0.005,0.061,0.256,0.049,0.105
kin_test_track_a_00515,"“umugore yatubwiye ko bageze mu rugo bakoze imibonano mpuzabitsina barangije bararyama, mu gitondo umugore yarabyutse amusiga mu buriri ajya gushaka icyo barya agarutse arebye asanga undi yapfuye ahita atangira gutabaza.”",sadness+surprise,sadness,0.056,0.018,0.12,0.038,0.974,0.416
kin_test_track_a_00516,"habagusenga yavuze ko yasabye imbabazi umugore we batangira gushyira hamwe amafaranga yanyweraga n’ayo yajyanaga mu ndaya, ngo yahise atangira kuyabika yiguriramo igare, atangira kwahirira inka yabo kugeza ubu ngo imaze kugera kuri litiro icumi mu gihe mbere yabonaga litiro eshanu.",joy,sadness,0.039,0.012,0.036,0.1,0.885,0.019
kin_test_track_a_00518,"ati “nyuma yo guhabwa amakuru yizewe n’abaturage baturiye umupaka, ko hari magendu y’imyenda ya caguwa yinjijwe mu gihugu ivanywe mu bihugu by’abaturanyi, polisi yateguye ibikorwa byo kubafata, mu murenge wa kigarama wo mu karere ka kirehe, ku isaha ya saa kumi n’ebyiri za mu gitondo hafatirwa abantu batanu bari batwaye ku magare amabalo atanu.”",none,sadness,0.042,0.021,0.829,0.068,0.827,0.029
kin_test_track_a_00519,"ati “ndashaka nihere ubutumwa inshuti yanjye jean fidèle, ndashaka nkubwire ko bitamvuye mu mutwe igihe wishimaga ibyishimo byanjye.",anger,joy,0.015,0.007,0.038,0.727,0.039,0.053
kin_test_track_a_00521,"hashize iminsi ikibazo cy’iyi ndwara gikurikiranwa cyane haba ku nzego z’ubuyobozi n’abahinzi ubwabo muri rusange, ariko ngo biranga bikaba iby’ubusa, uburwayi bugakomeza kwibasira umusaruro w’abahinzi.",sadness,fear,0.088,0.048,0.965,0.103,0.323,0.041
kin_test_track_a_00522,@<username> ubwo se si nko kuvugira #ishapure na rozari mu musigiti ku munsi w'iteraniro ra🙄🙄,none,anger,0.81,0.017,0.038,0.009,0.057,0.11
kin_test_track_a_00524,@<username> rayon imyenda tadusaziyeho peee!! uziko ku mupira wa mico izina rayon ryasibye!!! shameful for @<username>,anger+sadness,joy,0.026,0.009,0.016,0.763,0.051,0.048
kin_test_track_a_00527,hari abantu baba banezezwa no gufasha abayobozi ntacyo bibatwaye.,none,joy,0.013,0.01,0.021,0.33,0.373,0.021
kin_test_track_a_00532,agahinda ka mbere nugufana arsenal uri umukene rwose,anger+sadness,none,0.093,0.057,0.014,0.019,0.129,0.018
kin_test_track_a_00533,"umva sister menya amazina ya boyfriend🙎‍♂️🙎‍♂️ wae ya nyayo ntagutera inda ntabwo tuzagufasha gushaka """" mane dreezy"""" 😂🤣🤣🤣🤣🤣🤣",none,anger,0.88,0.012,0.088,0.015,0.092,0.025
kin_test_track_a_00536,"kalisa callixte ni umwe mu bikorera uvuga ko yahamagajwe n’ikigo cy’imisoro n’amahoro, kugira ngo asobanure imvano y’ibicuruzwa bigeze kuri miliyoni 200 frw byagaragaraga mu ikoranabuhanga ry’imisoro ko byaranguriwe kuri tin ye, ariko ntabisorere nk’umuntu wabicuruje.",none,joy,0.019,0.004,0.067,0.372,0.075,0.026
kin_test_track_a_00537,"yaramututse ngo ni imbwa, ngo na mama wawe ni imbwa.",sadness,none,0.029,0.054,0.022,0.019,0.577,0.058
kin_test_track_a_00538,"@<username> @<username> namba no kukuruma bwageze mu kanwa watangiye kumva ubunyunyusi bwabwo,uzi kukuruma umunwa ugiye gutamira,umunwa ugahita ubyimba!🤣🤣🤣",sadness,none,0.106,0.036,0.026,0.008,0.522,0.294
kin_test_track_a_00541,"@<username> babyeyi amazi turayakumbuye, mukore geste wenda tubone ayo kunywa ibicurane bigiye kutwica",sadness,anger,0.727,0.017,0.449,0.007,0.37,0.095
kin_test_track_a_00542,"umuyobozi mukuru wa irembo, israel bimpe, yagaragaje ko hakenewe kubaka ibikorwaremezo bikomeye kugira ngo abaturarwanda babone internet nziza kandi yizewe.",none,joy,0.056,0.007,0.147,0.415,0.028,0.013
kin_test_track_a_00544,@<username> @<username> uyu mwana aba rayon tumugurire umwenda wa equipe! uburayon buravukanwaaa!!,joy,none,0.175,0.007,0.012,0.246,0.047,0.009
kin_test_track_a_00545,urongoye umugore mwiza aganya ibyago nuteye igiti cyamapera mukigo cyamashuli ya primary😂❤️,sadness,joy,0.031,0.01,0.011,0.542,0.037,0.022
kin_test_track_a_00549,yatanze urugero rw’uherutse gutabwa muri yombi ashinjwa kwandika ubutumwa bushishikariza abantu gusambanya abana.,sadness,sadness+surprise,0.095,0.045,0.143,0.053,0.679,0.906
kin_test_track_a_00550,"ati “ikibazo cyarakemuwe, turabona intambwe igenda iterwa mu bijyanye n’umubare munini w’abantu bari baravanywe mu byabo bari kubasha gusubira mu byabo kandi bagatangira ibikorwa nk’uko bikwiye.""",joy,none,0.116,0.009,0.247,0.159,0.044,0.009
kin_test_track_a_00551,ai nyamara uba utubwiye nabi aba papa twirira udusendababoyi😅 ushatse wakwihana @<username> 🤣🤷🏾‍♂️ ##url##,sadness,anger,0.947,0.023,0.092,0.015,0.054,0.045
kin_test_track_a_00553,"🙃mani girl arambwiye ngo iyambarire byanze …, ndacyamusaba another round ndakomeza mbahe ikuru 😭😭😭",none,sadness,0.136,0.008,0.037,0.01,0.658,0.222
kin_test_track_a_00557,@<username> @<username> @<username> ni agahomamunwa c? cg njye mbaza ibindeba?🤦🤸,none,anger,0.862,0.016,0.063,0.01,0.057,0.05
kin_test_track_a_00559,ubu buryo kandi bugabanya ibibazo bishobora kuvuka mu guhanahana amafaranga hagati y’abantu.,joy,none,0.086,0.01,0.483,0.035,0.185,0.027
kin_test_track_a_00560,"ubaye urumukobwa, ufite million 7 munzu, umujura akinjira, akagusaba ko mwakora sex, cg gutwara ayo amafaranga wahitamo iki?",sadness+surprise,anger,0.529,0.032,0.061,0.009,0.237,0.587
kin_test_track_a_00563,@<username> @<username> hari umukobwa wambwiye ngo iyo umunsi wije atabonye umugabo umureba ngo amukurikize ijisho amenya ko uwo munsi yambaye nabi.,surprise,none,0.133,0.011,0.202,0.024,0.363,0.65
kin_test_track_a_00565,byazanye amara ahubwo niyompamvu bivuga nk’ibijunditse umwanda,anger+disgust,anger,0.953,0.065,0.096,0.009,0.082,0.081
kin_test_track_a_00567,sinzi impamvu iyo maze kurya mubaturanyi mpita numva nakwitahira 😊😊,surprise,anger,0.514,0.007,0.051,0.012,0.222,0.02
kin_test_track_a_00568,nyirashema yahakanye ibyo umusore we amushinja avuga ko yabivuze kuko ashaka kumutwara inzu.,anger,sadness,0.062,0.015,0.035,0.021,0.929,0.285
kin_test_track_a_00570,"manirarora vincent, wacikirije amashuri, ubu akora akazi ko gutwara abagenzi kuri moto mu karere ka karongi, avuga ko mu bituma urubyiruko rwangije amashuri rutabona akazi harimo no gusuzugura imirimo imwe n’imwe.",none,sadness,0.024,0.01,0.244,0.242,0.669,0.009
kin_test_track_a_00571,kwinjira muri iki gitaramo bisaba kwishyura ibihumbi 10frw ubundi ukayanywera wumva icyanga cya amstel.,joy,none,0.108,0.017,0.022,0.222,0.029,0.133
kin_test_track_a_00572,"inyubako y'umurenge wa @<username> yatwaye amafaranga y'u rwanda miliyoni 900 gusa, nyamara ni imwe mu nyubako zigezweho dufite. @<username> 👏🏾👏🏾👏🏾 @<username> @<username>",none,joy,0.011,0.009,0.032,0.534,0.588,0.057
kin_test_track_a_00576,"yageze aho ahindura ishyamba rya shakahola mu burasirazuba bwa kenya nk’ahantu hadasanzwe, abakirisitu bajyaga guhurira bakahamara iminsi basenga.",surprise,sadness,0.046,0.019,0.051,0.033,0.965,0.287
kin_test_track_a_00578,@<username> ibyo yakoze nibyo bikwiriye. nta gitangaza yewe nta n'inkuru irimo. imana iri hejuru cyane y'ibyubahoro byacu kuko minayo ibitugabira.,none,anger,0.92,0.018,0.071,0.02,0.204,0.026
kin_test_track_a_00579,ati mwana wanjye humura aho batari nzahababera.,joy+sadness,sadness,0.284,0.015,0.116,0.01,0.815,0.022
kin_test_track_a_00590,noneho ikibabaje n’ukuntu azinduka n’imituna ishoka ku maso nkaho aba mu ishamba.,disgust,sadness,0.029,0.04,0.068,0.044,0.934,0.689
kin_test_track_a_00592,@<username> @<username> @<username> @<username> @<username> @<username> @<username> @<username> @<username> @<username> @<username> nukwesa uyumuhigo wa musa kuko ningirakamaro mubuzima bw'umuturage tubigire ibyacu,none,anger,0.602,0.009,0.128,0.031,0.247,0.01
kin_test_track_a_00597,mwana wa mama waje tukajya twivugira story zubusambanyi ko ntawe uzatwinjijirira ##url##,none,anger,0.907,0.021,0.08,0.011,0.104,0.049
kin_test_track_a_00601,bavuga ko umutangabuhamya mu rubanza yayobeje abacamanza avuga ko ataramenya neza niba azasaba indishyi z’amafaranga.,sadness,fear,0.174,0.026,0.936,0.049,0.454,0.045
kin_test_track_a_00603,"@<username> bibiliya irakureba nawe, yubahe unayikurikize kugira ngo uzaramire mu gihugu uwiteka imana yawe iguha",none,anger,0.701,0.011,0.038,0.03,0.055,0.011
kin_test_track_a_00604,@<username> @<username> @<username> utarumva umwana asuhuza se amuhereza ingumi ati gongaho gee😁,none,anger,0.74,0.013,0.031,0.009,0.109,0.047
kin_test_track_a_00606,umvugiye ibintu rwose kandi neza! inabi ku isi imaze iki? kubiba amahoro bigoyeho iki? duharanire ku #baimfura 🙏🏾 ##url##,anger,joy,0.074,0.006,0.025,0.502,0.073,0.008
kin_test_track_a_00610,yapfuye atabaye umwami.,sadness,none,0.061,0.235,0.015,0.019,0.165,0.062
kin_test_track_a_00612,yakomeje avuga ko uyu muryango bawohereje kuri rib ya kimisagara kugira ngo utazicana anashimangira ko uwo mugore wakabiri nawe yamaze kuva muri urwo rugo.,fear+sadness,sadness,0.044,0.005,0.088,0.042,0.711,0.015
kin_test_track_a_00615,@<username> hari umwana utaha iwabo uherutse kuntira ghetto ngo umwana azamusura ndanga ##url##,none,anger,0.373,0.005,0.047,0.01,0.196,0.036
kin_test_track_a_00617,@<username> ntago ubeshye rwose ni indamutsa @<username> arakaguhama wamfura we,joy,none,0.114,0.006,0.01,0.311,0.07,0.012
kin_test_track_a_00619,twatunguwe no gusanga imitungo yose yarayiyanditseho tutabizi nk’abanyamuryango ba koperative.,surprise,sadness,0.043,0.027,0.043,0.018,0.874,0.466
kin_test_track_a_00620,"yakomeje abwira uyu muntu ko yizera ko nyuma y’ibi ameze neza kandi amusezeranya ko uwamwibasiye agiye kumukumira akanamukomanyiriza kuri instagram, kuko atakwihanganira imyitwarire nk’iyo yagaragaje.",anger,none,0.048,0.004,0.148,0.172,0.199,0.008
kin_test_track_a_00623,sano ati “tumaze imyaka myinshi tuvuga ngo impanuka zigabanuke ariko birashoboka.”,none,fear,0.116,0.067,0.966,0.138,0.128,0.058
kin_test_track_a_00624,"kugeza ubu ibinyabiziga n’abantu baca mu mazi, bikaba ingorane mu gihe cy’imvura kuko hari n’abo bisaba kurara hakurya iyo basanze umugezi wuzuye.",sadness,fear+sadness,0.054,0.045,0.948,0.069,0.813,0.043
kin_test_track_a_00627,emeran na we yamusubije yifashishije akamenyetso k’igipfunsi wasobanura nko gushyigikira ibyo avuze.,none,anger,0.455,0.009,0.035,0.019,0.047,0.07
kin_test_track_a_00630,nizere ko babantu bafashaga mama kumfata agiye kunkubita ubu bakora muri cia na fbi😭😭 ibigome gusa😩,anger,sadness,0.183,0.019,0.043,0.017,0.964,0.222
kin_test_track_a_00632,"ibibazo mu gutwara abantu mu mujyi wa kigali bikunze kugarukwaho kenshi mu bitangazamakuru, aho abagenzi bagaragaza ko bamara umwanya munini bategereje imodoka bikabagiraho ingaruka zitandukanye.",sadness,fear+sadness,0.051,0.03,0.889,0.048,0.923,0.047
kin_test_track_a_00635,cyakoza harinabantu badakunda bagenzi bababo reba ukuntu uyumushinwa akubita umunyarwanda mugenziwe areba rukara yari intwari peee ##url##,anger+sadness,sadness,0.084,0.024,0.024,0.031,0.894,0.662
kin_test_track_a_00636,"@<username> @<username> @<username> ntabwo ndubaka ariko ndumva imvune z’umubyeyi n’inshingano zo kurinda ubuzima bw’umwana, nkurikije ibyo uvuga @<username> .",sadness,anger,0.582,0.008,0.063,0.064,0.03,0.013
kin_test_track_a_00642,ibi ni byo bituma mvuga ko twiteguye neza.”,joy,none,0.026,0.007,0.637,0.181,0.102,0.063
kin_test_track_a_00644,@<username> @<username> @<username> @<username> @<username> ariko ngo hari n'abananiwe ingo basigaye bigisha abandi kwigumura mu rushako. ntibizoroha.,anger,anger+sadness,0.442,0.013,0.04,0.008,0.796,0.042
kin_test_track_a_00645,"ati “twakoreye muri za laboratwari zacu ziri i kigali, i huye, i musanze n’ahandi.",none,joy,0.02,0.011,0.14,0.606,0.037,0.031
kin_test_track_a_00646,mu cyumweru cyabanjirije igishize ni bwo davis d yagaragaraye yambaye inkweto za big red boots zigezweho mu ruganda rw’imideli.,none,joy,0.033,0.013,0.064,0.42,0.075,0.705
kin_test_track_a_00652,ark c musore ni gute uteka igikoma cyakubunnye cyamara gushya aho kugishyira muri teremusi ukakimena hasi koko🙄🙄🙄,anger+sadness,anger,0.926,0.096,0.097,0.01,0.075,0.352
kin_test_track_a_00657,icyo gihe umutwe w’umurangangoma w’ingoma ye wari ingabo zitwaga “abaganda”.,none,sadness,0.047,0.066,0.022,0.016,0.881,0.202
kin_test_track_a_00658,julienne uwacu wayoboraga @<username> iheruka guseswa yahawe umwanya muri minisiteri y’ubumwe bw’abanyarwanda n’inshingano mboneragihugu nk’umuyobozi nshingwabikorwa w’ishami rishinzwe ukwiyubaka kw’umuryango. #rwanda @<username> ##url##,none,joy,0.027,0.01,0.019,0.723,0.036,0.02
kin_test_track_a_00659,uyu munsi ninde wakubeshye nturabukwe? cyangwa umunsi wo kubeshya waribagiranye!,none,anger,0.784,0.021,0.037,0.009,0.055,0.07
kin_test_track_a_00661,"biden yavuze ko yanze ibyo perezida putin yasabaga mbere y’uko intambara itangira, by’uko ukraine itakwemererwa kwinjira muri nato, avuga ko uyu muryango ufunguye kuri buri wese.",anger,none,0.256,0.006,0.289,0.058,0.056,0.015
kin_test_track_a_00663,"@<username> unshotoye bikambabaza sinaviramo aho da,nagukoma 😂😎",anger,sadness,0.092,0.015,0.152,0.039,0.955,0.021
kin_test_track_a_00664,munyumvire abase biyemeje icyaha batakoze kandi banasjija banahamya abandi icyaha bataranabaho. ibi nabyo ni icyaha ubwabyo bakoze. ##url##,surprise,anger,0.975,0.041,0.141,0.017,0.091,0.078
kin_test_track_a_00665,@<username> bisanzwe bizwi nubundi ko ferwafa ikora nabi wagira ngoyo na reb biba biri kurushanwa,anger+sadness,anger,0.446,0.009,0.109,0.009,0.529,0.532
kin_test_track_a_00667,@<username> @<username> kowagira ngo urumuhungu cg ubavukamo urumwe🤔😂😂 nibyo iyo ukabije 3 iya gatatu niyo kugutabara imvura yaguye😂😂,none,anger,0.739,0.012,0.039,0.016,0.108,0.012
kin_test_track_a_00668,akarere ka @<username> umurenge #tumba akagari ka #gitwa umudugudu #berwa habaye kwangirika kw'itiyo y'amazi bityo amazi ari kumeneka ku buryo bukabije. @<username> @<username> #tabara ##url##,fear,sadness,0.039,0.014,0.121,0.114,0.891,0.011
kin_test_track_a_00671,@<username> abantu batukana baba bagaragaza intege nke muguhangana kuko umuntu ntiyemezw ningano yibitutsi wamututse ndabashimiye,none,joy,0.019,0.019,0.019,0.905,0.045,0.082
kin_test_track_a_00673,youtubers rn: baguwe gitumo bari kunywa urumogi ba banyamakuru mukunda cyane ##url##,sadness,joy,0.014,0.025,0.024,0.939,0.051,0.057
kin_test_track_a_00674,harigihe wibwira ko uri gutwika nyamara uri gushiririza 💀,anger,none,0.139,0.099,0.035,0.015,0.112,0.527
kin_test_track_a_00676,"iyi minisiteri itangaza ko mu gihe icyorezo cya covid-19 cyagenza make, icyizere cyo kuramba kizongera kuzamuka.",none,fear,0.087,0.06,0.971,0.109,0.179,0.07
kin_test_track_a_00677,"birasa n’aho abaturage bo muri ibyo bihugu banyuze muri byinshi kubera u bufaransa, magingo aya bakaba bashaka kubwigobotora bubi na bwiza.",anger,none,0.333,0.035,0.708,0.011,0.61,0.348
kin_test_track_a_00678,"mu rwanda, urumogi rushyirwa mu cyiciro cy’ibiyobyabwenge bihambaye, aho umuntu wese uhamijwe n’urukiko gukora, guhinga, guhindura, gutunda, kubika, guha undi, cyangwa kurugurisha mu gihugu, ahanishwa igifungo cya burundu n’ihazabu y’amafaranga y’u rwanda arenze miliyoni 20 ariko atarenze miliyoni 30.",surprise,sadness,0.066,0.015,0.033,0.062,0.742,0.011
kin_test_track_a_00683,"@<username> banza wige kwandika wa kabwa we, mbere y'uko wadukira abo utabasha no gufungura udushumi tw'inkweto zabo.",anger,none,0.26,0.011,0.017,0.056,0.035,0.014
kin_test_track_a_00687,"bitunguranye kuri ako gace yahasanze abandi bagabo batatu bose bategereza ko ubwo bwato buhaguruka, ariko ngo yari afite ubwoba ko abo bantu bashya bahuye bashoboraga kumwica cyangwa bakamusunika mu mazi.",fear,fear+sadness,0.043,0.043,0.956,0.081,0.704,0.059
kin_test_track_a_00688,birasa n’ibigamije guca intege abandi ngo bataza kuko hari igihano gikomeye kibategereje.,none,sadness,0.07,0.027,0.179,0.008,0.844,0.056
kin_test_track_a_00690,"mu gihe yari ategereje kuririmba, uyu muhanzi w’umunya-nigeria yasohokeye ahantu hatandukanye muri kigali ari nabwo amashusho umukundwa yashyize hanze bari kumwe yafashwe.",none,joy,0.033,0.008,0.017,0.566,0.035,0.051
kin_test_track_a_00691,@<username> @<username> @<username> @<username> @<username> @<username> @<username> @<username> @<username> @<username> uyu mugore ni umugome bikabije. ni ishitani neza neza! @<username> rwose mudufashe uyu mugore ahanwe by’intangarugero!!,anger,joy,0.016,0.039,0.044,0.97,0.055,0.083
kin_test_track_a_00692,"@<username> @<username> @<username> @<username> @<username> @<username> @<username> @<username> @<username> @<username> @<username> , humura grand frere. turi kumwe. amahoro asagambe muri wowe no mu bawe. rwose humura.",none,joy,0.021,0.031,0.034,0.964,0.038,0.051
kin_test_track_a_00693,reba iyo photo? mu bigogwe ni hamwe mu hantu ha mbere haba amafoto meza muri iki gihugu ##url##,joy,none,0.065,0.006,0.029,0.236,0.031,0.129
kin_test_track_a_00694,ati “kenshi usanga imishinga idindira kubera ko inyigo zitaba zarakozwe ngo zirangire cyangwa umuntu udafite ubumenyi ari we wakoze ibarura no kugena ibiciro wagera aho ugiye kubaka ukibaza niba ibyanditswe mu mpapuro ari ibizakoreshwa aho bikakuyobera.,sadness,none,0.174,0.011,0.114,0.01,0.505,0.076
kin_test_track_a_00698,@<username> @<username> @<username> karumye? 😂😂😂😂 niyompamvu njye mukangurira kwibwirira ikimama cyibizi (amazi) byinshi mumubili cya @<username> 😂😂😂😂😂,sadness,anger,0.697,0.038,0.021,0.006,0.101,0.053
kin_test_track_a_00699,"muri ayo majwi yabonywe bwa mbere na cnn, cbs na bbc, trump yumvikana asa nk’urambura izo nyandiko nka kumwe umuntu aba ari gusoma igitabo agahindura ipaji imwe ajya ku yindi, akagera aho avuga ati “izi zo zirimo amakuru y’ibanga akomeye.”",none,anger,0.708,0.015,0.149,0.015,0.08,0.659
kin_test_track_a_00701,@<username> uyumugabo yanijajara byo reka hashye mazurebe ngo harashya byanyabyo noneho nurwanda maze rurahita rwisubiza ibyo rwaskwe,none,anger,0.975,0.044,0.175,0.014,0.075,0.093
kin_test_track_a_00702,"@<username> wapi ntabwo byoroshye, buriya ari wowe upfukamye, wakumva ko ari fight koko.",sadness,anger,0.912,0.014,0.158,0.007,0.166,0.145
kin_test_track_a_00703,turi kugana mu bihe by’umubano mubi hagati y’u bubiligi n’u rwanda tutazi neza igihe bizamara n’ubukana bizaba bifite ariko byashoboraga kwirindwa ukurikije amakuru ahari.,fear,none,0.028,0.018,0.785,0.061,0.564,0.052
kin_test_track_a_00704,‘goodlife health & beauty pharmacy’ ni farumasi yiyemeje kwita ku byo buri munyarwanda wese akeneye bijyanye n’ubuzima n’imibereho myiza.,none,joy,0.027,0.014,0.034,0.878,0.027,0.03
kin_test_track_a_00706,ntiwakwifuza kwicarana n'umuntu urwaye ibinyoro,disgust,none,0.096,0.32,0.056,0.008,0.173,0.115
kin_test_track_a_00707,"*murakaza neza mu materaniro adasanzwe y’uyu munsi uramenya imirimo16 y’akamere n’imbuto9 z’umwuka.* @<username> kicukiro, kigali, rwanda ##url##",none,joy,0.02,0.031,0.027,0.951,0.033,0.065
kin_test_track_a_00709,ariko ngo aho mwari muri babagaburiye ibyaboze,disgust,anger,0.638,0.191,0.026,0.005,0.249,0.081
kin_test_track_a_00710,@<username> aka ka kane ushyizemo niko kabi urankomerekeje ubyumve. niwumva ufite ubumuntu unsabe imbabazi rwox,sadness,anger,0.695,0.009,0.071,0.026,0.369,0.015
kin_test_track_a_00712,ibiganiro bya perezida kagame na serge brammertz bibaye mu gihe hari abantu bagize uruhare muri jenoside yakorewe abatutsi bakomeje kwihisha hirya no hino ndetse ibihugu bimwe birimo n’u bwongereza bigashinjwa no kubakingira ikibaba.,sadness,none,0.103,0.005,0.032,0.037,0.548,0.017
kin_test_track_a_00713,"radio okapi yatangaje ko fayulu yasabye amahanga kumushyigikira, ntazigere yohereza indorerezi muri aya matora mu rwego rwo gushyigikira demokarasi n’uburenganzira bwa muntu.",anger,joy,0.072,0.006,0.162,0.419,0.04,0.015
kin_test_track_a_00716,"uyu mukinnyi yavuze ko biramutse bibaye, byaba ari inzozi zibaye impamo.",none,sadness,0.015,0.023,0.189,0.027,0.933,0.177
kin_test_track_a_00717,gifite mukanwa hanuka nk‘imbwa yaboreye mu mazi.,anger+disgust,disgust,0.178,0.982,0.045,0.063,0.045,0.067
kin_test_track_a_00719,"nitutarangiza iyi nyubako mu mwaka, ni ikimwaro kuri twebwe.""",none,joy,0.018,0.011,0.062,0.817,0.03,0.036
kin_test_track_a_00721,noneho shahu ukuntu bipfunira aho babonye?!,disgust,anger,0.679,0.323,0.037,0.005,0.233,0.079
kin_test_track_a_00725,💐💐💐 mwakire izi ndabyo n'iyi ndirimbo n'ibyanyu. turababaye no kuvuga bamwe biragoye. gusa ikivi cyanyu tuzacyusa nicyo twabizeza. #kwibuka27 #genocideagainsttutsi #neveragain ##url##,sadness,anger,0.533,0.009,0.056,0.047,0.521,0.012
kin_test_track_a_00729,ni nde wo kubibazwa?,none,anger,0.735,0.202,0.108,0.008,0.037,0.203
kin_test_track_a_00730,"iyo bitaba amahirwe n’umunyezamu pavelh ndzila werekanye ko ari ku rundi rwego, iyi kipe y’ingabo yashobora kwinjizwa ibitego bitatu aho mukura vs yayisatiriye bikomeye mu minota 45 ibanza.",none,joy,0.037,0.012,0.121,0.352,0.069,0.318
kin_test_track_a_00732,hari abatawe muri yombi bari kubazwa barimo n’umugabo we kuko ni we muntu uzwi bari bafitanye amakimbirane.”,none,sadness,0.036,0.018,0.434,0.056,0.948,0.024
kin_test_track_a_00733,"guhera mu mpera z’icyumweru gishize, hari inyandiko yakwirakwijwe ku mbuga nkoranyambaga, bigaragara ko ari paji imwe yafotowe ikuwe muri raporo nini.",fear,surprise,0.071,0.03,0.361,0.079,0.291,0.915
kin_test_track_a_00738,@<username> nukuri darla iyo utaywa inzoga ntabwo biba byabaye....,sadness,anger,0.884,0.016,0.083,0.01,0.093,0.025
kin_test_track_a_00739,reba aya macandwe wujuje aha,anger+disgust,disgust,0.345,0.952,0.048,0.026,0.039,0.082
kin_test_track_a_00742,@<username> ikibazo ni umuriro waho😂😂😂💀!,sadness,anger,0.835,0.014,0.061,0.008,0.122,0.029
kin_test_track_a_00744,"abarwanyi ba wagner bazwi nk’abacanshuro, bamaze gukorera ibikorwa bya gisirikare mu bihugu bya afurika ndetse no muri syria, aho bivugwa ko barwanye bikomeye n’ingabo za leta zunze ubumwe za amerika mu 2018.",none,sadness,0.047,0.009,0.226,0.022,0.801,0.042
kin_test_track_a_00747,"wowe wahoze uri urubavu rwanjye, none warusize rurangaye 🎶 ##url##",sadness,none,0.216,0.037,0.012,0.021,0.082,0.028
kin_test_track_a_00751,uyu mugore usanzwe akora mu kagari ka tetero mu murenge wa muhima amakuru avuga ko intandaro yo kugira ngo atere icyuma n’icupa mu mutwe uwo mugabo ari uko yasohotse mu nzu bari barimo yiruka kandi atamwishyuye amafaranga bari bumvikanye.,anger+sadness,sadness,0.04,0.015,0.231,0.051,0.965,0.084
kin_test_track_a_00752,"nyina yasaga nk’ufite ikimwaro, yateraga ubwoba uwageragezaga kujyana uwo mwana w’umuhungu ku bitaro.",none,sadness,0.037,0.035,0.827,0.024,0.709,0.059
kin_test_track_a_00756,iyo wateraga akajisho ku bitabiriye wabonaga ko bamwe batashye badashize ipfa.,sadness,none,0.013,0.023,0.025,0.052,0.599,0.057
kin_test_track_a_00757,@<username> humura. ibyiza biri imbere. kandi amahoro aganze kuri wowe.,none,joy,0.022,0.015,0.026,0.893,0.041,0.02
kin_test_track_a_00759,ni uburyo bwubakiwe kugenzura no gucunga umutekano w’ikinyabiziga ndetse n’ugitwaye aho ishobora kubona ko hashobora kuba impanuka maze igahita ifata feri byihuse kuburyo bishobora kuyirinda cyangwa bikagabanya ibyago byayo.,joy,fear,0.138,0.047,0.949,0.102,0.166,0.077
kin_test_track_a_00764,uretse mu ikinamico wari wabona ahandi hanu umukobwa yanze umusore wumukire agasanga uwumukene 😒😒,anger,surprise,0.161,0.045,0.087,0.059,0.55,0.95
kin_test_track_a_00765,@<username> nyihera follow back unansobanurire ubusobanuro bwa troll bukwapplyingaho naho kwishima byo ntabyo tuzashira agahinda nitugera kwa nyagasani umugani w'abacatholique ##url##,sadness,anger,0.911,0.017,0.086,0.022,0.061,0.019
kin_test_track_a_00767,"@<username> turi abo yaremye ituremeye imirimo myiza muri kristo yesu, iyo yiteguriye kuva kera. abefeso 2:10",none,joy,0.055,0.009,0.016,0.523,0.029,0.012
kin_test_track_a_00768,ntibisanzwe! abagabo bafashwe n’irari bafatira ku ngufu abagore mu rusengero pasteri areba. nawe ushake amafoto😂😂😂 ##url##,sadness+surprise,sadness,0.281,0.021,0.06,0.019,0.809,0.829
kin_test_track_a_00769,"yagize iti “intare nshya mu nzu, @<username>",none,joy,0.02,0.019,0.039,0.898,0.034,0.029
kin_test_track_a_00770,"ati ""umugore yahaye amakuru inzego z’umutekano agaragaza ko muri icyo kigo hari gutangwamo serivisi zishingiye ku butinganyi.",sadness,joy,0.01,0.008,0.245,0.677,0.112,0.047
kin_test_track_a_00772,iminsi ibaye itatu yikurikiranya u burusiya bwongeye kugaba ibitero bikomeye ku murwa mukuru wa ukraine kyiv no mu bice bitandukanye by’igihugu.,none,sadness,0.029,0.008,0.258,0.032,0.736,0.053
kin_test_track_a_00776,@<username> biriya yakoze byo gukubita umwari kuriya kabone nubwo yaba yanyweye izingana gute akabura ubwishyu ni amahano,sadness,anger+sadness,0.818,0.019,0.073,0.01,0.765,0.075
kin_test_track_a_00778,muri #centreafrica ibibanza biri kugura makeya. gusa n'akabanga mbibiye...😎,surprise,none,0.026,0.008,0.042,0.086,0.122,0.197
kin_test_track_a_00779,@<username> reba icyana hasi sha nkujyane nawe x,none,anger,0.911,0.031,0.077,0.011,0.068,0.031
kin_test_track_a_00781,"hari abagize ngo ibuye ryagaragaye ntiriba ricyishe isuka, ku buryo abakinnyi b’amavubi bagombaga guserukana imyenda mishya nk’uko byari byavuzwe ko bayihabwa.",none,sadness,0.019,0.022,0.719,0.04,0.745,0.059
kin_test_track_a_00783,ubu se uwaraye muri stade ko itegeko ryasohotse yamaze kuhagera ubwo ntaribuhite afata icyumba?,none,anger,0.626,0.035,0.102,0.019,0.094,0.773
kin_test_track_a_00784,umwe mu baturage wanze ko amazina ye atangazwa yagize ati “umva abajura batumereye nabi bakubita abantu bakabakomeretsa noneho ubu baduye ingeso yo kukwiba n’imyenda wambaye ugasigara wambaye ubusa.”,fear+sadness,sadness,0.245,0.015,0.083,0.017,0.967,0.136
kin_test_track_a_00786,"ahantu honyine guterres avuga u rwanda, ni aho agaragaza ko umubano warwo na congo wazambye nyuma y’uko m23 itangije intambara.",surprise,anger,0.461,0.007,0.089,0.009,0.151,0.166
kin_test_track_a_00788,"seville ikimara gutsindwa, abakinnyi bayo bashyushye mu mutwe, byavuyemo guhabwa ikarita y’umuhondo ya and rafa mil wari ku ntebe y’abasimbura.",sadness,none,0.087,0.007,0.018,0.069,0.126,0.214
kin_test_track_a_00789,"@<username> ikiganiro cyiza. usibye no kuba abo baba babizi, hari n'ubwo abo wizeraga baba ari bo bamusambanya. ni hatari.",sadness,none,0.237,0.005,0.061,0.087,0.347,0.007
kin_test_track_a_00791,nyuma yo kugobokwa n’abagiraneza uyu muhanzi yahise agaruka ku mbuga nkoranyambaga atangiza ubukangurambaga bwo gukusanya inkunga yo kuvuza umubyeyi we.,joy+sadness,sadness,0.066,0.014,0.13,0.026,0.964,0.165
kin_test_track_a_00793,mutsobanurire pe ubanze icyongereza cyanjye ari hafi yantacyo. johnson&amp;johnson c na rwo ni swarara ##url##,none,anger,0.893,0.015,0.099,0.015,0.06,0.04
kin_test_track_a_00797,@<username> erega byinshi mubyumuntu yakora ntago burigihe bimugira undi utandukanye nuwo ariwe twe turashaka kwirira show ibindi inkiko nakazi kazo,anger,none,0.268,0.01,0.013,0.097,0.047,0.011
kin_test_track_a_00798,ntugate umwanya wae wigisha cg uhanura udashaka guhinduka ... kuko ntibishoboka ko wahindura umuntu mudahuje imico😔,none,anger,0.843,0.019,0.175,0.013,0.054,0.045
kin_test_track_a_00801,ati “ubwo rero turakeka ko impamvu bihekuye ari ubushobozi buke bwo gutunga abo bana nubwo bidakwiye na gato.”,sadness,fear,0.094,0.017,0.9,0.037,0.431,0.04
kin_test_track_a_00802,"🎸ubukene bw'amafaranga ntawe budashavuza. nyamara uzajye wibuka ko imana ariyo ibigaba. 📌rubanda ntibakakoshye, kubana biruta byose. ~makanyaga abdul",none,anger,0.829,0.011,0.052,0.018,0.102,0.014
kin_test_track_a_00803,"ati “kugira ngo impfu n’indwara zigabanuke ndetse havuke abana bazima, iyi ni yo ntego yacu.",fear+joy,joy,0.03,0.013,0.198,0.719,0.058,0.015
kin_test_track_a_00804,utabeshye murusengero bateretse imbere uduseke kamwe arako gushyiramo amaturo yo gushimira pasitoro akandi perezida akandi google...nakahe kakuzura mbere?,surprise,anger,0.901,0.021,0.038,0.015,0.069,0.142
kin_test_track_a_00805,ese ntagatsiko ka bagore cg abakobwa baba kire bagumiwe mwaba muzi ngo umuntu atagire abikundishweho?,none,anger,0.766,0.017,0.047,0.007,0.333,0.146
kin_test_track_a_00806,ibipimo ku bumwe n’ubwiyunge byerekana ko abanyarwanda 94% bumva neza ubumwe n’ubwiyunge ariko abagera kuri 27% bafite ibikomere bakomora ku mateka.,joy+sadness,none,0.035,0.018,0.853,0.098,0.33,0.025
kin_test_track_a_00807,"urupfu ruragapfa😭, uruhukire ijabiro kwa jambo💔. warakoze cyane ku bwa buri kimwe, nzagukumbura iteka ryose🙏. @<username> 👑 @<username> repubulika y'u rwanda ##url##",sadness,joy,0.027,0.008,0.022,0.685,0.248,0.013
kin_test_track_a_00808,"yatanze urugero ku muhate w’inkotanyi zari zigizwe n’abana bato ziyobowe na perezida paul kagame zirokora abatutsi mu bice bitandukanye by’igihugu, asaba n’urubyiruko kwigira ku babohoye igihugu bakagira uruhare rutaziguye mu kubaka u rwanda.",joy,sadness,0.317,0.013,0.042,0.017,0.86,0.126
kin_test_track_a_00810,"ubushobozi bwawe ntibugaragarira mu ntege nye z'undi. aho kunenga gusa, wakora neza bakakwigiraho.",none,anger,0.527,0.017,0.026,0.022,0.046,0.017
kin_test_track_a_00812,"izi ntumwa mu minsi igera kuri irindwi zizamara mu rwanda zizasura ibikorwa n’inzego zitandukanye hagamijwe kumenya ibizikorerwamo nk’uko byatangajwe n’umunyamabaga wa leta muri minisiteri y’ububanyi n’amahanga ushinzwe umuryango wa afurika y’iburasirazuba, prof nshuti manasseh.",none,joy,0.023,0.011,0.039,0.779,0.022,0.035
kin_test_track_a_00814,waramutse rwanda ese namwe aho muri impeshyi yabatashyeho? mukomeze mugire umunsi mwiza wuzuye ubunyangamugayo no gukora cyane.,none,joy,0.024,0.011,0.019,0.776,0.037,0.019
kin_test_track_a_00815,bituma kandi abantu badahenda cyangwa ngo bahendwe cyane.”,none,sadness,0.107,0.023,0.54,0.018,0.775,0.11
kin_test_track_a_00816,"icyo gihe yiyemeje kumufasha gukora indirimbo yitwaga ikibindi, ari nayo yatumye riderman yiyemeza kumwinjiza mu ibisumizi.",none,sadness,0.042,0.017,0.025,0.038,0.668,0.163
kin_test_track_a_00818,"@<username> @<username> @<username> oya nawe gabanya kumwubahuka dore ni ukuganira, mutavaho mufatana mu mashati bikarangira mubaye nka wa mudasso wasafarinze.",fear,anger,0.547,0.009,0.019,0.013,0.107,0.028
kin_test_track_a_00819,"@<username> uyumunsi turaba turikumwe saa 15:30 live ku izuba tv, ubwo gahunda niyayindi....... turikumwe na @<username> &amp; @<username> mix by @<username> 📸 by @<username> @<username> kigali, rwanda ##url##",none,joy,0.038,0.01,0.017,0.57,0.028,0.02
kin_test_track_a_00822,"uwayezu yakomoje ku bihe bikomeye yahuye nabyo muri rayon sports aho yavuze ko bishingiye cyane ku banyamakuru batamwifurije ineza, nubwo ngo bitamukozeho cyane.",sadness,none,0.026,0.01,0.021,0.077,0.492,0.233
kin_test_track_a_00824,@<username> harigihe utanga message ukagirango warebaga neza mu mutima w'umuntu! thanks so much @<username> for that tweet ❤️,joy+surprise,joy,0.029,0.016,0.02,0.879,0.02,0.039
kin_test_track_a_00827,ishobora kuba yagira uruhare mu ididindira ry’ubwenge bigasaba kwitabwaho byihariye.,fear+sadness,none,0.1,0.099,0.829,0.089,0.156,0.075
kin_test_track_a_00828,ubu bushakashatsi bwagaragaje ko sosiyete ikunze kwirengagiza uruhuri rw’ibibazo abagabo bahura na byo nyuma ya gatanya.,sadness,none,0.059,0.017,0.493,0.031,0.334,0.318
kin_test_track_a_00829,"nubwo bigaragara ko ibyagezweho mu buryo bw’imibare mu gihe gito ari byiza, haracyari icyuho kinini ugereranyije no kuba abanyarwanda bageze kuri miliyoni hafi 14.",fear,none,0.018,0.012,0.71,0.171,0.293,0.039
kin_test_track_a_00830,"duhari kubwanyu nkigisubizo mubya mudasobwa ,wifuza kugura cyangwa gukoresha iyo usanganwe ifite ikibazo waduhamagara kuri : 0787548223. @<username> @<username> @<username> @<username> @<username> ##url##",joy,none,0.063,0.011,0.044,0.212,0.092,0.013
kin_test_track_a_00832,amashusho yasakajwe ku mbuga nkoranyambaga agaragaza uyu muraperi yagiye gushaka akazi ko gufasha abubatsi (ubuyede) ngo arebe ko yabona amaramuko.,none,surprise,0.054,0.022,0.082,0.074,0.406,0.85
kin_test_track_a_00833,allah akbar ya allah🙏 komeza unyongere kwihangana @<username> nyagatare ##url##,sadness,joy,0.019,0.019,0.031,0.93,0.033,0.037
kin_test_track_a_00836,impungurabigombyi,none,disgust,0.281,0.988,0.067,0.079,0.055,0.053
kin_test_track_a_00838,hakorwe iki koko ngo aho imyitwarire nk'iyi igaragara mu bana bacu icike? iyi video yashengura umutima w'umubyeyi😔 @<username> ##url##,fear+sadness,anger,0.779,0.011,0.115,0.012,0.449,0.036
kin_test_track_a_00841,@<username> @<username> @<username> @<username> cyaze kabisa abasenzi barakubeshya ugashiduka shwiii bagukozemo akazi ako ubu narabamenye,anger,joy,0.034,0.011,0.014,0.83,0.044,0.02
kin_test_track_a_00847,ubundi the so-called big fish idafite amafaranga kuri njye nyifata nk'ururagara. uko ni ukuri kandi twumve dukomeye dutekanye 👍👌,anger,joy,0.037,0.006,0.013,0.481,0.041,0.03
kin_test_track_a_00848,"yagize ati ""ubu mfite inzu byibuze ihagaze miliyoni 9 frw, nashatse umugore, mfite ingurube n’inkoko ndoroye, ubwo se navuga ko ntabayeho neza nshingiye ku iki?""",joy,sadness,0.054,0.017,0.379,0.043,0.948,0.024
kin_test_track_a_00851,icyakora guverineri yavuze ko atizeye neza ko ingabo zizakomeza kubahiriza ayo masezerano.,fear,joy,0.028,0.011,0.589,0.365,0.047,0.034
kin_test_track_a_00855,"ibihugu birimo u butaliyani, espagne n’u bugereki byo byatangiye guhura n’ubu bushyuhe budasanzwe, aho nk’inzego z’ubuzima mu butaliyani zatanze integuza y’ubu bushyuhe mu mijyi 16 yabwo irimo roma, bologna ndetse na florence.",fear+sadness,fear,0.057,0.041,0.958,0.059,0.422,0.078
kin_test_track_a_00858,ubundi rata @<username> biradukwiye rwose kubwira umubyeyi umugongo uduhetse iyo ndamukanyo waramutse #rwanda ##url##,joy,none,0.294,0.01,0.024,0.021,0.107,0.011
kin_test_track_a_00859,"ati “nkurikije uko tuganira, icyizere kirahari cyo gutsinda.",none,joy,0.03,0.008,0.382,0.366,0.044,0.035
kin_test_track_a_00861,@<username> za nudes zanuza uzazima😂😭,none,anger,0.835,0.013,0.044,0.014,0.119,0.022
kin_test_track_a_00863,wa mugani nyamara @<username> uzi ubwenge urereunze 😂😂😂✌️✌️✌️✌️✌️✌️✌️✌️✌️😂😂😂😂🙌 ##url##,none,anger,0.663,0.014,0.029,0.017,0.056,0.017
kin_test_track_a_00864,uteye isesemi nk'ubukurugutwa bamennyemo amazi.,anger+disgust,disgust,0.24,0.987,0.05,0.072,0.049,0.056
kin_test_track_a_00866,bahamya ko muri aka gace hari ubujura bukabije ku buryo benshi bataha kare kugira ngo badategerwa mu nzira.,fear+sadness,sadness,0.044,0.035,0.799,0.058,0.928,0.025
kin_test_track_a_00867,@<username> ahubwo iyi kipe ko ishaka gukwepa final bite byayo😂😂. turabategereje pe,fear,anger,0.866,0.01,0.134,0.015,0.068,0.05
kin_test_track_a_00868,urwego rw’ubugenzacyaha ubu ruri mu butabera ntabwo tukiri mu mutekano.,none,anger,0.837,0.021,0.274,0.01,0.474,0.029
kin_test_track_a_00872,"dore uburyo inkundo z'ubu zibeshya 🙈. baba bashaka amata gusa bagahita bigendera🏃, biratangaje🤸 🔥 ukore subscribe👇 ##url##",surprise,anger,0.615,0.007,0.046,0.014,0.063,0.061
kin_test_track_a_00873,ntakubeshye uranuka pe! ayo magaragamba si ay'abantu!,disgust,anger,0.632,0.129,0.069,0.006,0.069,0.053
kin_test_track_a_00877,@<username> uzashake umuntu inshuti nziza ajye agutwaza ku mutwaro ufite umutima uzaruhuka gake gake,none,joy,0.022,0.014,0.02,0.875,0.039,0.042
kin_test_track_a_00878,"towari marie louise uhagarariye umuryango ufite inkomoko mu buyapani, npo think about education in rwanda’, yavuze ko bashyize imbaraga mu burezi ndetse harimo no kwigisha amahoro hagati y’u rwanda n’u buyapani kuko ibihugu byombi byanyuze mu mateka akomeye.",sadness,joy,0.024,0.015,0.03,0.876,0.026,0.025
kin_test_track_a_00879,"szwaczyk yavuze ko nubwo bemeye guhindura nimero y’umuhanda, ubu ikibazo bafite ari ukwakira ibirego by’abatarishimiye ko nimero yahindutse.",fear,none,0.053,0.013,0.82,0.131,0.193,0.023
kin_test_track_a_00881,nkanamuha andi mahirwe ariko biba iby’ubusa.’’,sadness,anger,0.396,0.009,0.544,0.018,0.13,0.031
kin_test_track_a_00882,"igena yakomeje ati “kuko byaje kugaragazwa ko uzakora icyo kintu azagihanirwa mu buryo ubu n’ubu, byagiye birushaho koroshya.”",none,fear,0.062,0.029,0.898,0.088,0.151,0.038
kin_test_track_a_00883,ufite umwuka nk'uwu muntu urwawe mburugu kbsa.,anger+disgust,disgust,0.209,0.924,0.031,0.026,0.039,0.063
kin_test_track_a_00885,@<username> @<username> nyamara iki kibazo kirabareba nubwo mukirengagiza,sadness,anger,0.379,0.014,0.642,0.028,0.097,0.015
kin_test_track_a_00886,perezida #kagame yahaye imbabazi abagore 10 bari bafungiwe gukuramo inda ##url##,joy,sadness,0.093,0.015,0.072,0.061,0.93,0.017
kin_test_track_a_00887,abamufashe bamugezeho saa kumi n’ebyiri z’umugoroba yemera ko ari we bigeze saa yine z’ijoro.,sadness,none,0.051,0.004,0.095,0.128,0.139,0.072
kin_test_track_a_00888,ese kucyi abahungu bicyigihe basigaye bumva ko kuryamana aringombwa wamuhakanira mugahita mutandukana urwo nurukundo koko🙄🤔?,sadness,anger,0.939,0.043,0.135,0.017,0.053,0.32
kin_test_track_a_00891,ase ubu kavunumuheto biracyari igitutsi🤔😅,none,anger,0.822,0.132,0.073,0.011,0.07,0.165
kin_test_track_a_00892,nta muntu waremye undi.”,anger,sadness,0.041,0.005,0.308,0.033,0.69,0.069
kin_test_track_a_00895,"luka :6:47 umuntu wese uza aho ndi, akumva amagambo yanjye akayakomeza, ndabereka uko asa: dukunde ijambo ry lman kuko rirazura ##url##",none,anger,0.487,0.008,0.045,0.026,0.058,0.012
kin_test_track_a_00897,bimwe muri ibi byaha trump ashinjwa bimuhamye ashobora gufungwa.,fear,none,0.155,0.012,0.092,0.021,0.26,0.011
kin_test_track_a_00898,"umuyobozi wungirije ushinzwe imodoka zijya mu ntara muri volcano isingizwe eric, we avuga ko imodoka zitabuze ahubwo abagenzi babaye benshi kubera ko ari mu gihe cy’impeshyi.",none,sadness,0.036,0.016,0.073,0.035,0.961,0.057
kin_test_track_a_00899,avuga ata ibicandwe ku bantu ni cyo dupfa,disgust,sadness,0.126,0.1,0.044,0.018,0.667,0.014
kin_test_track_a_00901,@<username> ushyireho ni zina ryawe ry' ukuri. ureke iryo watoraguye kuri iyi mihanda. nakuzaniye impano ndakubura bambwira ko batakuzi.,sadness,anger,0.931,0.022,0.064,0.015,0.072,0.032
kin_test_track_a_00902,"ni mu gihe ariko ku rundi ruhande, bahati we yicuza ibyamubayeho akaburira abandi bahanzi kutisaga mu mutego nk’uwo yaguyemo.",sadness,sadness+surprise,0.051,0.043,0.054,0.04,0.665,0.88
kin_test_track_a_00903,"yagize ati “ ejo bundi nka saa mbili z’ijoro nibwo umugabo w’imyaka 63 yagiye ahantu anywa inzoga arasinda, atahana n’umugore wari inshoreke ye kuko si ubwa mbere bari batahanye.”",none,sadness,0.02,0.005,0.081,0.052,0.699,0.288
kin_test_track_a_00904,si ubwa mbere perezida wa gasogi united yavuze kuri ibi bibazo bihora bitangwa muri ferwafa ariko abasifuzi bakabyitambika ntibigire aho bigera kubera izindi nyungu bakuramo.,anger+sadness,anger,0.737,0.007,0.285,0.012,0.12,0.108
kin_test_track_a_00905,ntabwo ibihugu kuleba azasura byatangajwe byose.,none,anger,0.89,0.024,0.108,0.009,0.08,0.039
kin_test_track_a_00909,@<username> @<username> ibaze nawe gutegereza ko umunyamerika ari we ukubwira ububi cg ubwiza bw'umuco wawe. ni cyo cyica abanyafurika.,anger+sadness,anger,0.955,0.028,0.098,0.012,0.098,0.063
kin_test_track_a_00911,mwaramutse @<username> ese ejo hashize ko network zanyu zatumye mpomba ndetse nkashwana na benshi kubera ko ntahamagarwa murumva bishimishije? mwirirwe😫😩😩😫😩😩😫😩😩😩😩😫😩😩😩,anger+sadness,anger,0.822,0.018,0.091,0.007,0.571,0.372
kin_test_track_a_00913,@<username> ko atayafite cg bimubihira or bimubabaza,none,anger,0.456,0.009,0.476,0.022,0.435,0.016
kin_test_track_a_00914,"#kwibuka28 iy'imvura muyireke igwe kuko hari benshi yabereye ingabo aho bahigwaga bukware, mana warakoze kumanura imvura icyo gihe. 😢 ##url##",joy,sadness,0.065,0.017,0.053,0.028,0.963,0.046
kin_test_track_a_00918,aha hantu ni inde wahaneye?,disgust,anger,0.729,0.144,0.206,0.011,0.041,0.183
kin_test_track_a_00919,cyakoza abakire mubaho neza ibaze abantu bagire ubute bwo kujya kunnya hanze bakannya munzu 🤣🤣🤣🤣 murakaze #ntimumputaze nihitiraga🏃‍♂️🏃‍♂️🏃‍♂️🏃‍♂️🏃‍♂️🏃‍♂️🏃‍♂️,surprise,anger,0.528,0.014,0.034,0.012,0.516,0.032
kin_test_track_a_00923,@<username> @<username> gukubita umukobwa byo nta murava byagutera uri umusore. ni ugutera ingumi ikagenda muri rolanti yamugeraho ukicuza.,sadness,anger,0.809,0.013,0.044,0.008,0.331,0.036
kin_test_track_a_00925,"mu gitero cy’abishe harimo abitwa ndiramiye boniface, mbigizembishaka jean, kanyamanza damascène, athanase, marc n’abandi.",sadness,none,0.022,0.023,0.009,0.046,0.482,0.039
kin_test_track_a_00926,"amashusho yagiye asakara agaragaza intwaro za ukraine zitwikwa n’ibisasu byo mu butaka bizwi nka ‘mine’ ndetse hari abasirikare ba ukraine baherutse gutangaza ko buri uko bigiye imbere ho metero ijana, batakaza abasirikare bane cyangwa batanu.",none,sadness,0.032,0.013,0.131,0.038,0.667,0.535
kin_test_track_a_00929,nubundi benshi ibi bihe byarabaryoheraga abantu mwese mukunda #rukacarara ndabasuhuje #umuganuramwiza @<username> @<username> @<username> @<username> @<username> @<username> @<username> @<username> @<username> @<username> @<username> @<username> ##url##,joy,none,0.301,0.062,0.01,0.009,0.307,0.03
kin_test_track_a_00930,"n’iyo wakihisha ubutabera imyaka na nyakaka ugakomeza kubiba urwango n’ingengabitekerezo ya jenoside, amateka azabibabaza. ##url##",anger+sadness,anger,0.809,0.018,0.586,0.017,0.48,0.069
kin_test_track_a_00931,"mukabunani christine uyobora ishyaka ps imberakuri, ritavuga rumwe n’ubutegetsi mu rwanda, ni urugero rw’ibishoboka kuko ubu amaze imyaka itanu ari umudepite mu nteko.",joy,none,0.188,0.01,0.182,0.036,0.079,0.069
kin_test_track_a_00934,@<username> love ni ibikorwa si ukubivuga gusa kandi ukomeje kumuha umwanya wawe arabibona nubwo yakwirengagiza aba abizi so courage bro,none,anger,0.443,0.008,0.018,0.127,0.047,0.009
kin_test_track_a_00935,@<username> rwandan media: wa mukobwa na none yananiwe guhisha amarangamutima ye yereka amakurikira ko atwitwe😂😂,none,anger,0.842,0.013,0.06,0.01,0.095,0.119
kin_test_track_a_00938,dushyize ingufu mu kubaka ubukungu butangiza ibidukikije no kwimakaza ibinyabiziga bitabangamira ibidukikije kuri bose.”,none,joy,0.04,0.013,0.044,0.698,0.032,0.013
kin_test_track_a_00940,"@<username> kuri uru rugamba rwo kwirinda, gukangurira abandi kwirinda no kubafasha kwirinda @<username> arurimo neza kuva iki gihanya kikigera ino. #niyubahwe #ntakudohoka",anger+joy,joy,0.035,0.012,0.021,0.768,0.037,0.011
kin_test_track_a_00943,"abana bahawe umuganura ni 21 ariko abari bahamagawe bagera kuri 40, gusa abandi batinye kujya aho uyu muganura wabereye batinya ko ari amayeri yo kugira ngo bafatwe.",sadness,none,0.067,0.006,0.017,0.05,0.22,0.015
kin_test_track_a_00946,wikirata kumwana wababaye ngo nukwi iwanyu bakize. amafranga ya so sayawe!! ##url##,anger,anger+sadness,0.631,0.018,0.042,0.013,0.735,0.024
kin_test_track_a_00947,"yateranye mu gihe umwuka utari mwiza hagati y’u rwanda n’umuturanyi warwo wo mu burengerazuba, repubulika iharanira demokarasi ya congo.",none,sadness,0.043,0.017,0.077,0.032,0.956,0.249
kin_test_track_a_00950,@<username> nyemerera nkubere umukiliya bwa rimwe😂😂🤲,none,anger,0.859,0.021,0.05,0.013,0.076,0.022
kin_test_track_a_00956,umva iri sengesho nyagasani ukunda abawe ubahozeho ijisho mfasha murugamba mpanganye numwami uganje 💔 ##url##,none,joy,0.103,0.007,0.014,0.329,0.038,0.009
kin_test_track_a_00957,yasabye ababyeyi b’abana gukomeza kubitaho babaha uburere bukwiye kuko imyaka bagezemo ari bwo bamwe batangira kurangara.,fear,fear+sadness,0.076,0.024,0.877,0.049,0.688,0.021
kin_test_track_a_00965,"aba bagabo bavuga ko mbere y’uko bashyiraho umugoroba w’abagabo bajyanaga amafaranga y’urugo mu kabari bakayanywera, bataha umugore yabaza aho amafaranga yagiye, umugabo akabura icyo asubiza intonganya zikaba ziratangiye.",joy,sadness,0.06,0.017,0.053,0.027,0.955,0.054
kin_test_track_a_00968,"birashoboka se ko nayibona nubwo yanshuka , ko aho ngeze nkeneye n'inkingi ya #shugamami??!😹😥🤲 ibyo nigira byose nkeneye shugamami😹😹😉 ##url##",none,anger,0.763,0.008,0.093,0.017,0.04,0.095
kin_test_track_a_00970,"umuyobozi wa rwanda leaders fellowship, ndahiro moses, yavuze ko aya masengesho ari amahirwe abayobozi bo mu nzego z’ibanze n’ab’amadini n’amatorero baba babonye yo guhuriza hamwe ibyo bakora kuko byose babishobozwa n’imana.",none,joy,0.02,0.023,0.036,0.944,0.027,0.04
kin_test_track_a_00971,"kugeza ubu mu rwanda hamaze koherezwa abakurikiranyweho ibyaha bya jenoside 29 bafatiwe mu bihugu by’amahanga, mu gihe ababuranishirijwe hanze ari 25 ndetse umuryango w’abibumbye wemeje ko inkiko zo mu rwanda zifite ubushobozi budashidikanywaho bwo kuburanisha ibi byaha bya jenoside.",none,joy,0.014,0.008,0.232,0.538,0.136,0.018
kin_test_track_a_00972,"bamwe muri aba bana babwiye igihe ko bacirira ibibwana by’imbwa ahantu hatandukanye, byamara gusa nk’aho bikura gato bakabigurisha kugira ngo babone ibibatunga.",sadness,none,0.027,0.026,0.035,0.036,0.597,0.58
kin_test_track_a_00973,@<username> @<username> @<username> ariko mana ubwose ushatse kuvuga iki? mubyukuri gusa ndumiwe cyane.,sadness,anger,0.787,0.015,0.076,0.023,0.041,0.02
kin_test_track_a_00974,nyamara muve mubyo gutegereza ya pusi murebe uko mwaremera uyu mutype @<username> ##url##,sadness,anger,0.858,0.013,0.08,0.014,0.049,0.029
kin_test_track_a_00975,@<username> wazashatse aga take away ko numva congolese batazi neza gahunda raa,none,anger,0.931,0.016,0.136,0.013,0.069,0.04
kin_test_track_a_00976,umunyezamu kwizera oliver yatawe muri yombi na @<username> akurikiranweho gukoresha ibiyobyabwenge. @<username> @<username> @<username> @<username> .mbega igihombo disi,sadness,none,0.121,0.006,0.112,0.066,0.518,0.006
kin_test_track_a_00978,"nyuma y’ibi byabaye umugore uri mu bari begereye uyu muntu wajugunye ikinyobwa kuri cardi b, yagiye kuri polisi yo muri las vegas kurega uyu muraperikazi avuga ko na we iyi micro yajugunywe na cardi b yamwikubiseho nk’uko tmz yabitangaje.",surprise,sadness,0.056,0.015,0.145,0.027,0.977,0.197
kin_test_track_a_00982,yavuze ko uretse gutera amabuye muri uru rugo ngo niyo ahuye n’abandi baturage bagashaka kumubuza ngo ashobora kubasagarira bagasaba ubuyobozi kwita kuri iki kibazo.,fear,sadness,0.096,0.016,0.156,0.021,0.972,0.093
kin_test_track_a_00983,nakoranye imibonano mpuzabitsina n’abandi ibihumbi 10”.,surprise,none,0.01,0.007,0.096,0.147,0.362,0.096
kin_test_track_a_00984,"umwaka ushize urukiko rwisumbuye rwa musanze rwahamije bagiruwubusa jean nepomuscène icyaha cy’ubwicanyi, rumuhanisha igifungo cya burundu.",none,sadness,0.05,0.01,0.02,0.03,0.779,0.048
kin_test_track_a_00985,kwa kundi abakobwa bateye nabi bitera ibirungo byinshi 😭&gt;&gt;&gt;&gt;&gt;&gt;&gt;&gt;&gt;&gt;&gt;&gt; ##url##,anger,sadness,0.041,0.025,0.04,0.048,0.896,0.024
kin_test_track_a_00987,"mu bubatse imfatiro zubakiweho u rwanda na n’ubu zikiganje, harimo umwami mibambwe gisanura waremye uburyo buhoraho bwo kurwanya akarengane n’iyicarubozo, atanga urugero ruhanitse rwo kurwanya imitekerereze n’imigirire nk’iyo.",joy,none,0.054,0.006,0.016,0.156,0.129,0.01
kin_test_track_a_00992,umva nawe nuguhita mukatira akazi kakoroha 🤦🤦🤦 ##url##,none,anger,0.671,0.026,0.035,0.01,0.091,0.023
kin_test_track_a_00994,"bishobora guterwa kandi n’uko umutsi wacitse amaraso ntagere mu mutima neza, ibizwi mu mvugo ya kiganga mu ndimi z’amahanga nka ‘myocardial infarction’.",fear+sadness,fear,0.086,0.072,0.942,0.042,0.426,0.061
kin_test_track_a_00995,"abaturage bo mu bwoko bw’aba- irigwe bo mu gihugu cya nigeria, babayeho igihe kinini bagira uyu muco aho umugore yashakanaga na’abagabo barenze umwe bigafatwa nk’ibisanzwe, ariko akagira urugo rw’umugabo umwe abarizwamo ku buryo ari na we witwaga se w’abana bose uwo mugore yabyaraga n’ubwo bose bataba ari ab’uwo mugabo.",surprise,none,0.063,0.013,0.011,0.03,0.187,0.192
kin_test_track_a_00996,“abashinze ndabaga bari bafite umugambi mwiza wo kwita ku mibereho myiza y’abanyamuryango gusa kubera impamvu zitaduturutseho n’iziduturutseho ntabwo twabikoze.,sadness,anger,0.682,0.005,0.172,0.011,0.166,0.04
kin_test_track_a_00999,@<username> wa mugabo yatugarutsemo ndaq😂😂😂😂😂😂😂😂😂😂😂😂😂😂😂😂😂 ##url##,surprise,anger,0.764,0.011,0.032,0.01,0.143,0.032
kin_test_track_a_01000,"ati “turashaka gutera imbere, turashaka uburumbuke, abaturage bazamura ibyo binjiza, imibereho igahinduka kugira ngo tugire urwego tugeraho mu gihe runaka”.",joy,none,0.214,0.01,0.384,0.111,0.1,0.014
kin_test_track_a_01002,noneho uburyo asoma isosi imeneka muri ibyo binwete bye nibyo bintera kubura aho nkwoirwa.,disgust,none,0.11,0.377,0.052,0.009,0.251,0.049
kin_test_track_a_01004,"minisitiri w’ubutegetsi bw’igihugu, musabyimana jean claude aherutse kuvuga ko igenzura ryakozwe mu nzego no mu duce aba bayobozi bayoboraga, ryagaragaje ibibazo bitandukanye kandi bikomeye bishingiye ku dutsiko bari barubatse.",sadness,none,0.029,0.003,0.094,0.08,0.438,0.012
kin_test_track_a_01005,kubufatanye ninzego zibanze ndetse ni z'ubuzima uyu munsi twakurikiranye igikorwa cyo gutanga urukingo rwa #covid19 mubigonderabuzima bya @<username> @<username> @<username> @<username> @<username> @<username> ##url##,none,joy,0.02,0.023,0.032,0.946,0.031,0.037
kin_test_track_a_01007,dukurikije uburyo abana bakoze ahubwo twatunguwe.,surprise,none,0.03,0.016,0.016,0.109,0.108,0.016
kin_test_track_a_01008,ati “bigaragara ko inganda z’itunganya zikanatubura imbuto zazamutse.,joy,fear+sadness,0.057,0.035,0.926,0.044,0.838,0.054
kin_test_track_a_01012,@<username> @<username> @<username> hahahaha akarimi n'icyumvirizo numvisemo ka mugobeko ndacangwa,none,anger,0.911,0.024,0.06,0.008,0.096,0.069
kin_test_track_a_01013,"yatanze ikizamini agira ati “musa yinjiye mu rusengero nta nkweto yambaye , kora intero utangije ijambo inkweto…”",none,anger,0.522,0.018,0.143,0.068,0.07,0.03
kin_test_track_a_01015,"umuyobozi mukuru w’ishami rya ejo heza mu kigo cy’igihugu cy’ubwiteganyirize (rssb), gatera augustin, yatangaje ko uyu mwaka wajemo imbogamizi zatumye intego yari yashyizweho itagerwaho 100%.",sadness,none,0.024,0.018,0.783,0.157,0.603,0.014
kin_test_track_a_01016,turabibuka kandi ntituzabibagirwa na rimwe igihe cyose tugihumeka. baruhukire mu mahoro. ##url##,sadness,none,0.237,0.005,0.073,0.035,0.162,0.007
kin_test_track_a_01018,"umuyobozi wungirije w’umujyi wa kigali ushinzwe imiturire n’ibikorwaremezo, dr merard mpabwanamaguru, yabwiye igihe, ko bari gusenya kiosque zagiye zishyirwa iruhande rw’inyubako nziza kuko zituma imiryango imwe n’imwe yazo n’inzira bidakoreshwa.",sadness,joy,0.02,0.022,0.038,0.942,0.03,0.057
kin_test_track_a_01020,izi nkweto zirashaka 10k zombi inbox dore nabuze aho nzishyira kdi inzara niyose ##url##,sadness,anger,0.744,0.012,0.059,0.014,0.066,0.023
kin_test_track_a_01025,bati “by’umwihariko abagurishwaga babaga ari abakozi bo mu rugo n’abandi babaga bafashwe mu minyago […] n’abana babaga baturuka mu miryango ikennye mu gihe cy’inzara”.,sadness,none,0.022,0.007,0.019,0.176,0.394,0.014
kin_test_track_a_01026,ni urukingo rushobora gutangwa rukaba rwafasha mu buzima bw’umushwi bwose.”,joy,none,0.044,0.019,0.693,0.293,0.039,0.093
kin_test_track_a_01027,@<username> @<username> batamufite baba bari mu bipondo,none,anger,0.551,0.01,0.025,0.009,0.253,0.02
kin_test_track_a_01030,kare nanyuze kumubyeyi kuri t2000 aravuga ngo mbega indaya nihumurije parfe niteye niba uhumura indaya biranshanga,sadness,surprise,0.222,0.036,0.07,0.033,0.154,0.853
kin_test_track_a_01031,– ifoto ya gitwaza ari kumwe n’abana yavugishije benshi,surprise,none,0.034,0.016,0.013,0.115,0.127,0.349
kin_test_track_a_01034,hari n’ubwo ubikorerwa ukabura ibimeyetso ntube watanga ikibazo ariko ukaba watanga ubuhamya bukangura abandi.,sadness,none,0.071,0.019,0.038,0.023,0.29,0.031
kin_test_track_a_01035,"ibyo byose babizi neza, ntibisaba ubwenge bwinshi kumva ko guverinoma iyo ari yo yose izirikana inshingano zayo, ituranye n’ahantu hari umutekano muke kandi hari icyuho cy’imiyoborere, huzuye imitwe yitwaje intwaro, irimo n’umwe wiyemeje kwica abaturage bayo, ifite inshingano, ikoresheje uburyo mpuzamahanga, zo kurinda umutekano w’abaturage, by’umwihariko mu gihe iyo mitwe yitwaje intwaro ifashwa byeruye n’ingabo za leta.",none,anger+sadness,0.463,0.011,0.454,0.009,0.626,0.069
kin_test_track_a_01036,mu mana biremera wanjye ngaho niba utari umupagani shima imana kandi utagenda utagize icyo uvuga urakoze nyagasani amen🙏🙏🙏 ##url##,none,anger,0.587,0.007,0.036,0.057,0.039,0.01
kin_test_track_a_01037,"yavuze ko nibura mu kwezi kuri ubu ibimene by’ibirahure byo mu mujyi wa nyamata hafi ya hose abikusanya, akabibakiza nk’umwanda.",joy,sadness,0.019,0.017,0.325,0.078,0.907,0.028
kin_test_track_a_01040,@<username> ubundi umujura nyawe iyo abuze icyo yiba ashaka na po umwana yitumyemo,none,anger,0.774,0.024,0.031,0.013,0.073,0.02
kin_test_track_a_01041,ngo yakomeje gukora muri urwo rugo ariko nyuma aza kuhava yerekeza i nyanza ari na bwo abana bato bo muri rwa rugo yakoragamo baje kubwira ababyeyi ko bigeze kubona afite uruhinja mu cyumba cye.,surprise,sadness,0.018,0.006,0.057,0.084,0.778,0.03
kin_test_track_a_01042,"ibyo iyo bije turunguka nk’igihugu, tukagira amabanki akora kinyamwuga.”",joy,anger,0.927,0.029,0.2,0.011,0.133,0.054
kin_test_track_a_01047,"naho mu babikoresha bose, hafi kimwe cya kabiri baba barwaye hépatite c, miliyoni 1.4 baba bafite agakoko gatera sida, mu gihe miliyoni 1.2 baba bafite izo ndwara zombi.",fear+sadness,sadness,0.035,0.01,0.521,0.022,0.825,0.062
kin_test_track_a_01049,uwambajimana valentine ukurikiranyweho gucuruza ibiyobyabwenge nyuma yo gufatanwa udupfunyika 889 tw’urumogi we aramutse ahamijwe iki cyaha n’urukiko yahanwa n’ingingo ya 11 y’itegeko nimero 69/2019 ryo ku wa 08 ugushyingo 2019 rihindura itegeko nimero 68/2018 ryo ku wa 30 kanama 2018 riteganya ibyaha n’ibihano muri rusange.,sadness,none,0.038,0.006,0.017,0.078,0.502,0.014
kin_test_track_a_01051,ati “duhangayikishijwe n’umubare munini w’impunzi uri mu bituma imiryango myinshi irushaho gusonza.”,fear,fear+sadness,0.068,0.034,0.937,0.071,0.808,0.047
kin_test_track_a_01054,"iki kigo cyasozanyije abana 102 mu y’inshuke bagiye mu abanza, usibye babiri bahuye n’uburwayi butuma badakomeza.",joy+sadness,sadness,0.036,0.022,0.081,0.093,0.94,0.023
kin_test_track_a_01055,urunuka n’urwawe wa mabyi we.,anger+disgust,disgust,0.263,0.988,0.057,0.075,0.049,0.053
kin_test_track_a_01056,"imana ikomeze abasigaye b’umuryango we, abo basenganaga, urubyiruko n’abandi bose ubutumwa bwe bwafashije.",sadness,none,0.035,0.008,0.013,0.137,0.234,0.012
kin_test_track_a_01058,yaravuze ngo uzagitange si icyawe wagihawe n'imana 😁 ##url##,none,anger,0.638,0.013,0.041,0.017,0.081,0.017
kin_test_track_a_01059,abakunzi ba ruhago bagiye kwica inyoni ebyiri n’ibuye rimwe,joy,none,0.058,0.174,0.01,0.032,0.069,0.088
kin_test_track_a_01061,"muri make, himbara araburana urwa ndanze!",none,disgust,0.293,0.989,0.061,0.068,0.05,0.079
kin_test_track_a_01062,@<username> ibyo uvuze nukuri kuzuye 🙏🙏 #ripmagufuli nyagasani akwiyereke iteka 😭😭💔💔💔 ##url##,sadness,anger,0.918,0.017,0.069,0.013,0.124,0.025
kin_test_track_a_01063,"yari kumwe n’umuyobozi w’urugaga rw’abahinzi-borozi, imbaraga, munyakazi jean paul, umuyobozi ushinzwe ubugenzuzi mu kigo gishinzwe ubugenzuzi, ihiganwa mu bucuruzi no kurengera umuguzi, niragire ildephonse n’umuhinzi, kantesi odette.",none,joy,0.025,0.01,0.013,0.527,0.056,0.015
kin_test_track_a_01066,"umuryango uhuza ibihugu byo mu burengerazuba bwa afurika, cedeao uherutse kugaragaza ko ibiganiro bya dipolomasi bisakunze ushobora kohereza ingabo zawo muri niger gusubiza ku butegetsi perezida mohamed bazoum.",none,anger,0.391,0.012,0.405,0.036,0.11,0.014
kin_test_track_a_01067,@<username> 😉🙄 basi waba uzi ko kimwe mu bintu ntajya nkora ari ukubeshya?😊🙆 basi bimenye ubu..,none,anger,0.766,0.009,0.063,0.017,0.042,0.025
kin_test_track_a_01071,"muri iyi minsi hari ikintu cy’ihungabana, iyo rero nk’uwarokotse jenoside afite ubukene, ibikomere yatewe na jenoside birushaho gukomera.”",sadness,fear+sadness,0.068,0.035,0.948,0.072,0.77,0.031
kin_test_track_a_01072,@<username> @<username> @<username> @<username> @<username> @<username> @<username> birashoboka se ?gusa ikibazo cyo kirahari ariko niba bigeze aha?turakomerewe,fear+sadness,none,0.15,0.008,0.507,0.047,0.232,0.008
kin_test_track_a_01076,kambwire uriya musirikare antize i mbunda ndebeko narasa resani yo kupantaro yanjye yanze gufunguka... ....,surprise,sadness+surprise,0.07,0.062,0.048,0.027,0.654,0.833
kin_test_track_a_01079,@<username> erega ntago amafaranga ari yo atwara zilige mwana 🤣🤣🤣🤣🤣 n'ubwo bagura n'ibivejuru gutwara champions league byo bibari kure,none,anger,0.894,0.016,0.049,0.008,0.266,0.08
kin_test_track_a_01080,abato batari gito batanze ubuzima bwabo batizigama badushingiye ubuzima bwaganaga ibuzimu ni ukuri mwarakoze nkotanyi #inkotanyiniubuzima #kwibohora27 ##url##,joy,none,0.033,0.007,0.018,0.309,0.413,0.009
kin_test_track_a_01081,uyu muyobozi yakomeje avuga ko inzego z’ibanze zari zaregereye uyu muryango zibagira inama yo kuboneza urubyaro umugore ngo ajya no kwa muganga bamushyiramo agapira ariko ngo nyuma y’ukwezi yahise agakuramo afatanyije n’umugabo we.,none,sadness,0.049,0.013,0.046,0.031,0.935,0.243
kin_test_track_a_01083,"bahere ku bifi binini kuko ni nabo banyirabayazana.""",anger,sadness,0.123,0.027,0.229,0.017,0.738,0.021
kin_test_track_a_01084,@<username> @<username> @<username> hari ubwo abantu bihererana utwana nyamara!,sadness,anger,0.518,0.034,0.021,0.008,0.157,0.024
kin_test_track_a_01085,ufite ubwisungane mu kwivuza #musa nturembera mu rugo #musa save life @<username> @<username> @<username> @<username> @<username> @<username> @<username> ##url##,none,joy,0.014,0.016,0.038,0.825,0.077,0.017
kin_test_track_a_01086,"twabyanze, ntabwo twakora imyitozo batayatwishyura.”",anger,none,0.33,0.013,0.364,0.01,0.31,0.018
kin_test_track_a_01088,@<username> iyo watangiye kwibaza ibibazo nkibyo kaba kabaye ndakurahiye bagusabire ahubwo nibura uyu mwaka ntugusige,fear,anger,0.805,0.015,0.069,0.023,0.043,0.019
kin_test_track_a_01089,ugasanga umunsi umwe ubonye bonus yo kujya muri hotel/motel uragiye urayizenguritse wifotoza nkaho ari wowe boss waho wisubireho,anger,none,0.268,0.022,0.066,0.078,0.081,0.795
kin_test_track_a_01092,"ibibazo byatewe n’ubukoloni, ibyatewe na apartheid n’ibindi, byagarutsweho, humvikanishwa ko u burusiya nta ruhare na ruto rwabigizemo, ko ahubwo abanyaburayi na amerika batsikamiye afurika.",none,sadness,0.201,0.009,0.066,0.009,0.765,0.04
kin_test_track_a_01099,"bitewe n’uko aba bari bamaze igihe gito batandukanye, byabaye inkuru kuba bahuriye mu mashusho y’indirimbo y’urukundo bituma inkuru yayo yihuta cyane.",surprise,none,0.062,0.031,0.131,0.031,0.446,0.808
kin_test_track_a_01100,uyu muyobozi yashimangiye ko aba bana bashyinguwe kuri uyu wa kane aboneraho kwihanganisha imiryango yabo no gusaba ababyeyi kujya bamenya neza aho abana babo baba baherereye no kujya birinda ko bijyana mu kwirinda ko bahura n’ibyago nk’ibyo.,sadness,joy,0.029,0.014,0.061,0.872,0.036,0.017
kin_test_track_a_01103,minisitiri w’ububanyi n’amahanga nkuko byari byabivuzwe mu nama rusange yaratuvugishije kugira ngo hemezwe umunsi azabuzaniraho ariko nyuma baje kuvuga ngo ‘imikino n’ubundi ni iyanyu ntabwo akeneye ubutumire.”,none,anger,0.814,0.008,0.133,0.02,0.065,0.026
kin_test_track_a_01106,#mi_vow by @<username> ariko still gahunda ni #ntakudohoka. views ni ubusa shaaaa! 🙄🤤 @<username> @<username> @<username> @<username> @<username> @<username> @<username> @<username>,none,joy,0.047,0.006,0.027,0.519,0.027,0.015
kin_test_track_a_01107,"@<username> kizz daniel se ko afungiwe mubaturanyi , ubwo umuntu wafunzwe uyu munsi azaba ari tayari in 5 days ?",fear,anger,0.8,0.01,0.038,0.021,0.057,0.018
kin_test_track_a_01108,"ariko imashini yahitaga itubwira iti nsanze igifitanye isano na byo ari abakaraba intoki ntabwo ari agapfukamunwa, noneho rbc igahita ijyana ingamba iti nyabuneka nimukarabe intoki.”",anger,none,0.031,0.006,0.185,0.062,0.598,0.457
kin_test_track_a_01109,"@<username> @<username> ni psychological abnormal shifting y,ibibazo byawe ku bandi uzacunge @<username> na @<username> ako kantu barakagira ko guhora bumva banzwe",sadness,anger,0.941,0.024,0.101,0.01,0.136,0.041
kin_test_track_a_01110,pasteur. ntimukanywe inzoga dore nabanzi banyu yesu ati nimukunde abanzi banyu. nonese ngewe ndinde wokutumvira yesu..nibaribyo nyihera like 🕵🕵,none,anger,0.909,0.014,0.088,0.015,0.077,0.024
kin_test_track_a_01111,abajyanama b’ubuzima baganirijwe ku budasa mu guhangana na covid-19 ndetse n’uruhare rwabo muri ubu bukangurambaga #operationcovidfree #sindohoka @<username> @<username> ##url## ##url##,none,joy,0.02,0.02,0.029,0.917,0.038,0.029
kin_test_track_a_01113,iyi nama kandi izanaganira ku kibazo cy’amahanga akomeza kwivanga mu bibazo bya afurika bigatuma n’ingamba zifashwe n’abanyafurika zitagerwaho kuko haba hari abantu bari inyuma basunika mu nyungu zabo..,anger,none,0.056,0.006,0.031,0.211,0.043,0.037
kin_test_track_a_01118,ubuzima bwiza sinanze agasuzuguro niko ntashaka nge iyo nza kumenya ko ariko bigenda simba naraje ahhaa,anger,none,0.317,0.012,0.06,0.019,0.412,0.012
kin_test_track_a_01119,"mu gihe trump anenga biden, inzego z’ubutabera zikomeje gukurikirana uwo wahoze ari perezida ku byaha birimo uburyo yafashe nabi inyandiko zirimo amabanga ya leta n’ibindi byaha bishobora gusiga afunzwe imyaka n’imyaka muri gereza.",fear,none,0.088,0.005,0.178,0.02,0.582,0.056
kin_test_track_a_01121,"ugereranyije n’ubwiyongere bw’abaturage, abashora imari mu kubaka inzu ziciriritse n’iz’ubucuruzi baba bake.",fear,sadness,0.056,0.021,0.336,0.035,0.946,0.019
kin_test_track_a_01123,@<username> @<username> ntago ari bubisome wikwirushya bro 😂,none,anger,0.916,0.022,0.079,0.012,0.087,0.026
kin_test_track_a_01125,"ibaruwa kaminuza y’u rwanda yanyujije ku rubuga rwayo rwa twitter yashyizweho umukono n’umuyobozi mukuru wayo, dr didas kayihura muganga, ivuga ko aba banyeshuri bimuwe ku mpamvu z’uko ari ryo shuri ribarizwa muri cbe ryari risigaye ryonyine i nyagatare.",none,sadness,0.043,0.008,0.045,0.044,0.855,0.027
kin_test_track_a_01130,"imana yumve amasengesho yawe, kandi utangire kubona ibyo wasengeye. umunsi mwiza.",none,joy,0.022,0.012,0.019,0.726,0.045,0.016
kin_test_track_a_01131,bavuga ko ibi bibagiraho ingaruka kuko bahora barwaye indwara zitandukanye zirimo inzoka n’ibicurane bya buri gihe baboneraho gusaba ubuyobozi kubafasha kugira ngo na bo babone amazi meza.,sadness,fear+sadness,0.044,0.032,0.867,0.07,0.898,0.027
kin_test_track_a_01135,@<username> @<username> eeeh imana izagutwika ku munsi w'imperuka pe,none,joy,0.035,0.009,0.018,0.464,0.073,0.01
kin_test_track_a_01136,mf iziko yasibye ep ya @<username> kuri youtube nizibeshye go ikadagire muri kkblock😤😤 #seriously #rwanda,sadness,anger,0.954,0.026,0.12,0.013,0.061,0.075
kin_test_track_a_01138,izi zo urebye nabi zanakurya da! ##url##,fear,anger,0.781,0.033,0.096,0.011,0.08,0.02
kin_test_track_a_01142,kugira icyo ugeraho nugukora cyane rubyiruko dukore buri kimwe nibwo tuzatera imbere. ##url##,none,joy,0.037,0.013,0.026,0.851,0.026,0.015
kin_test_track_a_01143,"umuvugizi wa polisi mu ntara y’iburengerazuba, sp bonaventure twizere karekezi, yavuze ko kugira ngo bafatwe byaturutse ku makuru yatanzwe n’abaturage.",joy,none,0.048,0.003,0.28,0.088,0.36,0.01
kin_test_track_a_01144,"ramjaane joshua yatanze urugero rw’ibyo yakijijwe, birimo kunywa itabi n’urumogi yanywaga yahishe abo mu rugo iwabo.",joy,none,0.03,0.008,0.011,0.109,0.16,0.041
kin_test_track_a_01145,"umuyobozi mukuru wa airtel rwanda, emmanuel hamez, yavuze ko mu myaka mike iri imbere nta telefoni zikoresha sim card zifatika (physical sim cards) zizaba zigisohoka, asaba abaturage gutangira kwimenyereza izi z’ikoranabuhanga.",none,fear,0.099,0.04,0.96,0.091,0.389,0.034
kin_test_track_a_01151,aha uyu musore yanafashwe amafoto yambaye ubusa.,sadness,none,0.044,0.031,0.04,0.034,0.14,0.37
kin_test_track_a_01152,"impala imaze gucikamo ibice bibiri, bose bahise bacika intege kuko indirimbo bahimbye muri icyo gihe zitakunzwe, bikaza gutuma n’ubundi bahagarika umuziki burundu.",sadness,joy,0.018,0.014,0.021,0.647,0.035,0.095
kin_test_track_a_01153,yakomeje agira ati “ni icyorezo gituma umwuga wacu uta agaciro n’ubutabera bugata agaciro ku buryo ari ikintu gikwiye kurwanywa twivuye inyuma kand dufatanyije n’abo dufatanyije mu rwego rw’ubutabera bikaba byagabanyuka uko bishoboka byose.”,sadness,fear,0.091,0.032,0.941,0.084,0.543,0.02
kin_test_track_a_01155,"icyorezo cya covid-19 kigitangira kugenza make, u rwanda rwihutiye kubyaza umusaruro ayo mahirwe, rushyira imbaraga mu kumenyekanisha ibyiza byarwo bituma uru rwego rwongera kuzazanzamuka nubwo icyuho cyatewe n’imyaka 2 ya covid-19 yari yaragabanyije urujya n’uruza ari kinini.",joy,sadness,0.031,0.02,0.783,0.069,0.748,0.016
kin_test_track_a_01156,@<username> ndashaka kuzareba umuntu uha ruswa ngo ujue mu ijuru 😂😂😂😂😂😂,none,anger,0.956,0.026,0.196,0.009,0.11,0.149
kin_test_track_a_01157,@<username> sha nukuri urugero rwiza niwoe ark baba bavuga ukuri,none,anger,0.832,0.014,0.085,0.018,0.048,0.021
kin_test_track_a_01158,"visi perezida wa ibuka mu karere ka nyarugenge, nduwawe denyse, yasabye abafite amakuru y’abishwe bakajugunywa muri nyabarongo kuyatanga.",anger+sadness,sadness,0.054,0.004,0.145,0.048,0.622,0.014
kin_test_track_a_01159,@<username> bazaduhe akazi ubusazi buzashira wakwiga uryamye from monday up to monday ugatekereza iki?!,anger,none,0.182,0.006,0.019,0.043,0.059,0.023
kin_test_track_a_01160,ngayo nguko dore iyo bavuze ko bibujijwe kunywa inzoga utwaye cg ugatwara whatever nuko bibujijwe gusa ##url##,none,anger,0.812,0.012,0.055,0.016,0.074,0.021
kin_test_track_a_01163,"ni ubushakashatsi prof. paul dawson yakoze ari kumwe n’itsinda ry’abanyeshyuri yigishaga, ashaka kubereka ko ari ngombwa gutekereza byimbitse ku buziranenge bw’ibiribwa, aho bwagaragaje ko guhuha iyo buji byongera bagiteri ku mutsima, ku kigero cya 1400%.",fear,none,0.047,0.019,0.43,0.177,0.054,0.473
kin_test_track_a_01166,umusa reka dushake ama frw kuko ibyo indaya y'umusaza rukukuri inkoreye muri bar nagahuma munywa😭😭😭 ##url##,anger+sadness,anger,0.95,0.025,0.081,0.01,0.104,0.066
kin_test_track_a_01167,ni inyito ikura ibirari byayo ahasaga mu wa 1120.,none,disgust,0.071,0.945,0.036,0.039,0.065,0.114
kin_test_track_a_01168,uyu munsi ndumva urampa follow ndahita nyimusubiza ntabwo biragombera ejo ndahari wese,none,anger,0.727,0.012,0.202,0.009,0.098,0.086
kin_test_track_a_01170,"mu mpamvu yavuze zatumye ikipe ye itsindwa, haringingo yashyizemo ikibazo cy’umunaniro watewe n’imikino baheruka gukina.",sadness,none,0.131,0.006,0.157,0.014,0.45,0.034
kin_test_track_a_01171,@<username> abibwiye namucira mu maso nkahita cyaho🏃‍♀️,anger,none,0.145,0.012,0.025,0.016,0.254,0.014
kin_test_track_a_01172,iyo bavuze ishyano wumva iki?,none,anger,0.828,0.042,0.267,0.009,0.052,0.123
kin_test_track_a_01174,🤧😭 noneho ndabyemeye ko inyanazimbwa zibaho @<username> was right … umugabo bamufashe ari gusambana umugore we bamubaze kwa muganga yabyaye 🤧🚮🚮🚮🚮🚮🚮,anger,none,0.15,0.007,0.081,0.01,0.594,0.021
kin_test_track_a_01178,"ubushakashatsi bugaragaza ko hazakomeza kugenda habaho itakazagaciro k’ifaranga hirya no hino ku isi, hakabaho ikibazo cy’uko ubukungu buzajya buzamuka ku gipimo cyo hasi, ibibazo bishingiye ku bukungu n’ibura ry’ibicuruzwa kikarushaho kuba ingorabahizi.",fear+sadness,fear,0.102,0.073,0.977,0.109,0.277,0.061
kin_test_track_a_01179,umva nubwo inzonzi zibeshya ariko haribyo zitakwereka wari warota umukobwa yaguhaye amafaranga mbajije abasore?,none,surprise,0.179,0.051,0.114,0.038,0.199,0.897
kin_test_track_a_01184,ni ku nshuro ya kabiri muri icyo cyumweru umurwa mukuru w’u burusiya wari ugabweho ibitero bya drones.,none,surprise,0.058,0.029,0.466,0.088,0.492,0.88
kin_test_track_a_01185,ese kuki abakozi bo murugo bakunda kwirukanwa cyane iyo hamwe mugace bakomokamo hashyizwe muri guma mukarere ? @<username> @<username>,sadness,anger,0.577,0.008,0.021,0.019,0.076,0.056
kin_test_track_a_01187,urugero rwa hafi ni uko uyu musore ari we wanafashe amashusho n’amafoto y’igitaramo davido aherutse gukorera i boston.,none,joy,0.039,0.009,0.017,0.459,0.03,0.03
kin_test_track_a_01190,"minisitiri w’imari, janet yellen, yagiriye uruzinduko mu bushinwa nyuma y’iminsi mike, mugenzi we ushinzwe ububanyi n’amahanga muri amerika, anthony blinken avuye muri iki gihugu mu ruzinduko rwasize anagiranye ibiganiro na perezida xi jinping.",none,joy,0.031,0.006,0.031,0.518,0.034,0.018
kin_test_track_a_01191,"iki kinyamakuru kigaragaza ko iyi ndwara yibasira ab’igitsina gore kurusha ab’igitsina gabo nubwo nta mpamvu yabyo izwi, ariko ngo abashakashatsi bagaragaje ko bishoboka ko imisemburo ya estrogen na progesterone ingana mu mibiri yabo ariko igakora mu buryo butandukanye ibigiramo uruhare.",sadness,fear,0.117,0.065,0.967,0.079,0.165,0.089
kin_test_track_a_01194,@<username> @<username> @<username> @<username> @<username> turamenyesha abantu twari twabwiye ko twibwe moto ko ubu yabonetse ##url##,joy,none,0.097,0.004,0.036,0.05,0.063,0.086
kin_test_track_a_01197,"yageze n’aho atanga nimero ya telefoni ye, ariko inshuro nyinshi yabwiwe ko yataha mu rwanda akaba ariho afashirizwa, yashwishurije uyu musore baganiraga.",sadness,none,0.055,0.007,0.105,0.04,0.453,0.523
kin_test_track_a_01198,bivugwa ko iran yarashe kuri ubwo bwato ishaka kubutwara.,sadness,none,0.025,0.182,0.444,0.028,0.44,0.173
kin_test_track_a_01199,ubu bukwe bwabaye mu ibanga rikomeye dore ko aba bombi nta mpapuro bigeze batanga zisaba gushyingiranwa mu buryo bwemewe n’amategeko.,surprise,sadness,0.029,0.014,0.033,0.07,0.784,0.335
kin_test_track_a_01202,@<username> @<username> aya mata ko aryoshye 😅,none,anger,0.5,0.015,0.034,0.015,0.106,0.015
kin_test_track_a_01203,"ati ""ntabwo fpr inkotanyi bari bafite intwaro zahagarika jenoside yakorerwaga abatutsi, ingabo zari nkeya n’ibikoresho byari bike, icyatumye bishoboka ni ubushake.",joy,none,0.201,0.004,0.019,0.052,0.285,0.021
kin_test_track_a_01205,"uribaza uko uzaba wangije izina ryawe n’abakiliya bayobye bisobanuye ngo hari ingaruka nyinshi mu kutarinda izina ryawe.""",anger,fear,0.084,0.044,0.941,0.047,0.202,0.066
kin_test_track_a_01206,yavuze ko ikindi kibazo gihari ari icy’ahantu hazwi ko hateza impanuka ariko ugasanga hadakosorwa vuba.,anger,fear,0.104,0.05,0.967,0.072,0.305,0.049
kin_test_track_a_01208,"iki kigo gihereye kacyiru mu nyubako ya kera ikomeye ifata agasozi kose, iteyemo ibiti ku buryo ushobora kwibwira ko uri hanze y’umujyi wa kigali kubera uburyo hatuje.",none,joy,0.015,0.012,0.029,0.807,0.047,0.049
kin_test_track_a_01210,amakipe yombi yakomeje guhangana bikomeye yibanda cyane ku kugarira.,none,joy,0.013,0.035,0.039,0.638,0.066,0.291
kin_test_track_a_01212,"uyu mudepite yafashwe n’uburakari bwinshi mu biganiro byagarukaga ku ngurane zigomba guhabwa abaturage bo mu gace ahagarariye, bimuwe kubera ibikorwa by’ubucukuzi bw’amabuye y’agaciro.",anger,none,0.026,0.005,0.037,0.058,0.584,0.071
kin_test_track_a_01213,"ati ""ubu ndi kunyura mu nzira y’impinduka ingeza ahantu nitegura gufunga igice cya the weeknd.""",none,joy,0.031,0.009,0.048,0.593,0.019,0.029
kin_test_track_a_01217,nonese buriya kubera iki inka igenda icebe ricuritse ariko amata ntameneke????,none,anger,0.696,0.177,0.039,0.005,0.129,0.137
kin_test_track_a_01219,@<username> nta bana b'abakire uzi apfusha umubyeyi akananirwa gucunga imitungo ye?,sadness,anger,0.942,0.02,0.091,0.009,0.187,0.064
kin_test_track_a_01220,@<username> xlm papa ewan amafaranga nibyose kbx ndemezako àmafaranga atanga ibyishimo kugera naho ibiceri 30 byatumyw umwana wimana ahohoterwa,surprise,joy,0.018,0.009,0.022,0.79,0.085,0.033
kin_test_track_a_01221,"uyu mukobwa ari kuvuga ngo mubwire niba naramuciye inyuma kuri diane, ntabwo azi ko iby'isi aramabanga 🤣🤣",none,anger,0.896,0.032,0.179,0.013,0.126,0.637
kin_test_track_a_01223,@<username> @<username> @<username> umutungo kamere afurika ifite wakabaye uyikiza. abo wita umubyeyi bakabaye ari abafatanyabikorwa mu bwubahane,sadness,anger,0.748,0.009,0.021,0.012,0.152,0.038
kin_test_track_a_01226,@<username> ariko ko wifashe nka papa mbyitire bite? kankurwaneh nawe uzandwanaho kumunsi mubi.,joy,anger,0.96,0.032,0.098,0.013,0.073,0.057
kin_test_track_a_01227,"trump ari gukorwaho iperereza ku nyandiko zagaragaye umwaka ushize mu nyubako ye mar-a-lago iri muri leta ya florida, aho bivugwa ko izo nyandiko zirimo amabanga akomeye ya leta ku buryo atari yemerewe kuzitwara, ahubwo zagombaga kubikwa ahantu hizewe leta yahisemo.",none,sadness,0.044,0.007,0.091,0.034,0.629,0.107
kin_test_track_a_01229,muri bk arena abenshi bari bitabiriye bari biganjemo igitsina gore ndetse ku buryo hari uwo wabazaga muri abo akakubwira atikandagira ko ari uyu muhanzi watumye ashamadukira kuza.,joy,none,0.044,0.015,0.024,0.126,0.254,0.738
