id,text,gold,pred,p_anger,p_disgust,p_fear,p_joy,p_sadness,p_surprise
kin_test_track_a_00002,"yagize ati “nari nje mu kazi ngeze hano numva ngo perezida agiye kuhanyura, ni bwo nazengurutse ndazamuka njya mu igorofa rya mbere, imodoka zimaze kuza natunguwe no kwisanga hasi.",surprise,sadness+surprise,0.059,0.003,0.284,0.03,0.813,0.704
kin_test_track_a_00004,@<username> mugerageze kunoza service. niba nagize ikibazo saa mbili mukagerageza kumbonera igisubizo saa kumi nimwe. nooo oyant rwose,anger+sadness,none,0.812,0.0,0.026,0.031,0.122,0.004
kin_test_track_a_00005,yitabye imana aheruka kugaragara mu ruhame mu 2021.,sadness,none,0.084,0.0,0.009,0.499,0.082,0.164
kin_test_track_a_00006,biteye isoni n'ikimwaro kubona abantu bari gukorera imibonano mpuzabitsina ku gasozi.,disgust,sadness+surprise,0.104,0.005,0.092,0.017,0.799,0.79
kin_test_track_a_00007,"abazigize bakora imirimo y’ubuhinzi budatanga umusaruro ufatika, bafite ubumenyi buciriritse kandi bahora bimuka bashakisha ubuzima.",none,joy,0.007,0.0,0.01,0.946,0.018,0.021
kin_test_track_a_00008,@<username> @<username> @<username> cyaze uramuhaye tsu nawe nuko yumva yayibye bruh,none,anger,0.841,0.002,0.002,0.007,0.317,0.018
kin_test_track_a_00009,@<username> mwaramutse neza mudufashe ko turimo gukatwa amafaranga igihe nkuye amafaranga kuri momo nyashyira kuri konte bimeze bite ko bidasobanutse?,anger+sadness,none,0.765,0.0,0.065,0.01,0.089,0.078
kin_test_track_a_00011,niba ukundana numuntu agatangira kukubwira ukuntu aba ex be bari imbwa uzamenyeko ari wowe uzakurikiraho😒😂,anger,surprise,0.637,0.002,0.012,0.003,0.15,0.902
kin_test_track_a_00012,iyo imbuto itabonetse mu ntangiriro ngo ibe yujuje ubuziranenge usanga ari ikibazo.’’,fear,fear+sadness,0.186,0.002,0.533,0.046,0.583,0.062
kin_test_track_a_00013,"uwimana wahinduye izina ry’akabari ke akakita akabenzi avuga ko hari abashoramari babiri bamusanze i kamembe batwara bamwe mu bakozi be botsaga ibenzi i rusizi, umwe ajya gutangiza ubucuruzi bwo kotsa ibenzi ku muhima, undi ajya kuyitangiza i musanze.",joy,sadness,0.079,0.002,0.001,0.208,0.604,0.2
kin_test_track_a_00015,nta kabuza ko nagombaga gusimbukira mu gisimenti cya tumba ariko mu minsi igihe yahatembereye yasanze ari nka kimwe cya remera.,none,surprise,0.192,0.01,0.02,0.031,0.48,0.911
kin_test_track_a_00016,iyo njyanama yemeje ko inka buka muzajya muyicisha inzara kuriya ifite ibibazo bikomeye🤨 ##url##,none,fear+sadness,0.602,0.0,0.421,0.006,0.709,0.019
kin_test_track_a_00017,miliyoni nyinshi z’ #abanyarwa bahanze amaso #amavubi uyu munsi. ni umunsi ukwiriye kuba uw’ibyishimo! @<username> ##url##,none,joy,0.02,0.001,0.003,0.941,0.031,0.036
kin_test_track_a_00020,@<username> ahubwo c ahazaza haracyahari aha wapi kuva kera niga naza primary bajyaga bamuvuga ukuntu ashitura boro none dore ndashaje,none,anger,0.848,0.001,0.005,0.01,0.374,0.066
kin_test_track_a_00024,"umuyobozi w’akarere ka nyaruguru, murwanashyaka emmanuel, yavuze ko umugoroba w’abagabo ari agashya keza, asaba ko bibaye byiza n’aho iyi gahunda itaragera bayigira iyabo kuko ifasha mu kugabanya amakimbirane yo mu ngo.",joy+surprise,joy,0.003,0.0,0.011,0.967,0.031,0.003
kin_test_track_a_00027,@<username> @<username> yigize igisambo ku ngufu kand izo yibye zigira likes 3 gusa,anger,none,0.771,0.002,0.004,0.019,0.106,0.008
kin_test_track_a_00028,"kimonyo ati “muri kwa kuzibaga neza, itungo ntirigomba kumenya ko rigiye gupfa, noneho tukazibaga mu buryo bugezweho kandi bituma inyama yoroha.”",none,joy,0.04,0.0,0.011,0.62,0.529,0.088
kin_test_track_a_00029,@<username> @<username> reka nkuremere uzavuge ngo ngo,none,anger,0.86,0.002,0.016,0.013,0.086,0.006
kin_test_track_a_00034,@<username> @<username> bro oe nuko utamuzi uburyo arenze,surprise,none,0.491,0.01,0.004,0.069,0.078,0.014
kin_test_track_a_00036,"guverineri wungirije wa bnr, soraya hakuziyaremye, yavuze ko hakiri kare kuba rwayoboka andi mafaranga atari idolari, hakurikijwe ibihugu rucuruzanya nabyo cyane.",none,fear,0.697,0.0,0.339,0.017,0.268,0.007
kin_test_track_a_00037,petit frère ngukunda kubi!!!! aha wagaragaje mwibanga amahitamo yaweee. ohhhh @<username> ##url##,none,joy,0.261,0.001,0.003,0.793,0.029,0.034
kin_test_track_a_00038,ese uretse ikigare wigeze utera ibuye kukarere zirakonera cg ubyumva nkanjye aha!?😂😂nese kuki batavuze intara!?😂😂,none,anger+surprise,0.856,0.0,0.049,0.002,0.117,0.947
kin_test_track_a_00040,"umwuka mubi watangiye ubwo bari mu nama ya nato muri lithuania, minisitiri w’ingabo mu bwongereza, ben wallace avuga ko ukraine ikwiye gushimira igihugu cye kuko u bwongereza “ntawo ari amazon bagemurira intwaro.”",none,sadness,0.15,0.0,0.016,0.415,0.774,0.012
kin_test_track_a_00043,aba baturage banyweye kuri ubu bushera mu bukwe bw’umuturanyi wabo wari ufite ubukwe.,none,sadness,0.043,0.004,0.003,0.215,0.864,0.011
kin_test_track_a_00044,i am deeply saddened by the loss of tina turner.,none,sadness,0.05,0.001,0.05,0.152,0.947,0.009
kin_test_track_a_00049,"ikoresha amashanyarazi izwi nka i5 edrive40 izaba igura 67.000$, asaga miliyoni 75 frw, aho ifite ubushobozi bwo kugenda ibilometero 470 mu gihe yuzuye.",none,joy,0.029,0.002,0.007,0.752,0.079,0.474
kin_test_track_a_00051,@<username> @<username> bikwiye gukosorwa kugira ngo hatabaho gukoresha imvugo zitutuzuzanya pour ne pas dire ziviguruzanya,none,anger,0.882,0.0,0.088,0.017,0.157,0.002
kin_test_track_a_00055,@<username> hahhhh uriya mwanzuro n'inyamibwa kd nawe uzawufata,joy,none,0.55,0.002,0.005,0.316,0.086,0.006
kin_test_track_a_00056,"hari kandi kwakira, gusezerera no gusubiza mu buzima busanzwe uwari mu ngabo z’igihugu mbere ya tariki 19 nyakanga 1994 n’uwari mu mutwe witwara gisirikare utahutse.",none,joy+sadness,0.045,0.0,0.006,0.565,0.627,0.009
kin_test_track_a_00057,"@<username> @<username> @<username> @<username> nuko hasuzuguwe umugore, ntan'ubwo ari ugusuzugura, ni ugupfobya!",anger+sadness,anger,0.838,0.001,0.003,0.009,0.181,0.014
kin_test_track_a_00058,"umwunganizi we barrister ben myers, yabwiye urukiko ko umukiliya we yari umunayamurava kandi yakundaga akazi ke.",none,sadness,0.079,0.0,0.006,0.018,0.879,0.265
kin_test_track_a_00061,"radio okapi yanditse ko ku wa gatandatu, tariki 29 nyakanga 2023, ibiro bya komisiyo y’igihugu y’amatora, ceni, mu mujyi wa bukavu byakongotse, hahiramo imashini zo gutoreraho 900, moto na bateri ndetse n’imirasire y’izuba.",sadness,joy,0.013,0.0,0.01,0.956,0.142,0.02
kin_test_track_a_00062,harigihe umuntu aba afite amahirwe yo kuza mubuzima bwawe ariko akirata nyuma kazifuza kuza utakimukeneye 😭😂😂🥱,anger,surprise,0.442,0.001,0.005,0.016,0.149,0.821
kin_test_track_a_00064,"amahoteli yari huye yaravuguruwe ndetse aranasuzumwa, dutegereze ntitwafata umwanzuro ntacyo turabona.”",none,sadness,0.237,0.0,0.057,0.187,0.612,0.005
kin_test_track_a_00066,"ndibaza nti ‘ese nshobora gukina uyu mukino mbikuye ku mutima?’ igihe ntazaba nshoboye gutanga ibyo mfite mu kibuga, ni bwo nzahagarika gukina.",none,surprise,0.349,0.001,0.131,0.033,0.134,0.65
kin_test_track_a_00067,niba kwifuza ari icyaha ubwo abantu ba hano bagikora buri munota ngabo muri mwandemeye aba follow like retweet....😂😂😂,none,anger,0.913,0.0,0.035,0.009,0.233,0.524
kin_test_track_a_00070,"dr didas kayihura waganiraga na rba, yavuze ko na mbere y’uko muri sudani habaho ibi bibazo by’intambara, hari ibiganiro byari byaratangiye hagati y’impande zombi waganishaga ku bufatanye.",none,sadness,0.127,0.0,0.03,0.033,0.751,0.059
kin_test_track_a_00071,nariye ibiryo bifite impumuro mbi,disgust+sadness,disgust,0.059,1.0,0.006,0.018,0.031,0.011
kin_test_track_a_00073,@<username> @<username> @<username> arifata agashyiraho umuntu wananiwe gusimbuka urukuramende rwa santimetero 50 koko?😏😏🤣😂,sadness,anger,0.898,0.001,0.008,0.004,0.107,0.187
kin_test_track_a_00074,kugeza ubu nubwo uyu muhanzi ntacyo aratangaza kuri iyi nkuru y’akababaro dore ko ari inkuru imenyekanye ari muri finland mu rugendo rw’ibitaramo afite ku mugabane w’u burayi.,sadness,fear+sadness,0.062,0.0,0.362,0.021,0.838,0.067
kin_test_track_a_00075,senateri murangwa yavuze ko kibazo kiri mu bikoma mu nkokora gahunda yo gukumira no kurwanya impanuka ari icyo kuba hari umubare munini w’ibinyabiziga bigenda mu muhanda bidafite ubwishingizi.,anger,fear+sadness,0.021,0.001,0.799,0.059,0.793,0.006
kin_test_track_a_00077,shaddyboo kuva yerekeje i burayi muri werurwe 2023 yakunze kugaragaza ko akumbuye bikomeye manzi ajya yita ‘sugar daddy’.,none,joy,0.108,0.0,0.002,0.644,0.062,0.277
kin_test_track_a_00079,niyo mpamvu nsaba abazahugura aba bakobwa kujya babaha ibibazo bakifashisha ikoranabuhanga biga mu kubikemura kuko ikoranabuhanga ridakemura ibibazo by’abaturage ntacyo rimaze.”,anger,fear,0.398,0.0,0.346,0.085,0.221,0.016
kin_test_track_a_00081,"@<username> @<username> ikibazo si aho byabereye , ibyabere i bigogwe byabera n'ahandi . ikibazo ni ubuzima bwatwawe , kandi ikiguzi giciriritse . memory card ? 😬",anger+sadness,sadness,0.553,0.0,0.164,0.008,0.661,0.016
kin_test_track_a_00082,mbere y’ibi kizz daniel witwaga kiss daniel mu 2018 yahaye abafana be amafoto ari kumwe na chidinma bafite ‘tattoos’ zisa ku mibiri yabo.,none,joy,0.026,0.001,0.0,0.807,0.117,0.132
kin_test_track_a_00084,"@<username> @<username> niba ari njye ugira amarangamutima niba atari atari njye.....genda rwanda urakagira imana ,uragahoraho rwanda.@<username> wubahwe",joy,none,0.26,0.0,0.003,0.205,0.074,0.005
kin_test_track_a_00085,"ahazaza hawe hagize uhamenya yakwiyegereza cg akaguhunga , ariko hashimwe imana ikubonamo icyo isi itakubonamo #fridaymotivation #happyfriday",none,joy,0.07,0.0,0.009,0.766,0.25,0.005
kin_test_track_a_00088,mukwinyesebura ukumva ngo ndakwinginze😢ntuzitemo🍆🍑🙈 none bako muba mwumva byoroshye gusimbuka imodoka irimo igenda😳 @<username>,none,anger,0.837,0.0,0.041,0.004,0.164,0.192
kin_test_track_a_00095,"ati “afurika ni igihangange, abanyafurika ni ibihangange ariko mu by’ukuri, igihe kirageze ntabwo mukeneye guhora mwibutswa, mugomba kubimenya, mukabyakira kandi tukaba ibihangange turi byo kandi tugomba kuba.”",anger,none,0.599,0.0,0.107,0.132,0.076,0.029
kin_test_track_a_00097,fils peres mwese nyuma ya chogam mufite inama muzasobanure uko bariya bana mwihakanye bazabaho🤸🤸🤸🤸,anger,none,0.412,0.001,0.121,0.056,0.044,0.089
kin_test_track_a_00100,ngo ubu ko twari dufite ishyirahamwe ry’abagore turaba aba nde?,sadness,none,0.596,0.01,0.013,0.011,0.34,0.439
kin_test_track_a_00102,"yandikaga ari iwabo aho ababyeyi be bari batuye mu bubiligi, akandika amagambo yisuka atazi aho ari kuyavana nk’uko yabibwiye w magazine.",surprise,sadness,0.079,0.011,0.006,0.042,0.845,0.347
kin_test_track_a_00103,"ati “nubwo navuze ko fdlr iri hano ariko noneho bari banafite umugambi wo gutera grenade muri uyu mujyi [wa rubavu], na ndetse batubwira ko zamaze no kwinjira.",fear,none,0.368,0.0,0.231,0.011,0.578,0.339
kin_test_track_a_00105,@<username> nonex uzigute ko atarimo kwihorera 🤷🏾 wasanga baramwiciye umwana cgw ababyeyi nimugahubuke ngo muzanibinu namakuru yuzuye mufite,none,anger,0.885,0.0,0.04,0.003,0.477,0.02
kin_test_track_a_00107,"paluku yavuze ko itegeko nshinga ritegeka ko ubuyobozi buhabwa abasivile, akibaza uburyo igisirikare cyakomeza gufata inshingano zireba abasivile.",anger,none,0.647,0.0,0.162,0.013,0.4,0.171
kin_test_track_a_00108,ubushinjacyaha bwari bukurikiranyeho ab godwin usanzwe akora amashusho y’indirimbo na filime icyaha cyo gukoresha indege itarimo abapilote mu rwanda nta ruhushya abifitiye.,sadness,none,0.082,0.0,0.003,0.044,0.426,0.293
kin_test_track_a_00113,"musenyeri andré perraudin ni we mubyeyi wa parmehutu kuko yayireze kuva ikivuka arayikuza, kugeza inyigisho zayo zisenye u rwanda mu 1994.",anger+sadness,sadness,0.049,0.0,0.0,0.091,0.816,0.137
kin_test_track_a_00117,ibi ni igihombo ku bazishaka kuko umuntu ayifashe itarajyanwa muri cyamunara itangwa kuri make.,sadness,fear+sadness,0.033,0.003,0.439,0.025,0.839,0.017
kin_test_track_a_00119,"@<username> @<username> @<username> umva mbese, wowe fata turuwasa zawe uzishore neza urebe ko utazagafata tukumirwa",none,anger,0.88,0.001,0.003,0.024,0.185,0.004
kin_test_track_a_00120,"iyo uganiriye n’abahanga mu myubakire bakwereka ko buriya ubukonje bwibasira inzu buturuka hasi mu butaka bityo iyo utabanje kwita ku musingi w’inzu yawe ngo iyo myuka ihere mu butaka, ntakabuza inzu irangirika.",none,fear,0.169,0.005,0.642,0.027,0.081,0.013
kin_test_track_a_00122,@<username> uriya ntajya atenguha abantu be,joy,anger,0.829,0.017,0.01,0.014,0.111,0.011
kin_test_track_a_00124,"we yagize ati ""hano naharwarije umuhungu wari wahuye n’impanuka none umudamu we nawe yaje kubyarira hano ku bitaro.",surprise,sadness,0.031,0.001,0.012,0.084,0.966,0.048
kin_test_track_a_00125,"iyo imaze kwinjira mu muryango w’ibagiro barafunga, bakayirasa amashanyarazi atuma itakaza ubwenge ariko idapfuye kuko iyo umukozi ayikata ijosi ubona yikanze, bivuze ko igifite ubuzima.",none,sadness,0.092,0.001,0.034,0.056,0.946,0.014
kin_test_track_a_00127,muri resitora twariragamo hari ikigabo kirya gifite ikimwira,disgust,sadness,0.011,0.054,0.011,0.023,0.709,0.243
kin_test_track_a_00129,@<username> @<username> wishyire wizane muri byose urangwe nishyaka uterimbere none uraganje mubwigenge tugukomeyeho uko turi tweseeeeeeeehhhhhh,joy,anger,0.97,0.001,0.016,0.012,0.276,0.013
kin_test_track_a_00130,"mu mpera z’icyumweru gishize, u burusiya bwatangaje ko bwaburijemo igitero cya drones cyari cyagabwe na ukraine mu kirere cy’umurwa mukuru, moscow.",none,fear,0.093,0.0,0.74,0.036,0.492,0.26
kin_test_track_a_00131,"@<username> rata ibyo uvuze ni ukuri❤👌👌 ahubwo waretse match itaha tukazayirebera hamwe, rwose binkorere pee🙏",none,joy,0.213,0.0,0.002,0.58,0.019,0.012
kin_test_track_a_00135,"uyu mugabo wari wahawe kuyobora iri shyirahamwe nyuma y’imyaka 18 atagera ku kibuga, yaranzwe no kudaca ibintu ku ruhande, adafite umwanya wo kujya mu kajagari kari kamenyerewe muri ferwafa.",none,sadness,0.082,0.0,0.002,0.023,0.846,0.089
kin_test_track_a_00136,equipe y’u rwanda ihagaze neza muze tubashyigikire! dore abakinnyi bo guhanga amaso! ##url##,none,joy,0.013,0.001,0.002,0.973,0.027,0.013
kin_test_track_a_00137,niba uzi ibintu ubifite neza ukagera mu kizamini ntubashe no kubura amaso ngo urebe ukubaza burya uba watsinzwe.,none,surprise,0.435,0.001,0.044,0.058,0.094,0.745
kin_test_track_a_00139,n’iyo ubajije abaturage barakubwira bati ‘iyo umukozi ushinzwe gutanga ibyangombwa byo kubaka akubwira ngo dosiye ‘ntiragaruka’ aba ashaka kwaka ruswa.”,sadness,none,0.69,0.0,0.033,0.035,0.578,0.139
kin_test_track_a_00141,@<username> aha ntacyo tubaveba. tubashyigikire tariki 26/01/2021 bazadutere gusimbuka tukajya mu bicu.,joy,none,0.795,0.0,0.059,0.134,0.094,0.001
kin_test_track_a_00143,@<username> ikigali ntitwabona umwanya wo guteka imitwe ngo tunabone uwo kotsa runonko 😒,none,anger,0.922,0.0,0.034,0.008,0.259,0.055
kin_test_track_a_00145,"ati “umusore yari inshuti y’urugo nkajya mubaza ngo ko watwanze ukakitureba akanyihorera, ubwo yamenyaga ko uwo mugabo asigaye afite undi musore baryamana byaramurakaje aza kumbwiza ukuri.”",sadness,sadness+surprise,0.322,0.0,0.02,0.014,0.726,0.723
kin_test_track_a_00146,"ngo iyo babonaga hari abantu bashobora kubasuhuza, aho hantu ntibahahagararaga mu kwirinda gutakaza igihe, ku buryo ngo hari n’umwana wabasabye kumusinyira ku ishati ye (autographe), babona ko byabakereza barakomeza.",none,sadness,0.061,0.0,0.065,0.037,0.794,0.312
kin_test_track_a_00147,"nyuma, uyu muyobozi yaje kwandika ko hari drone yarasiwe mu kirere cy’iyi ntara, ariko ntabwo yemeje niba ari nayo yagabye igitero cya mbere.",none,fear+sadness,0.03,0.0,0.679,0.037,0.748,0.559
kin_test_track_a_00149,bibiriya itwigisha byose bidufitiye umumaro muri ibi bihe ndetse n'ibituzanira ubugingo twirinde impaka z'amategeko ##url##,none,fear,0.62,0.0,0.335,0.07,0.26,0.0
kin_test_track_a_00150,"banasobanuriwe ko kwanga kwishyura ku bushake bigira ingaruka kuko utishyuye bituma ashyirwa ku rutonde rwa ba bihemu, bigatuma nta kigo cy’imari gishobora kumuha inguzanyo.",none,fear,0.05,0.001,0.896,0.043,0.476,0.006
kin_test_track_a_00151,uburyo uyu muhanzikazi aba aririmba afatanyije n’itsinda ry’abamufasha n’abacuranzi barimo n’abazungu biri mu byatunguranye.,surprise,sadness,0.054,0.0,0.004,0.183,0.628,0.309
kin_test_track_a_00152,"ku gisenyi amafi yatangiye gupfa, ikirunga cyabaye ikirunga wallah! @<username> #gomavolcan #nyiragongo ##url##",fear,sadness,0.178,0.0,0.005,0.298,0.712,0.008
kin_test_track_a_00154,@<username> @<username> @<username> @<username> @<username> @<username> @<username> @<username> @<username> @<username> @<username> @<username> @<username> @<username> @<username> @<username> @<username> @<username> @<username> @<username> harya ubu @<username> niwe wakwugishihe ukuri? yarakuroshye nkuko yoheje #donatha agata akazi ngi agiye kumushyingira umuzungu. murahonnye,anger,none,0.734,0.0,0.018,0.013,0.567,0.359
kin_test_track_a_00156,"n’ubwo kiyovu sports kuri ubu itemerewe kwandikisha abakinnyi nyamara hari abo yari yamaze gusinyisha barimo niyonzima olivier ‘seif’ wari usoje amasezerano muri as kigali, gakuru matata yakuye muri rutsiro fc, myugariro kazindu guy brian wavuye muri gasogi united, rutahizamu w’umunye-congo, jérémie basilua, umunya-angola utaha izamu, fofo cabungula, rutahizamu w’umunya-liberia, obediah freeman, abagande batatu, kalumba bryan, mulumba suleiman n’umunyezamu emmanuel kalyowa.",sadness,none,0.125,0.0,0.002,0.216,0.367,0.103
kin_test_track_a_00159,"u rwanda ni igihugu cyagiye cyubakira ku mateka akakakaye amaze imyaka isaga 1723 (30-2023), yose yabayemo ibikorwa byinshi byo kuruhanga, kurwubaka no kuruhengamura rugiye kuzima, rukongera rukajya mbere.",surprise,none,0.079,0.0,0.001,0.386,0.336,0.017
kin_test_track_a_00160,@<username> ayiwe ! itahire n'ubundi ibi ni urupfu🤣! ubu se ni ukurya cg ni ukuzuza igifu mpaka uheze umwuka🙈,sadness+surprise,none,0.804,0.0,0.007,0.002,0.275,0.044
kin_test_track_a_00161,"aline gloriose uwizigiye, umwe mu barokotse jenoside yakorewe abatutsi i nyanza ubu uba mu bufaransa, yatangaje ko ibikozwe kuri biguma byerekana ko aho umujenosideri wese ari azacirwa urubanza.",joy,sadness,0.225,0.0,0.021,0.025,0.88,0.042
kin_test_track_a_00162,niba ababyeyi bataguhaye icyo kintu cyo kumva ko uri umunyarwanda nawe bizakugora.,none,sadness,0.529,0.0,0.149,0.006,0.799,0.128
kin_test_track_a_00166,"ati “kuzimya biri kugorana kubera ikibazo cy’umuyaga, abaturage bari kwifashisha amasuka n’ibitiyo bagaca nyirantarengwa hakaba aho igiti gishya cyangwa kigakongeza umuriro hakurya y’aho abaturage baciye nyirantarengwa, indi mbogamizi ni umuyaga kuko nawo uri gutiza umurindi umuriro.”",fear,sadness,0.04,0.002,0.122,0.087,0.914,0.007
kin_test_track_a_00167,birazwi ko bene izo mvugo zenyegeza urugomo kandi zikabangamira imibanire myiza n’imikoranire y’abenegihugu.,sadness,fear,0.262,0.0,0.941,0.007,0.401,0.13
kin_test_track_a_00168,"ange, ngutirire speakers umbwirire n'abinyuma? uku ni ukuri 300% ##url##",none,anger,0.886,0.002,0.035,0.041,0.046,0.101
kin_test_track_a_00170,@<username> mwabantumwe harindi network yihuta kurusha mango mumbwire kabisa byarandenze ahubwo mango narabasabye ngo bazanyihere akazi 🤣 mbakorere kuko ndabakunda kabisa💪🙏💚💚💚 ##url##,none,joy,0.149,0.0,0.002,0.708,0.039,0.003
kin_test_track_a_00173,kuko nihatabaho kubirengera bizatuma ubuzima bugenda nabi bityo amahoro ntakomeze kubaho.”,fear,fear+sadness,0.209,0.001,0.669,0.038,0.738,0.017
kin_test_track_a_00174,@<username> bari kumurutsa cash yariye😂😂,anger,none,0.753,0.0,0.004,0.009,0.119,0.025
kin_test_track_a_00175,@<username> @<username> @<username> @<username> @<username> @<username> @<username> @<username> @<username> @<username> ntabwo abeshya ahubwo ararembye kuko imikorere nimivugire ye igaragaza uburwayi bufite ikigero cyamujyana i ndera kwiberayo ubuzima bwe bwose,sadness,none,0.661,0.0,0.086,0.018,0.46,0.027
kin_test_track_a_00176,"ubwo iri rushanwa ryasozwaga hatangwa ibihembo, igihe yamenye ko umwe mu banyamahanga baryitabiriye yabuze camera ye.",sadness,joy+surprise,0.019,0.003,0.005,0.587,0.119,0.761
kin_test_track_a_00177,@<username> @<username> @<username> eka mwebwe muraturembeje nange barankata buri munsi ibi bintu nubujura kbs,anger+sadness,anger,0.965,0.001,0.019,0.004,0.132,0.009
kin_test_track_a_00178,nubwo bimeze bityo ariko abaturage bagenda bimuka bakava mu ntara imwe bajya mu yindi kubera impamvu zitandukanye.,none,sadness,0.025,0.002,0.032,0.102,0.77,0.038
kin_test_track_a_00179,@<username> @<username> he n’umubyeyi urangwa n’impuhwe kandi ikizere ngufitiye nuko guhinduka byo aribyawe. wagize neza gutera intabwe yagitwari.,joy,none,0.145,0.0,0.002,0.536,0.316,0.003
kin_test_track_a_00180,yagaragaje ko ibibazo biri muri adepr bikeneye agacaca ko kubiganiriramo kugira ngo hahuzwe impande zirebana nabi.,anger,fear+sadness,0.129,0.0,0.653,0.014,0.673,0.022
kin_test_track_a_00181,"amakuru igihe yahawe na bamwe mu bakobwa bavuga ko ukuntu imyambarire isigaye imeze, bigoye kwambara ikariso kuko bihita bigaragara nabi.",surprise,fear+sadness,0.03,0.001,0.309,0.061,0.645,0.599
kin_test_track_a_00182,"nubwo abaturage batabyishimiye, abasesenguzi mu bukungu bemeza ko aribyo byiza kuko bizarinda leta gukomeza kongera amadeni.",none,joy,0.013,0.0,0.025,0.912,0.161,0.011
kin_test_track_a_00183,"umva se bantu banjye, niba ntaribi se mwantoreye umuvandimwe. kandi nukuri muraba mumfashije pe ❤❤❤ #amiresilienceprize. link: ##url## 🔥 ##url##",none,joy,0.083,0.0,0.004,0.662,0.069,0.005
kin_test_track_a_00185,biragoye ko hari ikipe yagura umukinnyi mu yindi,none,sadness+surprise,0.126,0.002,0.022,0.018,0.771,0.784
kin_test_track_a_00187,"iyo abantu benshi basoze make make, kenshi birusha guca menshi ashobora abantu bake.",none,disgust,0.061,0.999,0.005,0.019,0.031,0.013
kin_test_track_a_00191,ari gusohora ururenda ruvanze n'amashyira kubera cya kirwara.,disgust,none,0.082,0.597,0.023,0.177,0.363,0.229
kin_test_track_a_00192,@<username> hahahahh reka nicecekere sinjya ntukana gsa ubanza baba batarimo 2 hhhhh,none,anger,0.916,0.001,0.031,0.007,0.234,0.004
kin_test_track_a_00194,@<username> @<username> man wumve ko ama mama ubwenge meeeeeee,none,anger,0.871,0.001,0.003,0.021,0.227,0.006
kin_test_track_a_00195,@<username> uwiteka ari ku ngoma niwe utubereye maso. humura. yesaya 41:10,joy,none,0.106,0.0,0.002,0.49,0.095,0.001
kin_test_track_a_00196,"ati “mureke dusenge imana nk’iyumva, hari abantu bavuye mu ngo bagiye mu myobo bakavamo banarwaye cyangwa bameze nabi ngo barasenga, ntabwo ari databuja w’umugome.",anger,sadness,0.785,0.0,0.05,0.008,0.743,0.033
kin_test_track_a_00197,"ni ubwa kabiri bukozwe ku rwego rw’igihugu bugamije kureba ibishobora gutuma izo ndwara ziyongera, bikanatanga umurongo wo kuzikumira.",none,fear,0.026,0.002,0.394,0.235,0.06,0.03
kin_test_track_a_00200,"iyo amaze kubihamena bamwe mu baturage batoragura bya bitiritiri bakabigurisha abatwika amatafari mu matanura, naho abana bo bagatoraguramo bya bigori byapfuye bakabivungura, bakabigurisha.",none,sadness,0.171,0.005,0.005,0.119,0.911,0.208
kin_test_track_a_00202,"umutwe wa wagner watangaje ko wiyemeje gusenyura inzego z’igisirikare cy’u burusiya, ni mu gihe ibiro by’iperereza mu burusiya byatangaje ko byatangiye gukurikirana umuyobozi wa wagner, yevgeniy prigozhin ku byaha birimo gukangurira abantu kujya mu mutwe witwaje intwaro no gushaka guhirika ubutegetsi bwa vladimir putin.",anger,fear,0.24,0.0,0.362,0.009,0.54,0.325
kin_test_track_a_00207,"ibi byose bigira ingaruka ku mihindagurikire y’ibihe aho hamwe imvura ibura burundu nko mu bihugu bya afurika y’amajyaruguru no mu ihembe rya afurika, imvura ishobora kumara imyaka ibiri itaragwa na rimwe.",sadness,fear,0.013,0.004,0.857,0.025,0.415,0.005
kin_test_track_a_00208,"wari umukino ukomeye kuko nta kipe yifuzaga kuwutakaza, kandi zifatwa nk’ikipe zihanganiye ibikombe byombi mu rwanda.",joy,surprise,0.058,0.001,0.007,0.455,0.176,0.763
kin_test_track_a_00209,"arata umwanya, kuko ibye birazwi ku buryo buhagije. amateka ye mabi n'uyo yabloka abantu bose ntiyasibangana. ##url##",anger,none,0.665,0.001,0.006,0.176,0.14,0.078
kin_test_track_a_00211,"mu buhamya bw’uko yabanye na pasiteri niyonshuti, umuyobozi w’itorero rya zion temple i ntarama mu bugesera, pasiteri olivier ndizeye, yavuze ko yamenyanye na pasiteri niyonshuti byisumbuyeho aho yari yamutumiye mu materaniro yo kurwanya ikoreshwa ry’ibiyobyabwenge mu rubyiruko.",none,joy,0.021,0.0,0.003,0.695,0.3,0.031
kin_test_track_a_00213,waje buhoro buhoro buhoroooh.... wicara mumutima wanjye ...... none utangiye kuguguna umutima wanjye💔 ibyo nibyo unyituye koko😭,sadness,none,0.817,0.002,0.032,0.005,0.509,0.404
kin_test_track_a_00216,"ati ""kabuye (uruganda nyarwanda rukora isukari) tuvuga nta nubwo ihaza igihugu kugeza ku 10%.",anger,none,0.762,0.0,0.127,0.048,0.181,0.029
kin_test_track_a_00219,"yakomeje avuga ko guhuza inkuru z’ibihe bikomeye aba kera babagamo byo ‘guterura’ n’uyu munsi byabanje kubagora, cyane ko atabibayemo.",none,sadness,0.136,0.0,0.05,0.02,0.933,0.479
kin_test_track_a_00220,ngo iyo ugerageje gutera inda umukobwa unanutse umubiri we uhita ukubwira ngo insufficient space 🤣😂😂,none,surprise,0.507,0.005,0.007,0.012,0.12,0.963
kin_test_track_a_00221,"ati “mbanje gushima imana ku bwa junior multisystem, nshima imana ibyo yamukoreye; akiri mu nda y’umubyeyi we umwanzi yaramurwanyije yifuza kumwambura ubuzima, imana izamuhe kubana na yo.”",sadness,joy,0.007,0.0,0.001,0.968,0.237,0.009
kin_test_track_a_00223,"*muri equity itm zipfa buri weekend * bk yakuyeho cheque ubu ntakwandikira umuntu cheque , service mbi..... ##url##",anger,none,0.36,0.0,0.007,0.384,0.144,0.001
kin_test_track_a_00225,"perezida wa komisiyo y’ububanyi n’amahanga, ubutwererane n’umutekano, bugingo emmanuel, avuga ko gushyiraho itegeko rishya bizakuraho ibyuho byagaragaraga mu ryari risanzweho.",none,fear,0.17,0.0,0.848,0.045,0.249,0.014
kin_test_track_a_00226,"@<username> @<username> gutera ibuye ahantu nk'aha, ni amahano mbambaroga. #rwot",none,anger,0.841,0.005,0.007,0.02,0.179,0.004
kin_test_track_a_00227,"iyi nkuru isa nk’iyaciye igikuba mu bakunzi b’urucaca bibazaga ukuntu iyi kipe igiye kwishyura aka kayabo ku bakinnyi batigeze bakinira ikipe yabo, kongeraho ko bari no mu bihe byo kugura abakinnyi bashya.",sadness,fear,0.097,0.0,0.537,0.036,0.419,0.619
kin_test_track_a_00231,"mukantambara yakomeje asaba abaturage kujya bazirika neza inzu zabo, bagahora banagenzura ko inkuta z’inzu ziziritse neza ngo kuko muri iyo nzu nto basanze amatafari atari acometse neza kuburyo bakeka ko ari nabyo byatumye igikuta kigwa, kuri ubu umurambo wajyanywe gupimwa mu bitaro bya rwamagana.",sadness,fear+sadness,0.241,0.0,0.391,0.043,0.747,0.004
kin_test_track_a_00232,"“nyuma yaho gato, ahagana ku isaha ya saa mbiri, mu murenge wa matimba mu karere ka nyagatare haje gufatirwa andi mabalo ane ya magendu y’imyenda ya caguwa, ubwo nyirayo yari amaze kuyigeza mu rugo, abonye inzego z’umutekano aratoroka.”",none,sadness,0.031,0.0,0.194,0.063,0.849,0.1
kin_test_track_a_00233,"kuki usanga abitwa ba """"kavukire"""" batumvikana n'abitwa """"abimukira"""" ndetse ugasanga abapangayi batumvikana na ba nyir'amazu bakodesha? @<username>",fear,anger,0.921,0.0,0.006,0.006,0.083,0.027
kin_test_track_a_00237,"umwana ujya muri siporo bimufasha kugira ubuzima bwiza, akabona icyo ahugiraho aho kujya mu bindi bitamufitiye akamaro.""",none,joy,0.021,0.0,0.019,0.768,0.382,0.014
kin_test_track_a_00240,@<username> ndumva nanjye nanjoinga abo badafite ubwenge nuko nsanze ndi mubi😥,none,anger,0.881,0.0,0.077,0.003,0.465,0.023
kin_test_track_a_00241,"@<username> urumva ko ikibazo ari ugosoma inzandiko zitatugenewe. ari abisiraheli ntituri bo, abagalatiya ntituri bo. ubwo inzandiko zitureba ni izihe?",anger,none,0.658,0.0,0.1,0.009,0.097,0.043
kin_test_track_a_00242,"darren moss jr umwe mu bayobozi bo mu gace uwo mugore atuyemo, yavuze ko batazamufunga bya burundu, ahubwo ngo azamara iminsi 45 acungirwa hafi mu cyumba yafungiwemo kugira ngo anywe imiti.",none,sadness,0.081,0.0,0.1,0.151,0.904,0.002
kin_test_track_a_00243,@<username> nonex uwo mwana nago azikubara amafaranga kombona yabishyuraga akibagirwa50 kuri burimuntu uyumwana yaradamaraye,anger,none,0.68,0.0,0.001,0.049,0.533,0.007
kin_test_track_a_00244,"ibi bifitanye isano no kuba abagore barahawe rugari bakiga ndetse bakaminuza, kuko ya mibare yerekana ko abagore babashije kwiga amashuri yisumbuye cyangwa kurenzaho bafite umubare uri hasi w’abana babyaye (abana 3.4 ku mugore), mu gihe abagore bize amashuri abanza gusa cyangwa arengaho gake babyaye abana benshi (abana 3.9 ku mugore.",fear,none,0.014,0.0,0.146,0.011,0.545,0.38
kin_test_track_a_00246,@<username> yago nawe turakwemera kuri you tube bro keep in touch bro buriwese akore ibye kandi abikore neza atiganda,none,joy,0.06,0.001,0.002,0.804,0.032,0.002
kin_test_track_a_00247,@<username> @<username> byo byo amaraso ntiwayaheza! n'ay'itungo arasama nkanswe ay'inzirakarengane itacumuye!!!,none,anger,0.957,0.0,0.009,0.009,0.308,0.004
kin_test_track_a_00248,"amanota 23 yari abonye yatumye agira 55, yamuhesheje kuba umukandida ku gikombe.",joy,surprise,0.028,0.003,0.005,0.299,0.222,0.885
kin_test_track_a_00249,ese namwe mubona uburyo ibintu bya munyangire byeze!?nonese biterwa niki koko!?mwaretse tugafashanya uko dushoboye ko ntawuramba nka nyiragongoo!🙏,sadness,none,0.671,0.0,0.011,0.046,0.034,0.067
kin_test_track_a_00250,ejo nuriye igiti cyegeramye na gereza cyivunika ishami ngwa muri gereza none infumgwa zirikunyita mugenzi wabo🙄,none,surprise,0.391,0.004,0.046,0.003,0.555,0.74
kin_test_track_a_00251,iyo hari ubushyuhe bwinshi umubyimba ndetse n’uburebure bw’icyuma biriyongera mu gihe mu bihe by’ubukonje wa mubyimba ndetse n’uburebure bishobora kongera kugabanuka.,none,fear,0.005,0.013,0.521,0.021,0.571,0.016
kin_test_track_a_00255,“biteye isoni kubona imitwe yitwaje intwaro yatumye ibyo bihe bidasanzwe bishyirwaho ubu yarahindutse abafatanyabikorwa ba guverinoma.”,anger+sadness,sadness+surprise,0.286,0.0,0.254,0.007,0.795,0.811
kin_test_track_a_00259,guhabwa ubuzima bw’umwaka wose ukabuhabwa ku gihe ni ikintu gishimishije.”,joy,sadness,0.219,0.0,0.031,0.064,0.954,0.076
kin_test_track_a_00262,"very sad! umwana w'ukwezi 1 koko...😠, nyamara izi nyagabirama ziba zifite uburwayi bwo mumutwe! ntamuntu muzima wakora aya mahano❌ ##url##",anger+sadness,sadness,0.138,0.0,0.022,0.023,0.933,0.06
kin_test_track_a_00264,"tariki 2 werurwe 1982, bikira mariya yabonekeye marie claire mukangango.",none,sadness,0.011,0.0,0.003,0.033,0.746,0.106
kin_test_track_a_00266,"@<username> @<username> @<username> ikindi kuba yari gufunga umuhanda umupolisi arebera kandi abona ko bishoboka gukemura ikibazo, ubu nibwo bunyamwuga.",none,anger,0.878,0.0,0.014,0.005,0.307,0.007
kin_test_track_a_00268,@<username> kubona abasore bashoboye gukoresha amaboko n'umutwe bari #kwimaringa ngo barashaka ikamba nanjye byanteye impungenge.,anger+fear,fear+sadness,0.399,0.001,0.452,0.004,0.594,0.487
kin_test_track_a_00271,umuntu uri gusaba umwanya ngo atange ibitekerezo 🤌🤌🤌🤌😂😂😂😂😂😂😂,none,anger,0.851,0.0,0.03,0.006,0.059,0.251
kin_test_track_a_00272,senateri mugisha yasabye abayobozi ba rura kwikubita agashyi kugira ngo ijye ibasha gufasha abaturage gushyira mu bikorwa amabwiriza ishyiraho cyangwa ashyirwaho n’izindi nzego zikorana na rura.,anger,none,0.135,0.0,0.09,0.527,0.109,0.002
kin_test_track_a_00273,yongeyeho ko adashimishwa n’ubuzima babayemo kuko ahuriramo n’ingorane umunsi ku wundi zirimo kwicwa n’inzara n’imbeho ya nijoro no guhohoterwa.,anger,joy,0.004,0.001,0.002,0.967,0.412,0.012
kin_test_track_a_00275,"iyi nkongi y’umuriro yasenye ibyumba bibiri by’ishuri ndetse abanyeshuri barenga 1500 barahungishwa, uwo munsi gahunda z’amasomo zirasubikwa.",sadness,joy,0.01,0.0,0.005,0.835,0.572,0.002
kin_test_track_a_00277,bene iyo mibare ngo yatumye awdo ishaka ibitera abangavu guterwa inda zitateganyijwe kugira ngo ifashe mu kubishakira umuti aho gutegereza guhangana n’ingaruka.,sadness,fear+sadness,0.024,0.0,0.706,0.038,0.773,0.018
kin_test_track_a_00278,@<username> none se uwo mwuka wera ko nta we ndi kubona?,none,anger,0.916,0.002,0.012,0.003,0.058,0.016
kin_test_track_a_00282,amakipe yose aregeranye buri imwe yatsinda indi n’amakipe ahangana cyane by’umwihariko gutsindira hanze biba bigoye.”,none,sadness,0.405,0.0,0.073,0.107,0.64,0.304
kin_test_track_a_00283,ati “ni ingenzi ko ibihugu byacu bigerageza gukuraho uko kwivanga kugira ngo ingaruka zabyo ziveho.,none,fear,0.125,0.001,0.427,0.252,0.059,0.015
kin_test_track_a_00286,ati “icyo numva tutakoze mu myaka icyenda iri serukiramuco rimaze ni uko tutageze kuri buri rwibutso hirya no hino mu gihugu tubasangiza ibyiza bya ubumuntu arts festival.”,none,joy,0.006,0.0,0.002,0.973,0.037,0.03
kin_test_track_a_00290,"@<username> amahano?! ni impanuka, inkangu, inzara.... muyite izina rikwiye.",none,anger,0.945,0.0,0.067,0.003,0.567,0.003
kin_test_track_a_00293,@<username> @<username> @<username> @<username> @<username> uzi kubona umuturage anywa amazi yo mu dam cg avoma umuvumba muri iki gihugu! birababaje ababishinzwe nibatabare .,sadness,anger+sadness,0.901,0.0,0.033,0.003,0.605,0.107
kin_test_track_a_00299,@<username> @<username> @<username> xlm ewan bushari na okama mubyuhahiro byabo nibubahwe kuko murinominsi barikudukoma san ndabemera,joy,anger,0.936,0.0,0.011,0.019,0.377,0.002
kin_test_track_a_00301,"ati “hari n’iyahunganye nabo bajya muri zaïre, baragarukana iza no gutera amahane ivuga ngo abanyarwanda bibashyira mu byabo [mu mitungo] nibabe baretse babanze bajye mu nkambi mu rwanda”.",sadness,anger+sadness,0.823,0.0,0.023,0.011,0.722,0.269
kin_test_track_a_00303,@<username> erega uzarebe ngo icyo umutima ukunda amata aguranwa itabi tubaterera amavi ark ahanini tuba twishakira batotizuba,none,anger,0.934,0.002,0.018,0.006,0.168,0.019
kin_test_track_a_00304,"yatanze urugero rw’uko yavukiye mu rwanda, agakurira muri uganda, madamu jeannette kagame akavukira i burundi, nyuma bakaza guhurira muri kenya.",surprise,sadness,0.04,0.0,0.001,0.108,0.686,0.251
kin_test_track_a_00305,twasaniraga abafite inzu ziri aho gutura ariko zagizweho ingaruka bitewe n’uko imeze.,none,sadness,0.023,0.002,0.219,0.131,0.874,0.002
kin_test_track_a_00306,"hari abo tujya gukina, bakumva ko ari ikipe y’i kamonyi bagahita bagira ubwoba tutarajya mu kibuga.”",sadness,fear+sadness,0.392,0.0,0.608,0.015,0.727,0.287
kin_test_track_a_00311,@<username> urumva se atari motivation yo kuba umukire se bro? wicika intege tu,joy,anger,0.863,0.002,0.025,0.005,0.073,0.153
kin_test_track_a_00312,"mu ntangiro z’uku kwezi nabwo, u burusiya bwashinje ukraine kugaba ibitero i moscow, bituma ingendo z’’indege ku kivuga cy’indege cya vnukovo zihindurirwa icyerekezo.",sadness,fear,0.071,0.0,0.549,0.031,0.564,0.055
kin_test_track_a_00313,"@<username> @<username> @<username> @<username> @<username> aha uwakoze icyaha ni nawe wasibanganyije ibimenyetso, ubwo se naba nibutsa iki, nibutsa nde? ni agahinda gusa! 😭😭😭😭😭😭",anger+sadness,none,0.811,0.0,0.017,0.003,0.37,0.049
kin_test_track_a_00319,kimwe mubintu nkundira abantu bomucyaro ujyakumva ukumva arakubajije ngo ubwokoko wabuze akazi?wazapfa kujya mugisirikare cg mugipolice 😂😂😂,sadness,surprise,0.686,0.0,0.012,0.005,0.252,0.699
kin_test_track_a_00321,"kidum yabivugiye mu gitaramo yakoreye i bruxelles mu bubiligi ubwo yari ku rubyiniro ku wa 6 gicurasi 2023, aho nyuma yo kuzongwa na shaddyboo wamubyinishaga amusiga umubiri, yasabye ko umuziki uhagarara arangije afata ijambo ati “erega shaddyboo yibagiwe ko ndi padiri mukuru!”.",anger+sadness+surprise,joy,0.069,0.0,0.003,0.779,0.057,0.288
kin_test_track_a_00325,@<username> nukuri njyewe bingeze aha ngiye kwiyahura mu buriri😂😂😂,anger+sadness,anger,0.898,0.0,0.01,0.003,0.157,0.055
kin_test_track_a_00326,tugeze mu gihe gikomeye aho ibitambo byatanzwe n’abatubanjirije bishobora gutakaza igisobanuro mu gihe twaba tunaniwe kurera neza abadukomokaho ngo bakurane iyo myumvire n’indangagaciro twahawe.,fear,none,0.038,0.0,0.033,0.519,0.04,0.161
kin_test_track_a_00327,"bakubwiye ko uzahembwa amafaranga yanditsemo hano, urabona wahembwa angahe?? cg nkurangire muganga!!! ##url##",none,anger,0.871,0.0,0.018,0.01,0.086,0.087
kin_test_track_a_00330,uburyo bwo kubyivanamo:,none,disgust,0.136,0.757,0.026,0.06,0.061,0.128
kin_test_track_a_00331,@<username> arashaka gukubita ruriya rubaho ariko amaboko ye ari muri opposition n ubwonko bwe 😂,none,anger,0.897,0.001,0.027,0.006,0.358,0.121
kin_test_track_a_00332,umwana uzi ubwenge bamusiîga nawe yinogereza,none,disgust,0.07,0.991,0.001,0.029,0.088,0.009
kin_test_track_a_00333,@<username> @<username> akajagari mwifuriza u rwanda muzajya kugakorera ikuzimu mu buturo bwanyu,anger,joy,0.278,0.0,0.011,0.789,0.037,0.001
kin_test_track_a_00339,@<username> nureba se ....nuko kibondo.dore umukobwa (umutegarugori) ubereye u rwanda,joy,none,0.788,0.001,0.008,0.005,0.161,0.045
kin_test_track_a_00342,"kuba hareguye bane muri bayigize, byatumye abasigaye badashobora gufata icyemezo nk’uko amategeko abigena.",none,sadness,0.03,0.0,0.066,0.01,0.862,0.383
kin_test_track_a_00343,"akumiro niki?! ni igihe uguze phone yaguhenze utaziko ari pirate😔🙄😢 uziko ari #samsung , ukayayatsa aho kwiyandikamo #samsung hakiyandikamo samuel 🙄😢😭😭😓😓😟😞😔",sadness+surprise,sadness,0.363,0.0,0.008,0.015,0.752,0.381
kin_test_track_a_00344,"ubushakashatsi ku ibarura rusange rya gatanu ry’abaturage n’imiturire bugaragaza ko ingo 17,7% zitabasha kubona amazi meza yo kunywa mu gihe 28% zitizanya ubwiherero nabwo butameze neza.",sadness,none,0.015,0.001,0.233,0.086,0.443,0.061
kin_test_track_a_00345,"abahanga bavuga ko imibonano mpuzabitsina ikozwe neza, ishobora kubera abayikoze urukingo rwo kwibasirwa n’umuhangayiko, agahinda gakabije ndetse n’ibindi bibazo bishingiye ku buzima bwo mu mutwe.",none,fear,0.054,0.002,0.958,0.011,0.425,0.011
kin_test_track_a_00346,ubusazi bwa putine bugeze no muri sports.dore burayishegeshe. ##url##,anger,joy,0.101,0.001,0.012,0.747,0.065,0.006
kin_test_track_a_00348,ikomeza ivuga ko yibarutse mu ntangiro z’uku kwezi ariko we na a$ap rocky bagahitamo kubigira ubwiru bukomeye.,none,sadness,0.029,0.0,0.003,0.384,0.698,0.151
kin_test_track_a_00350,@<username> @<username> @<username> @<username> @<username> @<username> ni ukuvuga ko yamwogeje kugirango asibanganye ibimenyetso. mbese yamwogeje ku gitsina nka kwa kundi dukaraba mu ntoki n'amazi n'isabune.,fear+sadness,none,0.727,0.0,0.001,0.035,0.178,0.04
kin_test_track_a_00351,"abanyeshuri bajyaga kwiga hirya bakambuka imipaka, ariko kugeza ubu aho cyaziye baza hano, ntibakijya hirya no hino.’’",none,sadness,0.162,0.001,0.06,0.165,0.734,0.041
kin_test_track_a_00352,mu gitondo cyo kuri uyu wa 24 kanama ubuyobozi n’abaturage bakomeje gukora igenzura ngo barebe ko nta muriro usigaye basanga ntawo.,none,sadness,0.034,0.0,0.149,0.262,0.648,0.005
kin_test_track_a_00353,"moïse katumbi utavuga rumwe n’ubutegetsi bwa tshisekedi, yabwiye abanyamakuru ko ibiri kuba bibabaje, by’umwihariko ko biri gukorwa n’umuntu bahoze bafite imyumvire imwe.",sadness,fear+sadness,0.371,0.0,0.445,0.006,0.894,0.478
kin_test_track_a_00354,leta y'urwanda numubyeyi kbs. itabaye abantu baribaraye batageze aho baba muri kigali.@<username> ##url##,joy,anger,0.845,0.0,0.005,0.069,0.486,0.018
kin_test_track_a_00355,igitangaje n’ukuntu ibiryo byanyu bihora bisa nk’umususwe.,disgust+surprise,disgust,0.105,0.997,0.016,0.024,0.017,0.006
kin_test_track_a_00356,"yakomeje agira ati “ndabifata ubundi nkashushanya nk’umuntu ugiye gukora igihangano cye, hamwe mbishyiraho ku ruhande, ahandi nkahashushanya ikintu runaka ku buryo ubibonye asanga igishushanyo cyanjye gifite umwimerere.”",joy,none,0.225,0.0,0.017,0.431,0.05,0.565
kin_test_track_a_00358,urukiko rugaragaza ko umurongo uhuriweho n’izindi manza ari uko amasezerano ari ingaruka zo kwemera kw’impande zombi.,none,fear,0.375,0.0,0.956,0.003,0.294,0.02
kin_test_track_a_00361,"ba “komisiyoneri” bose si abahemu, gusa umubare munini wabo akenshi uzamo akantu k’ubuhemu kuko nutanze amafaranga ku wo yari agenewe abanza gukuraho aye, akamuha ibisigarizwa.",anger,none,0.437,0.0,0.011,0.078,0.195,0.129
kin_test_track_a_00362,"@<username> kkubera ko mbona mwanyihoreye kukibazo cyanjye, nshaka ko muyemererako umunsi insinga zanyu zanteje impanuka muzabyirengera!",anger,none,0.708,0.0,0.247,0.012,0.357,0.006
kin_test_track_a_00364,"@<username> abikoze namukunda kurushaho. jya ugira critical thinking! umugabo afite umugongo kimwe n'umugore, kuba yaheka umwana rero ntacyo bitwaye!",anger,joy,0.036,0.0,0.002,0.928,0.028,0.005
kin_test_track_a_00367,@<username> niba ari ubuswa bwanjye ... ndabona ikinyarwanda cyanditse hano ntari kucyumva neza.,none,anger,0.867,0.002,0.051,0.008,0.21,0.044
kin_test_track_a_00369,@<username> ariko buriya nawe wagombye gukurikira abandi. kuko ndabona ukurikira bake pe!!! ibyo bagukorera nawe wagombye kubikorera abandi!!!,sadness,anger,0.947,0.0,0.007,0.015,0.106,0.006
kin_test_track_a_00370,"abasirikare bamuhiritse ku butegetsi banze kuva ku izima, bavuga ko batazabumusubizaho.",anger,fear+sadness,0.541,0.0,0.669,0.017,0.812,0.019
kin_test_track_a_00372,izajyimana umunsi umwe nijoro nzabyuka ntere ibuye mukigo cyagisirikare numve ukuntu bavuga ngo uradukanze 😂😂😂😂,sadness,surprise,0.791,0.001,0.03,0.003,0.238,0.765
kin_test_track_a_00373,the city of houston and i extend our prayers and condolences to our own screwed up click legendary rapper #bigpokey family and friends.,none,joy,0.043,0.0,0.006,0.585,0.472,0.006
kin_test_track_a_00377,ni iminsi ibiri bari bihaye yo kureba no kuganira n’abaturage baturiye umupaka.,none,joy,0.044,0.0,0.005,0.665,0.206,0.034
kin_test_track_a_00378,"ati ""ntabwo umuyobozi akwiye gutuza azi ko hari ikibazo umuturage afite yamugejejeho ntiyizere neza ko cyakemutse.",anger,none,0.72,0.0,0.154,0.025,0.302,0.084
kin_test_track_a_00380,mwaramutse mwamfura mwe mumeze mute? mugire igicamunsi cy'impagarike n'ubugingo 🙏♥️,joy,none,0.193,0.0,0.002,0.556,0.053,0.005
kin_test_track_a_00385,hari abantu bahisemo brain kuyikoresha nk’amasogisi mw’iyi minsi😂😂😂,anger,surprise,0.675,0.001,0.014,0.017,0.14,0.775
kin_test_track_a_00386,"ati “ubundi umutware yabaga afite agace atwara, umutware udafite aho atwaye aba atwaye iki, uwo aba ari bwoko ki?",none,surprise,0.694,0.002,0.081,0.007,0.342,0.732
kin_test_track_a_00387,turagura cure-dents mu mahanga tukavuga ko twabohowe!twarabohowe amenyo yacu arasigara-kuko abashinwa ni bo badufasha kuyasukura!”,anger,sadness,0.628,0.0,0.047,0.082,0.802,0.044
kin_test_track_a_00388,gusa ntabwo bayinjije mu mubiri ahubwo barayimwegereje maze bahuza imitsi yayo n’iye hanyuma babona ihise itangira kuyungurura amaraso inasohora imyanda nk’ibisanzwe.,none,surprise,0.068,0.004,0.023,0.11,0.244,0.94
kin_test_track_a_00390,"kwinjira mu gisirikare cy’u rwanda, ni ibintu bikorwa mu buryo buciye mu mucyo, mu murongo ugororotse, gusa byageze ku bongereza badashyigikiye iyi gahunda yo kohereza impunzi mu gihugu, bavuga ko rushaka abo ruzashyira mu gisirikare.",none,anger+fear+sadness,0.842,0.0,0.623,0.008,0.633,0.015
kin_test_track_a_00391,yagaragaje ko kubona umuganga yambura ubuzima uwamuhungiyeho ari ibintu biteye isoni nubwo bishimangira ubugome n’ubukana jenoside yakorewe abatutsi yakoranywe.,anger+sadness,sadness,0.346,0.0,0.147,0.01,0.944,0.149
kin_test_track_a_00392,gahunda ariko ngo nuko uyu munsi ntamahoro agomba kuboneka😂😂😂😂😂😂😂😂 ##url##,fear,none,0.525,0.0,0.024,0.112,0.036,0.023
kin_test_track_a_00395,ibaze ukuntu mukanya kashize igihe narinsinziriye narindi muriyinzu nakanguka nkasanga ndi muri ghetto numuriro wabuze 😂 ##url##,sadness+surprise,none,0.605,0.0,0.007,0.025,0.382,0.212
kin_test_track_a_00396,"uyu muhanzi wagiye atamaze ipfa abari bamutegereje yakurikiwe n’abantu batandukanye biganjemo inkumi, bari banze ko agenda atabaramukije.",none,sadness,0.02,0.0,0.003,0.104,0.776,0.328
kin_test_track_a_00397,turi @<username> uwagenze na volcano yifuza guhora agenda nayo service nziza barayoboye mumajyepfo ntimwatanzwe rusizi ntimwatanzwe n'ahandi henshi ##url##,joy,anger,0.882,0.0,0.014,0.111,0.113,0.022
kin_test_track_a_00398,kwakundi ujya kumurongo kuri bus wamara gutappinga siyo washakaga😭😭😭😭you have to wait another 10hrs,sadness,none,0.626,0.001,0.006,0.049,0.39,0.36
kin_test_track_a_00401,ugasanga umu mama muturanye afite uruhungu rubi ariko yakubona ukumva aravuze ngo bite umukazana😏,none,surprise,0.322,0.002,0.012,0.004,0.393,0.893
kin_test_track_a_00403,"nyuma y’igihe arwaye kanseri, yaje kuyikira nta muntu umubaze, ahita akomerezaho urugendo rwe rwo gushima imana, atangira gukora ivugabutumwa.",joy+surprise,sadness,0.012,0.0,0.001,0.291,0.935,0.07
kin_test_track_a_00404,@<username> @<username> she diserve it really. igihe gito namubonye nabonye ari umubyeyi. isabukuru nziza @<username>,joy,none,0.084,0.0,0.0,0.542,0.091,0.02
kin_test_track_a_00408,yongeyeho ko ikibazo cya mwishywa we wagurishije isambu cyagejejwe mu nkiko.,none,sadness,0.041,0.0,0.047,0.032,0.895,0.005
kin_test_track_a_00410,"ukraine yanze kwerura niba iri inyuma y’ibyo bitero, ariko ivuga ko yishimira kubona biba, ndetse ko mu gihe kiri imbere bishobora kwiyongera.",fear,fear+sadness,0.067,0.0,0.899,0.034,0.855,0.005
kin_test_track_a_00412,ntabwo bizwi niba ibi biganiro bigikomeje.,none,fear,0.048,0.001,0.609,0.027,0.203,0.427
kin_test_track_a_00413,ni yo mpamvu kadima n’itsinda rye banze ubugenzuzi bw’itsinda ryigenga batinya ko amakosa yabo ashyirwa ku karubanda.”,fear,none,0.297,0.0,0.054,0.067,0.506,0.136
kin_test_track_a_00416,@<username> ukuntu abantu hanze aha batabyumva nicyo giteye inkeke😭😭😌 baba bijujuta !!,fear,anger+sadness,0.876,0.0,0.199,0.003,0.648,0.031
kin_test_track_a_00417,"ati “mbere wasangaga umuntu yoroye inkoko noneho amagi ziteye akayagurisha, wajya kureba ugasanga umwana we na we ari mu bafite imirire mibi n’igwingira.",sadness,sadness+surprise,0.077,0.002,0.014,0.04,0.852,0.722
kin_test_track_a_00418,ati “ni uko twari tumaze kubona ko hari ikibazo cy’abantu bari kweza ibijumba bikabapfana ubusa.,sadness,fear+sadness,0.043,0.0,0.454,0.019,0.869,0.032
kin_test_track_a_00420,maconco yigometse kuri mwezi.,none,disgust,0.103,0.934,0.004,0.044,0.18,0.123
kin_test_track_a_00424,ugasanga umutipe ariyemera ngo arya ibyana🛌...kdi atarigera abona umwobo w ifuku😂😂😂😂😂😂,anger+surprise,surprise,0.49,0.017,0.004,0.005,0.113,0.895
kin_test_track_a_00425,ati “ntabwo umuntu akwiye kwirukanka umureba ngo ubyihorere.,anger,none,0.753,0.0,0.183,0.017,0.179,0.024
kin_test_track_a_00428,"umunyamategeko juan smuts yatangaje ko kongera guta muri yombi kayishema, byatunguye we n’umuryango w’uwo yunganira.",surprise,none,0.073,0.0,0.006,0.488,0.44,0.058
kin_test_track_a_00429,ntimuzigere mureka abandi bantu ngo babagenere abo mukwiriye kuba bo.”,anger,none,0.621,0.001,0.199,0.078,0.435,0.12
kin_test_track_a_00431,mbonye iriya station ya police yi remera nibuka le 1 jan tujyayo gutanga ikirego ko batwibye 😩 kwibwa kuri ny😭😭😭,sadness,none,0.591,0.0,0.009,0.006,0.495,0.513
kin_test_track_a_00433,@<username> umva njye mbona kdi hafi gupfa peee,sadness,none,0.682,0.01,0.025,0.015,0.432,0.026
kin_test_track_a_00434,umuntu nkawe uri kugenda urebera amashusho y'urukozasoni mu modoka?,disgust,surprise,0.402,0.244,0.288,0.011,0.258,0.903
kin_test_track_a_00437,ntabwo twari tubimenyereye ariko twabonye twarakinnye neza.,joy,none,0.019,0.001,0.012,0.46,0.107,0.267
kin_test_track_a_00438,"umwuka ukomeje kuba mubi hagati ya niger n’ibihugu by’amahanga by’umwihariko ibigize cedeao, umuryango wa afurika yunze ubumwe, u burayi na leta zunze ubumwe za amerika.",fear+sadness,sadness,0.073,0.003,0.22,0.018,0.746,0.028
kin_test_track_a_00440,"ku rundi ruhande ngo mu basoje amasomo kuva mu 1980 kugeza mu 2016, abo bamaze kumenyera imyirondoro bashobora gukoresha uburyo bw’ikoranabuhanga bakamenya aho bari, bagera ku bihumbi 41.",joy,none,0.053,0.0,0.087,0.2,0.1,0.434
kin_test_track_a_00441,atanga urugero ku babyeyi batuma abana bishyira ku gitutu bijyanye n’amasomo baba babahaye y’ibijyanye no gushimisha abazaba abagabo babo binyuze mu guca imyeyo nyamara uwo mubyeyi atazi niba uwo mwana we azanashaka.,sadness,none,0.076,0.007,0.047,0.318,0.239,0.151
kin_test_track_a_00444,"rurenge ni we wagiriye inama murumuna we wamugwaga mu ntege yo kujya gukaba ubutaka bwo mu majyepfo y’igihugu cye, kuko yabonaga azagurira ubutaka bwe mu burengerazuba no hagati, akanga ko hazagira undi uva mu mahanga ya kure, akabatangatanga akabata hagati.",none,sadness,0.398,0.001,0.235,0.016,0.728,0.315
kin_test_track_a_00445,mu 2011 urukiko rushinzwe kurengera uburenganzira bwa muntu mu burayi rwanzuye ko abakekwaho ibyaha bya jenoside bari muri suède boherezwa mu rwanda kandi byarakozwe.,joy,sadness,0.143,0.0,0.007,0.042,0.77,0.074
kin_test_track_a_00446,@<username> habaho no kwirengagiza mwana kugira ngo batakuniga ndaqa😂😂😂😂,none,anger,0.932,0.0,0.026,0.003,0.193,0.007
kin_test_track_a_00452,"gitembagara yagize ati “usanga umuforomo ahembwa ibihumbi 197 by’amafaranga y’u rwanda, iyo uyagereranyije n’ishoramari yakoze yiga, ubona kugira ngo azagaruze byatwara imyaka hagati y’irindwi n’umunani.”",sadness,none,0.205,0.0,0.007,0.095,0.54,0.531
kin_test_track_a_00455,"uyu mugore avuga ko nta bwinyagamburiro aba-taliban babaha, yari afite inzozi zo kuzaba umunyamategeko ariko zayoyotse ubwo abakobwa n’abagore babuzwaga kwiga.",sadness,none,0.068,0.0,0.008,0.099,0.308,0.628
kin_test_track_a_00456,"sha sinkubeshye nsigaye ngukemanga.""",fear,none,0.585,0.025,0.071,0.106,0.455,0.095
kin_test_track_a_00457,"ese umuntu agusabye, ukamuha mukanya ukamubona ari kunywa biere wabifata ute???",none,surprise,0.601,0.232,0.057,0.015,0.193,0.775
kin_test_track_a_00459,@<username> @<username> @<username> ibyo ni byiza cyane. ahubwo gusaba atm card ko bitinda cyane? bampaye 2 months,none,joy,0.296,0.0,0.011,0.58,0.029,0.015
kin_test_track_a_00460,arko imbeba ko bazigeragerezaho inkingo mukaba mukomeje kuzica nizishira bizagenda bite,anger,none,0.551,0.152,0.156,0.018,0.221,0.112
kin_test_track_a_00463,atanga urugero kuri nhica do rovuma yagize ati “ingabo ziyobowe na gen nkubito umwanzi zarahamuvanye.,none,sadness,0.141,0.0,0.041,0.1,0.801,0.125
kin_test_track_a_00464,ibyo byatumye hashyirwaho ihuriro ry’amashyaka ngo aganire ku bibazo binini bireba igihugu n’abaminisitiri babagezeho ibigiye gukorwa n’ingamba igihugu gifite.,fear,none,0.08,0.001,0.044,0.115,0.324,0.15
kin_test_track_a_00465,@<username> @<username> “ibitagira abakuru birumba ari indaru (indaro)” ariko kandi igihugu kiramutse kidafite abato bacyo cyakwizera kurimbuka vuba bidashidikanywaho.,none,anger,0.953,0.0,0.057,0.006,0.393,0.014
kin_test_track_a_00467,@<username> ndumva nkugiriye imbabazi gake twese ngo ntituresha pa sorry 😭😭😭,sadness,none,0.47,0.0,0.019,0.129,0.572,0.004
kin_test_track_a_00468,abanyamakuru bige gukoresha amarenga (geste) ntiyabumvise neza 🤣🤣 akumiro ni ivunja 🥳🥳 ##url##,surprise,anger,0.901,0.0,0.005,0.006,0.173,0.056
kin_test_track_a_00472,"@<username> 😂😂🤣🤣🤣🤣🤣🤣 kwifata biranze ndaseka, nanjye nidubura nzareba ko udafute inzāra nk'izinka!🇻🇺",joy,anger,0.875,0.0,0.007,0.008,0.119,0.009
kin_test_track_a_00474,"ni amakuru yakomeje no mu gitondo cyo kuri uyu wa kabiri, biba ikiganiro ku mbuga nkoranyambaga hirya no hino.",none,fear+surprise,0.091,0.0,0.35,0.032,0.317,0.82
kin_test_track_a_00476,"😂 nari nicaye ahantu numva umwana abajije nyina ngo mbese kunyara bisobanuye ik …,kugeza nanubu ntabwo aramusubiza ndakomeza mbahe amakuru 😂🤌",none,surprise,0.413,0.0,0.043,0.002,0.467,0.679
kin_test_track_a_00477,"ibi biri mu bituma agababo n’abasore benshi bahitamo kutagaragaza intege nke zabo cyangwa ngo basabe ubufasha igihe biri ngombwa, bagahitamo guceceka no kujya kure y’abandi kugira ngo batabacira urubanza bakurikije ibihe bigoye bari kunyuramo.",none,sadness,0.034,0.001,0.25,0.013,0.788,0.178
kin_test_track_a_00478,daliso yavuze ko nyuma yo kugera mu rwanda yasanze ibyo uwo munyamasengesho yavugaga cyari ikirundi.,none,joy,0.102,0.0,0.004,0.565,0.16,0.309
kin_test_track_a_00480,umunsi umwe nibwo umujyanama wabo yabwiye schwarzenegger ko umugore we akeneye kumenye ukuri kose kuko yari amaze igihe amukeka amababa harimo no kubyarana n’undi mugore.,fear,sadness+surprise,0.082,0.0,0.076,0.017,0.79,0.732
kin_test_track_a_00481,@<username> @<username> @<username> @<username> @<username> @<username> @<username> @<username> @<username> @<username> @<username> @<username> nyihanganira man tubifate ko ari 1/1 twiyunge ntacyo dupfa mn,sadness,anger,0.938,0.0,0.018,0.007,0.221,0.003
kin_test_track_a_00482,polisi kandi yabwiye voa ko umubare w’abapfuye ushobora kwiyongera kuko abagenzacyaha ndetse n’itsinda rikora ubutabazi bakomeje gushakisha ababuze.,sadness,fear+sadness,0.02,0.0,0.915,0.041,0.873,0.004
kin_test_track_a_00483,"abatangabuhamya babwiye igihe ko uwo musore yari arimo gusangira inzoga na bagenzi be b’abahungu, aza kunyuzamo atangira gukorakora umwe muri bo amubwira ko yamukunze, undi ahita amukubita umugeri agwa hasi.",sadness,sadness+surprise,0.079,0.0,0.021,0.01,0.854,0.814
kin_test_track_a_00486,ariko ubundi umuh'akazi ninde? mashami nubwo wamuha ikipe yo mucyiciro cya 2 ntakipe yatsinda 🙅🙅🙅🙅,anger,none,0.803,0.0,0.026,0.004,0.239,0.433
kin_test_track_a_00487,@<username> amahirwe menshi nuko yaba ari @<username> kuko ejo yarengeraga ndimbati nk'ufite uburambe mugutera inda 🏃🏃😂😂,anger,none,0.363,0.001,0.008,0.105,0.07,0.152
kin_test_track_a_00489,komera imana data amashyi umushimire ko uri i kigali ##url##,joy,none,0.08,0.0,0.006,0.527,0.246,0.003
kin_test_track_a_00490,yongeyeho ko inzu yose igaragaye mu kajagari muri nyamirambo ikurwaho naho iby’abashinjwa kurya ruswa bikaba ari ubuzima bwabo ku giti cyabo.,anger,sadness,0.135,0.0,0.154,0.109,0.945,0.001
kin_test_track_a_00491,"mu ijoro ryo ku itariki ya 25 nzeri 2015 , umunsi umukinnyi wa filime saphine kirenga yizihizagaho isabukuru y’amavuko, mu buryo butunguranye umusore bakundanaga yazanye impeta y’urukundo [fiançailles] ayambika uyu mukobwa inshuti n’abavandimwe bose babireba.",joy+surprise,none,0.022,0.0,0.0,0.36,0.189,0.23
kin_test_track_a_00494,"ati “twumvaga ko hari abanyarwanda ntabwo twari tuzi inyenzi, urugamba rutangiye batangiye kutubwira ko ari abantu bafite amatwi atendera twari dufite amatsiko yo kumenya uko bateye.",none,sadness,0.511,0.0,0.055,0.009,0.633,0.502
kin_test_track_a_00495,"yavuze ko amahoro yaba ahari cyangwa se adahari, abantu badakwiriye gutakaza icyizere, kuko hari abantu bo gushyira ibintu mu buryo, ibitarakozwe ejo bigakorwa neza uyu munsi.",none,fear,0.243,0.0,0.606,0.097,0.2,0.016
kin_test_track_a_00496,yavuze ko yari afite n’izindi ngabo zari mu majyaruguru y’igihugu aho ibyihebe n’inyeshyamba byari biherereye.,none,sadness,0.096,0.0,0.098,0.122,0.701,0.027
kin_test_track_a_00497,@<username> mwaramutse! internet yanze rwose mudufashe mukemure ikibazo gihari iri kutwicira akazi murako,anger+sadness,none,0.675,0.0,0.256,0.034,0.2,0.006
kin_test_track_a_00500,bamushinjaga ivangura no guheza bamwe mu baturage ba thailand.,none,sadness,0.233,0.001,0.03,0.018,0.905,0.111
kin_test_track_a_00501,"ati “ barwanye umugabo aniga umugore we ku bw’amahirwe aza kumucika ariruka ajya guhuruza abaturanyi n’ubuyobozi bw’inzego z’ibanze, abaturanyi baje bashakisha umugabo mu rugo baramubura, naho undi yabonye umugore agiye agira umujinya afata umwana wabo w’amezi arindwi wari uryamye ahita yiruka baramubura, bakomeje gushakisha ahantu hose barababura biba ngombwa ko baryama bakagira ngo wenda yabihishe ari buboneke mugitondo.”",sadness,sadness+surprise,0.162,0.0,0.015,0.012,0.877,0.722
kin_test_track_a_00505,"@<username> @<username> arazizi cyane, nakurangire rwose njya mbona ari umuseeenzi wa cyane",anger,none,0.818,0.001,0.004,0.01,0.088,0.028
kin_test_track_a_00506,"ubushakashatsi bukomeza buti “mu murwa mukuru [kigali], ingo zisaga 61% z’abantu ku giti cyabo zibamo abantu bakodesha.”",none,fear,0.039,0.0,0.715,0.027,0.567,0.096
kin_test_track_a_00508,"amakipe apr fc yahoze itsinda muri afurika yamaze kuyisiga, murasezeranya abakunzi bayo ko kuri iyi nshuro muje guhangana ku ruhando mpuzamahanga?",none,joy,0.074,0.0,0.007,0.726,0.028,0.037
kin_test_track_a_00514,ati “ni igihugu tubanye igihe kirekire cyane kuva cyafungura ambasade yacyo mu rwanda.,joy,sadness,0.134,0.0,0.003,0.192,0.801,0.075
kin_test_track_a_00515,"“umugore yatubwiye ko bageze mu rugo bakoze imibonano mpuzabitsina barangije bararyama, mu gitondo umugore yarabyutse amusiga mu buriri ajya gushaka icyo barya agarutse arebye asanga undi yapfuye ahita atangira gutabaza.”",sadness+surprise,sadness,0.082,0.0,0.025,0.017,0.958,0.194
kin_test_track_a_00516,"habagusenga yavuze ko yasabye imbabazi umugore we batangira gushyira hamwe amafaranga yanyweraga n’ayo yajyanaga mu ndaya, ngo yahise atangira kuyabika yiguriramo igare, atangira kwahirira inka yabo kugeza ubu ngo imaze kugera kuri litiro icumi mu gihe mbere yabonaga litiro eshanu.",joy,sadness,0.146,0.0,0.009,0.119,0.967,0.014
kin_test_track_a_00518,"ati “nyuma yo guhabwa amakuru yizewe n’abaturage baturiye umupaka, ko hari magendu y’imyenda ya caguwa yinjijwe mu gihugu ivanywe mu bihugu by’abaturanyi, polisi yateguye ibikorwa byo kubafata, mu murenge wa kigarama wo mu karere ka kirehe, ku isaha ya saa kumi n’ebyiri za mu gitondo hafatirwa abantu batanu bari batwaye ku magare amabalo atanu.”",none,sadness,0.058,0.0,0.16,0.077,0.858,0.02
kin_test_track_a_00519,"ati “ndashaka nihere ubutumwa inshuti yanjye jean fidèle, ndashaka nkubwire ko bitamvuye mu mutwe igihe wishimaga ibyishimo byanjye.",anger,none,0.272,0.0,0.008,0.163,0.285,0.065
kin_test_track_a_00521,"hashize iminsi ikibazo cy’iyi ndwara gikurikiranwa cyane haba ku nzego z’ubuyobozi n’abahinzi ubwabo muri rusange, ariko ngo biranga bikaba iby’ubusa, uburwayi bugakomeza kwibasira umusaruro w’abahinzi.",sadness,fear+sadness,0.014,0.001,0.397,0.037,0.776,0.009
kin_test_track_a_00522,@<username> ubwo se si nko kuvugira #ishapure na rozari mu musigiti ku munsi w'iteraniro ra🙄🙄,none,anger,0.866,0.002,0.004,0.008,0.043,0.063
kin_test_track_a_00524,@<username> rayon imyenda tadusaziyeho peee!! uziko ku mupira wa mico izina rayon ryasibye!!! shameful for @<username>,anger+sadness,anger,0.939,0.0,0.032,0.039,0.572,0.041
kin_test_track_a_00527,hari abantu baba banezezwa no gufasha abayobozi ntacyo bibatwaye.,none,sadness,0.29,0.001,0.015,0.024,0.791,0.075
kin_test_track_a_00532,agahinda ka mbere nugufana arsenal uri umukene rwose,anger+sadness,none,0.166,0.015,0.001,0.402,0.226,0.007
kin_test_track_a_00533,"umva sister menya amazina ya boyfriend🙎‍♂️🙎‍♂️ wae ya nyayo ntagutera inda ntabwo tuzagufasha gushaka """" mane dreezy"""" 😂🤣🤣🤣🤣🤣🤣",none,anger,0.837,0.0,0.036,0.002,0.217,0.079
kin_test_track_a_00535,"imig 20:4 nzarimirana w'umunyabute ntiyihingira atinya imbeho, ni cyo gituma mu isarura azasabiriza kandi ntagire icyo abona.",anger,none,0.527,0.006,0.007,0.006,0.229,0.007
kin_test_track_a_00537,"yaramututse ngo ni imbwa, ngo na mama wawe ni imbwa.",sadness,none,0.052,0.026,0.001,0.039,0.32,0.01
kin_test_track_a_00538,"@<username> @<username> namba no kukuruma bwageze mu kanwa watangiye kumva ubunyunyusi bwabwo,uzi kukuruma umunwa ugiye gutamira,umunwa ugahita ubyimba!🤣🤣🤣",sadness,anger,0.852,0.0,0.013,0.003,0.189,0.17
kin_test_track_a_00541,"@<username> babyeyi amazi turayakumbuye, mukore geste wenda tubone ayo kunywa ibicurane bigiye kutwica",sadness,none,0.747,0.001,0.072,0.049,0.381,0.003
kin_test_track_a_00542,"umuyobozi mukuru wa irembo, israel bimpe, yagaragaje ko hakenewe kubaka ibikorwaremezo bikomeye kugira ngo abaturarwanda babone internet nziza kandi yizewe.",none,joy,0.019,0.0,0.056,0.846,0.043,0.007
kin_test_track_a_00544,@<username> @<username> uyu mwana aba rayon tumugurire umwenda wa equipe! uburayon buravukanwaaa!!,joy,none,0.538,0.001,0.002,0.363,0.144,0.003
kin_test_track_a_00545,urongoye umugore mwiza aganya ibyago nuteye igiti cyamapera mukigo cyamashuli ya primary😂❤️,sadness,joy,0.032,0.001,0.001,0.893,0.109,0.035
kin_test_track_a_00547,ubu se #apostlepaulgitwaza nk'uvuga rikijyana yaba yarabigenzuye neza ku buryo yabyigisha imbaga atya? birambabaje njyewe! @<username> @<username> @<username> @<username> @<username> @<username> ##url##,anger+sadness,anger,0.842,0.0,0.039,0.004,0.183,0.391
kin_test_track_a_00550,"ati “ikibazo cyarakemuwe, turabona intambwe igenda iterwa mu bijyanye n’umubare munini w’abantu bari baravanywe mu byabo bari kubasha gusubira mu byabo kandi bagatangira ibikorwa nk’uko bikwiye.""",joy,fear,0.124,0.0,0.363,0.084,0.382,0.02
kin_test_track_a_00551,ai nyamara uba utubwiye nabi aba papa twirira udusendababoyi😅 ushatse wakwihana @<username> 🤣🤷🏾‍♂️ ##url##,sadness,anger,0.957,0.0,0.02,0.004,0.102,0.059
kin_test_track_a_00552,minecofin yo yagaragaje ko hari ibikorwa n’imishinga yarangiye ndetse amafaranga akaba ahari ariko abakoze ibyo bikorwa bakaba baratinze kwishyuza.,none,sadness,0.064,0.0,0.063,0.25,0.783,0.003
kin_test_track_a_00553,"🙃mani girl arambwiye ngo iyambarire byanze …, ndacyamusaba another round ndakomeza mbahe ikuru 😭😭😭",none,sadness,0.385,0.002,0.076,0.017,0.634,0.34
kin_test_track_a_00555,@<username> bibaho cyane ariko ni wa muco wa debate tutagira. umuntu azana ibintu agashyira aho agashaka ko ubyemera kandi bitumvikana🤣,anger,none,0.797,0.0,0.018,0.006,0.23,0.022
kin_test_track_a_00557,@<username> @<username> @<username> ni agahomamunwa c? cg njye mbaza ibindeba?🤦🤸,none,anger,0.946,0.001,0.028,0.001,0.05,0.048
kin_test_track_a_00559,ubu buryo kandi bugabanya ibibazo bishobora kuvuka mu guhanahana amafaranga hagati y’abantu.,joy,none,0.023,0.003,0.276,0.537,0.065,0.115
kin_test_track_a_00560,"ubaye urumukobwa, ufite million 7 munzu, umujura akinjira, akagusaba ko mwakora sex, cg gutwara ayo amafaranga wahitamo iki?",sadness+surprise,surprise,0.508,0.016,0.024,0.023,0.324,0.871
kin_test_track_a_00561,"yagize ati ""mu bibazo bikibangamiye igihugu harimo igwingira kuko ubushakashatsi bwerekanye ko mu bafite imyaka itanu nibura umwe muri batatu aba agwingiye.”",sadness,fear+sadness,0.195,0.0,0.533,0.021,0.758,0.009
kin_test_track_a_00563,@<username> @<username> hari umukobwa wambwiye ngo iyo umunsi wije atabonye umugabo umureba ngo amukurikize ijisho amenya ko uwo munsi yambaye nabi.,surprise,none,0.573,0.0,0.007,0.006,0.376,0.166
kin_test_track_a_00565,byazanye amara ahubwo niyompamvu bivuga nk’ibijunditse umwanda,anger+disgust,none,0.69,0.181,0.005,0.003,0.318,0.09
kin_test_track_a_00566,@<username> ndabibona wakoreye imbere mzee . umwana ni uwijanja ##url##,none,joy,0.04,0.001,0.001,0.859,0.037,0.005
kin_test_track_a_00567,sinzi impamvu iyo maze kurya mubaturanyi mpita numva nakwitahira 😊😊,surprise,sadness,0.575,0.0,0.031,0.024,0.616,0.185
kin_test_track_a_00568,nyirashema yahakanye ibyo umusore we amushinja avuga ko yabivuze kuko ashaka kumutwara inzu.,anger,sadness,0.247,0.003,0.027,0.013,0.801,0.343
kin_test_track_a_00570,"manirarora vincent, wacikirije amashuri, ubu akora akazi ko gutwara abagenzi kuri moto mu karere ka karongi, avuga ko mu bituma urubyiruko rwangije amashuri rutabona akazi harimo no gusuzugura imirimo imwe n’imwe.",none,joy,0.007,0.0,0.008,0.836,0.177,0.005
kin_test_track_a_00571,kwinjira muri iki gitaramo bisaba kwishyura ibihumbi 10frw ubundi ukayanywera wumva icyanga cya amstel.,joy,none,0.117,0.031,0.009,0.276,0.06,0.488
kin_test_track_a_00572,"inyubako y'umurenge wa @<username> yatwaye amafaranga y'u rwanda miliyoni 900 gusa, nyamara ni imwe mu nyubako zigezweho dufite. @<username> 👏🏾👏🏾👏🏾 @<username> @<username>",none,joy,0.041,0.0,0.001,0.862,0.095,0.016
kin_test_track_a_00576,"yageze aho ahindura ishyamba rya shakahola mu burasirazuba bwa kenya nk’ahantu hadasanzwe, abakirisitu bajyaga guhurira bakahamara iminsi basenga.",surprise,sadness,0.082,0.0,0.006,0.071,0.838,0.068
kin_test_track_a_00578,@<username> ibyo yakoze nibyo bikwiriye. nta gitangaza yewe nta n'inkuru irimo. imana iri hejuru cyane y'ibyubahoro byacu kuko minayo ibitugabira.,none,anger,0.889,0.0,0.02,0.054,0.221,0.002
kin_test_track_a_00579,ati mwana wanjye humura aho batari nzahababera.,joy+sadness,none,0.305,0.59,0.158,0.034,0.178,0.03
kin_test_track_a_00583,"iyi komisiyo yagaragaje ko isesengura ryayo ryagaragaje ko umusaruro w’ubuhinzi n’ubworozi utaragera ku rugero rwifuzwa kubera imbogamizi ziterwa n’imihindagurikire y’ikirere, ubwishingizi bw’ibihingwa bukiri hasi, igiciro cy’ifumbire mvaruganda cyiyongereye bigatuma ikoreshwa ryayo rigabanuka n’inguzanyo zo mu rwego rw’ubuhinzi zikiri hasi.",sadness,fear+sadness,0.015,0.001,0.353,0.066,0.718,0.006
kin_test_track_a_00588,"undi yagize ati “namenye ko umwami yagiraga inzu zigera kuri 16 zikorerwamo ibintu bitandukanye zirimo inzu y’inzoga n’inzu y’amata, inzu y’abana n’inzu ye bwite n’ibindi bitandukanye.",none,joy,0.024,0.0,0.002,0.706,0.321,0.062
kin_test_track_a_00590,noneho ikibabaje n’ukuntu azinduka n’imituna ishoka ku maso nkaho aba mu ishamba.,disgust,sadness+surprise,0.017,0.042,0.086,0.026,0.927,0.773
kin_test_track_a_00596,"bajya gutabaza animatrice, ngo ni uko umuhire yari amaze kwitura hasi.",sadness,none,0.12,0.095,0.015,0.105,0.313,0.531
kin_test_track_a_00597,mwana wa mama waje tukajya twivugira story zubusambanyi ko ntawe uzatwinjijirira ##url##,none,anger,0.915,0.004,0.049,0.017,0.279,0.129
kin_test_track_a_00606,umvugiye ibintu rwose kandi neza! inabi ku isi imaze iki? kubiba amahoro bigoyeho iki? duharanire ku #baimfura 🙏🏾 ##url##,anger,none,0.576,0.0,0.011,0.145,0.119,0.018
kin_test_track_a_00607,@<username> ikindi knd tugomb kwibukirany nuko isutiye ikunaniye kuyifungur uyinyuz hejuru nkama lunettes 👓 murakoze murakarama,none,anger,0.839,0.0,0.009,0.069,0.096,0.004
kin_test_track_a_00609,"mu matariki 10 uku kwezi, ibitangazamakuru bitandukanye ku isi byatangiye kunuganuga ko rihanna, yaba yarabyaye ariko bifatwa nk’ibihuha kuko benshi ntibavugaga igitsina yibarutse cyangwa se amazina y’umwana cyangwa se ibindi byagaragaza ko koko haba hari abafite amakuru y’impamo.",none,surprise,0.129,0.0,0.165,0.008,0.544,0.808
kin_test_track_a_00610,yapfuye atabaye umwami.,sadness,none,0.039,0.158,0.003,0.03,0.406,0.01
kin_test_track_a_00612,yakomeje avuga ko uyu muryango bawohereje kuri rib ya kimisagara kugira ngo utazicana anashimangira ko uwo mugore wakabiri nawe yamaze kuva muri urwo rugo.,fear+sadness,sadness,0.12,0.0,0.022,0.132,0.923,0.012
kin_test_track_a_00614,"muri rusange ibintu biba ari byiza.""",joy,none,0.116,0.0,0.109,0.503,0.402,0.133
kin_test_track_a_00617,@<username> ntago ubeshye rwose ni indamutsa @<username> arakaguhama wamfura we,joy,anger,0.912,0.002,0.005,0.02,0.159,0.02
kin_test_track_a_00619,twatunguwe no gusanga imitungo yose yarayiyanditseho tutabizi nk’abanyamuryango ba koperative.,surprise,sadness,0.075,0.002,0.025,0.016,0.927,0.247
kin_test_track_a_00620,"yakomeje abwira uyu muntu ko yizera ko nyuma y’ibi ameze neza kandi amusezeranya ko uwamwibasiye agiye kumukumira akanamukomanyiriza kuri instagram, kuko atakwihanganira imyitwarire nk’iyo yagaragaje.",anger,sadness,0.141,0.0,0.022,0.162,0.827,0.055
kin_test_track_a_00623,sano ati “tumaze imyaka myinshi tuvuga ngo impanuka zigabanuke ariko birashoboka.”,none,fear,0.497,0.0,0.775,0.016,0.345,0.019
kin_test_track_a_00624,"kugeza ubu ibinyabiziga n’abantu baca mu mazi, bikaba ingorane mu gihe cy’imvura kuko hari n’abo bisaba kurara hakurya iyo basanze umugezi wuzuye.",sadness,fear+sadness,0.016,0.005,0.731,0.061,0.839,0.004
kin_test_track_a_00627,emeran na we yamusubije yifashishije akamenyetso k’igipfunsi wasobanura nko gushyigikira ibyo avuze.,none,surprise,0.465,0.015,0.019,0.098,0.234,0.763
kin_test_track_a_00628,icyo mwapfuye nyine nuko nawe washakaga kuba umu oligarchs akabyanga yabonye inda nini yanyu mbere ##url##,anger,sadness,0.601,0.001,0.008,0.021,0.653,0.309
kin_test_track_a_00629,"“ikindi cyabayeho ni ibibazo bya ‘company’ mu gusoza igice cya mbere cya shampiyona, kubera kutabyumva hazamo intege nkeya mu buyobozi.”",sadness,fear+sadness,0.032,0.0,0.35,0.039,0.861,0.025
kin_test_track_a_00630,nizere ko babantu bafashaga mama kumfata agiye kunkubita ubu bakora muri cia na fbi😭😭 ibigome gusa😩,anger,sadness,0.47,0.0,0.013,0.005,0.764,0.453
kin_test_track_a_00631,yasabye abaturage cyangwa abagana ahatangirwa serivisi muri rusange kujya batanga amakuru mu gihe hari aho batakiriwe neza.,none,fear,0.214,0.0,0.588,0.165,0.227,0.001
kin_test_track_a_00632,"ibibazo mu gutwara abantu mu mujyi wa kigali bikunze kugarukwaho kenshi mu bitangazamakuru, aho abagenzi bagaragaza ko bamara umwanya munini bategereje imodoka bikabagiraho ingaruka zitandukanye.",sadness,fear+sadness,0.015,0.001,0.49,0.047,0.898,0.005
kin_test_track_a_00634,ya allah shyira baraka mubyo uy'umwana akora🤲🤲🤲🤲,none,joy,0.045,0.0,0.001,0.636,0.082,0.003
kin_test_track_a_00635,cyakoza harinabantu badakunda bagenzi bababo reba ukuntu uyumushinwa akubita umunyarwanda mugenziwe areba rukara yari intwari peee ##url##,anger+sadness,anger,0.949,0.0,0.005,0.005,0.471,0.595
kin_test_track_a_00636,"@<username> @<username> @<username> ntabwo ndubaka ariko ndumva imvune z’umubyeyi n’inshingano zo kurinda ubuzima bw’umwana, nkurikije ibyo uvuga @<username> .",sadness,none,0.197,0.0,0.002,0.465,0.045,0.005
kin_test_track_a_00637,sister umuhungu nakubwira ngo ukuremo inda uzayibyare umushyire umwana amwiyicire mu nda yawe si mwirimbi😔😔😒,anger,none,0.618,0.001,0.03,0.013,0.548,0.152
kin_test_track_a_00639,nibura abagabo bagera kuri 32 ngo bandikiye urwego rushinzwe abinjira n’abasohoka basaba ko pasiporo z’abana ziteshwa agaciro nyuma yo gusanga nta sano y’amaraso bafitanye nk’uko babitekerezaga.,none,sadness,0.157,0.0,0.087,0.075,0.619,0.088
kin_test_track_a_00645,"ati “twakoreye muri za laboratwari zacu ziri i kigali, i huye, i musanze n’ahandi.",none,joy,0.012,0.0,0.006,0.929,0.082,0.016
kin_test_track_a_00646,mu cyumweru cyabanjirije igishize ni bwo davis d yagaragaraye yambaye inkweto za big red boots zigezweho mu ruganda rw’imideli.,none,surprise,0.061,0.0,0.02,0.192,0.307,0.654
kin_test_track_a_00652,ark c musore ni gute uteka igikoma cyakubunnye cyamara gushya aho kugishyira muri teremusi ukakimena hasi koko🙄🙄🙄,anger+sadness,surprise,0.814,0.038,0.022,0.008,0.117,0.909
kin_test_track_a_00653,"umukuru w’igihugu yavuze ko nubwo bimeze bityo, usanga hakiri icyuho mu bijyanye n’ubutabera buhabwa abagore ndetse no kuba benshi bakiri mu mirimo itanditse cyangwa itinjiza amafaranga ugereranyije n’abagabo.",sadness,fear+sadness,0.035,0.0,0.718,0.019,0.753,0.025
kin_test_track_a_00657,icyo gihe umutwe w’umurangangoma w’ingoma ye wari ingabo zitwaga “abaganda”.,none,sadness,0.074,0.007,0.003,0.019,0.725,0.062
kin_test_track_a_00658,julienne uwacu wayoboraga @<username> iheruka guseswa yahawe umwanya muri minisiteri y’ubumwe bw’abanyarwanda n’inshingano mboneragihugu nk’umuyobozi nshingwabikorwa w’ishami rishinzwe ukwiyubaka kw’umuryango. #rwanda @<username> ##url##,none,joy,0.059,0.0,0.001,0.603,0.055,0.007
kin_test_track_a_00659,uyu munsi ninde wakubeshye nturabukwe? cyangwa umunsi wo kubeshya waribagiranye!,none,surprise,0.762,0.002,0.113,0.003,0.133,0.834
kin_test_track_a_00660,@<username> ni hahandi bavuga ko abapfa bazakomeza bagapfa😭😭😭,sadness,anger,0.836,0.0,0.035,0.019,0.514,0.002
kin_test_track_a_00661,"biden yavuze ko yanze ibyo perezida putin yasabaga mbere y’uko intambara itangira, by’uko ukraine itakwemererwa kwinjira muri nato, avuga ko uyu muryango ufunguye kuri buri wese.",anger,none,0.564,0.0,0.151,0.038,0.357,0.008
kin_test_track_a_00663,"@<username> unshotoye bikambabaza sinaviramo aho da,nagukoma 😂😎",anger,sadness,0.591,0.0,0.027,0.022,0.782,0.004
kin_test_track_a_00664,munyumvire abase biyemeje icyaha batakoze kandi banasjija banahamya abandi icyaha bataranabaho. ibi nabyo ni icyaha ubwabyo bakoze. ##url##,surprise,anger,0.93,0.0,0.037,0.008,0.255,0.004
kin_test_track_a_00665,@<username> bisanzwe bizwi nubundi ko ferwafa ikora nabi wagira ngoyo na reb biba biri kurushanwa,anger+sadness,anger,0.875,0.0,0.006,0.021,0.288,0.016
kin_test_track_a_00667,@<username> @<username> kowagira ngo urumuhungu cg ubavukamo urumwe🤔😂😂 nibyo iyo ukabije 3 iya gatatu niyo kugutabara imvura yaguye😂😂,none,anger,0.889,0.0,0.006,0.002,0.134,0.081
kin_test_track_a_00668,akarere ka @<username> umurenge #tumba akagari ka #gitwa umudugudu #berwa habaye kwangirika kw'itiyo y'amazi bityo amazi ari kumeneka ku buryo bukabije. @<username> @<username> #tabara ##url##,fear,sadness,0.136,0.001,0.194,0.087,0.76,0.001
kin_test_track_a_00673,youtubers rn: baguwe gitumo bari kunywa urumogi ba banyamakuru mukunda cyane ##url##,sadness,joy,0.185,0.001,0.001,0.749,0.044,0.004
kin_test_track_a_00674,harigihe wibwira ko uri gutwika nyamara uri gushiririza 💀,anger,none,0.566,0.023,0.017,0.009,0.312,0.621
kin_test_track_a_00676,"iyi minisiteri itangaza ko mu gihe icyorezo cya covid-19 cyagenza make, icyizere cyo kuramba kizongera kuzamuka.",none,fear,0.008,0.002,0.97,0.173,0.186,0.007
kin_test_track_a_00677,"birasa n’aho abaturage bo muri ibyo bihugu banyuze muri byinshi kubera u bufaransa, magingo aya bakaba bashaka kubwigobotora bubi na bwiza.",anger,sadness,0.187,0.004,0.046,0.018,0.609,0.493
kin_test_track_a_00678,"mu rwanda, urumogi rushyirwa mu cyiciro cy’ibiyobyabwenge bihambaye, aho umuntu wese uhamijwe n’urukiko gukora, guhinga, guhindura, gutunda, kubika, guha undi, cyangwa kurugurisha mu gihugu, ahanishwa igifungo cya burundu n’ihazabu y’amafaranga y’u rwanda arenze miliyoni 20 ariko atarenze miliyoni 30.",surprise,none,0.369,0.001,0.011,0.046,0.526,0.035
kin_test_track_a_00683,"@<username> banza wige kwandika wa kabwa we, mbere y'uko wadukira abo utabasha no gufungura udushumi tw'inkweto zabo.",anger,none,0.793,0.0,0.004,0.054,0.123,0.003
kin_test_track_a_00685,yavuze ko uretse ko kwangiza ibidukikije ari n’icyaha ngo ubikora aba atifuriza ineza abaturage kuko ngo aba ashaka ko imvura ibura burundu.,anger,sadness,0.64,0.0,0.194,0.035,0.758,0.002
kin_test_track_a_00687,"bitunguranye kuri ako gace yahasanze abandi bagabo batatu bose bategereza ko ubwo bwato buhaguruka, ariko ngo yari afite ubwoba ko abo bantu bashya bahuye bashoboraga kumwica cyangwa bakamusunika mu mazi.",fear,fear+sadness,0.015,0.002,0.817,0.024,0.788,0.029
kin_test_track_a_00688,birasa n’ibigamije guca intege abandi ngo bataza kuko hari igihano gikomeye kibategereje.,none,fear+sadness,0.325,0.0,0.501,0.01,0.837,0.04
kin_test_track_a_00690,"mu gihe yari ategereje kuririmba, uyu muhanzi w’umunya-nigeria yasohokeye ahantu hatandukanye muri kigali ari nabwo amashusho umukundwa yashyize hanze bari kumwe yafashwe.",none,joy,0.032,0.0,0.003,0.594,0.107,0.333
kin_test_track_a_00691,@<username> @<username> @<username> @<username> @<username> @<username> @<username> @<username> @<username> @<username> uyu mugore ni umugome bikabije. ni ishitani neza neza! @<username> rwose mudufashe uyu mugore ahanwe by’intangarugero!!,anger,joy,0.023,0.0,0.002,0.86,0.148,0.018
kin_test_track_a_00692,"@<username> @<username> @<username> @<username> @<username> @<username> @<username> @<username> @<username> @<username> @<username> , humura grand frere. turi kumwe. amahoro asagambe muri wowe no mu bawe. rwose humura.",none,joy,0.011,0.001,0.001,0.956,0.076,0.005
kin_test_track_a_00693,reba iyo photo? mu bigogwe ni hamwe mu hantu ha mbere haba amafoto meza muri iki gihugu ##url##,joy,none,0.445,0.001,0.066,0.068,0.084,0.43
kin_test_track_a_00694,ati “kenshi usanga imishinga idindira kubera ko inyigo zitaba zarakozwe ngo zirangire cyangwa umuntu udafite ubumenyi ari we wakoze ibarura no kugena ibiciro wagera aho ugiye kubaka ukibaza niba ibyanditswe mu mpapuro ari ibizakoreshwa aho bikakuyobera.,sadness,none,0.43,0.0,0.148,0.016,0.484,0.479
kin_test_track_a_00695,"ni ku nshuro ya mbere, ikipe y’igihugu ya leta zunze ubumwe za amerika isezererwa mu gikombe cy’isi itageze muri ½.",surprise,none,0.018,0.001,0.006,0.412,0.123,0.555
kin_test_track_a_00698,@<username> @<username> @<username> karumye? 😂😂😂😂 niyompamvu njye mukangurira kwibwirira ikimama cyibizi (amazi) byinshi mumubili cya @<username> 😂😂😂😂😂,sadness,none,0.782,0.0,0.018,0.002,0.158,0.245
kin_test_track_a_00699,"muri ayo majwi yabonywe bwa mbere na cnn, cbs na bbc, trump yumvikana asa nk’urambura izo nyandiko nka kumwe umuntu aba ari gusoma igitabo agahindura ipaji imwe ajya ku yindi, akagera aho avuga ati “izi zo zirimo amakuru y’ibanga akomeye.”",none,surprise,0.514,0.0,0.055,0.03,0.218,0.958
kin_test_track_a_00700,"madam wanjye bamwoherereje message ngo """"ya ngurube nigenda umbwire"""" kdi ntatungo tworoye😭😭😭 @<username> @<username> @<username> @<username>",sadness,anger+sadness,0.833,0.0,0.01,0.005,0.594,0.095
kin_test_track_a_00701,@<username> uyumugabo yanijajara byo reka hashye mazurebe ngo harashya byanyabyo noneho nurwanda maze rurahita rwisubiza ibyo rwaskwe,none,anger,0.963,0.001,0.041,0.006,0.169,0.019
kin_test_track_a_00703,turi kugana mu bihe by’umubano mubi hagati y’u bubiligi n’u rwanda tutazi neza igihe bizamara n’ubukana bizaba bifite ariko byashoboraga kwirindwa ukurikije amakuru ahari.,fear,fear+sadness,0.085,0.001,0.363,0.012,0.766,0.043
kin_test_track_a_00704,‘goodlife health & beauty pharmacy’ ni farumasi yiyemeje kwita ku byo buri munyarwanda wese akeneye bijyanye n’ubuzima n’imibereho myiza.,none,joy,0.022,0.0,0.012,0.885,0.022,0.008
kin_test_track_a_00707,"*murakaza neza mu materaniro adasanzwe y’uyu munsi uramenya imirimo16 y’akamere n’imbuto9 z’umwuka.* @<username> kicukiro, kigali, rwanda ##url##",none,joy,0.02,0.0,0.002,0.947,0.025,0.017
kin_test_track_a_00709,ariko ngo aho mwari muri babagaburiye ibyaboze,disgust,none,0.326,0.111,0.079,0.023,0.405,0.034
kin_test_track_a_00710,@<username> aka ka kane ushyizemo niko kabi urankomerekeje ubyumve. niwumva ufite ubumuntu unsabe imbabazi rwox,sadness,anger,0.892,0.0,0.018,0.015,0.432,0.003
kin_test_track_a_00713,"radio okapi yatangaje ko fayulu yasabye amahanga kumushyigikira, ntazigere yohereza indorerezi muri aya matora mu rwego rwo gushyigikira demokarasi n’uburenganzira bwa muntu.",anger,none,0.459,0.0,0.078,0.501,0.07,0.01
kin_test_track_a_00716,"uyu mukinnyi yavuze ko biramutse bibaye, byaba ari inzozi zibaye impamo.",none,sadness,0.018,0.0,0.02,0.057,0.97,0.137
kin_test_track_a_00717,gifite mukanwa hanuka nk‘imbwa yaboreye mu mazi.,anger+disgust,disgust,0.062,0.954,0.002,0.031,0.085,0.098
kin_test_track_a_00718,"mu kumenya ukuri kw’aya makuru, igihe yavuhanye n’umuyobozi ushinzwe ibijyanye n’ubutegetsi muri kaminuza y’u rwanda ishami rya nyarugenge, nkuranga jean pierre, avuga ko ibyo byumba byuzuye ndetse bitangira gukoreshwa muri uyu mwaka w’amashuri.",none,sadness,0.073,0.001,0.237,0.055,0.636,0.071
kin_test_track_a_00719,"nitutarangiza iyi nyubako mu mwaka, ni ikimwaro kuri twebwe.""",none,sadness,0.269,0.0,0.057,0.238,0.821,0.004
kin_test_track_a_00721,noneho shahu ukuntu bipfunira aho babonye?!,disgust,none,0.587,0.434,0.113,0.003,0.041,0.223
kin_test_track_a_00725,💐💐💐 mwakire izi ndabyo n'iyi ndirimbo n'ibyanyu. turababaye no kuvuga bamwe biragoye. gusa ikivi cyanyu tuzacyusa nicyo twabizeza. #kwibuka27 #genocideagainsttutsi #neveragain ##url##,sadness,joy,0.185,0.0,0.005,0.709,0.346,0.002
kin_test_track_a_00726,avuka mu bakobwa batanu.,none,sadness,0.02,0.004,0.003,0.02,0.911,0.062
kin_test_track_a_00732,hari abatawe muri yombi bari kubazwa barimo n’umugabo we kuko ni we muntu uzwi bari bafitanye amakimbirane.”,none,sadness,0.093,0.0,0.016,0.018,0.94,0.025
kin_test_track_a_00733,"guhera mu mpera z’icyumweru gishize, hari inyandiko yakwirakwijwe ku mbuga nkoranyambaga, bigaragara ko ari paji imwe yafotowe ikuwe muri raporo nini.",fear,fear+sadness+surprise,0.133,0.0,0.488,0.034,0.634,0.816
kin_test_track_a_00738,@<username> nukuri darla iyo utaywa inzoga ntabwo biba byabaye....,sadness,anger,0.901,0.0,0.01,0.007,0.171,0.003
kin_test_track_a_00739,reba aya macandwe wujuje aha,anger+disgust,disgust,0.201,0.997,0.008,0.013,0.062,0.04
kin_test_track_a_00742,@<username> ikibazo ni umuriro waho😂😂😂💀!,sadness,anger,0.868,0.0,0.017,0.004,0.114,0.01
kin_test_track_a_00745,muhazi united na yo yatangiye guhusha uburyo bukomeye ariko abakinnyi bayo bagera imbere y’izamu bagakina nabi amahirwe bakayatakaza.,sadness,none,0.112,0.0,0.003,0.34,0.35,0.265
kin_test_track_a_00747,"wowe wahoze uri urubavu rwanjye, none warusize rurangaye 🎶 ##url##",sadness,none,0.427,0.001,0.002,0.139,0.15,0.011
kin_test_track_a_00751,uyu mugore usanzwe akora mu kagari ka tetero mu murenge wa muhima amakuru avuga ko intandaro yo kugira ngo atere icyuma n’icupa mu mutwe uwo mugabo ari uko yasohotse mu nzu bari barimo yiruka kandi atamwishyuye amafaranga bari bumvikanye.,anger+sadness,sadness,0.081,0.001,0.129,0.041,0.85,0.261
kin_test_track_a_00752,"nyina yasaga nk’ufite ikimwaro, yateraga ubwoba uwageragezaga kujyana uwo mwana w’umuhungu ku bitaro.",none,fear+sadness,0.053,0.006,0.783,0.01,0.9,0.057
kin_test_track_a_00753,byabaye akarusho ku butegetsi bwa perezida tshisekedi.,none,sadness,0.171,0.0,0.02,0.022,0.841,0.247
kin_test_track_a_00755,"mu gihe kunyuza imipira hagati byasaga n’ibyanze ndetse ukabona ko shaiboub ali akina afasha ab’inyuma ye kurusha uko ajya imbere, impande za apr fc zanyuragaho ruboneka bosco, apam bemol na ba myugariro ishimwe christian na omborenga fitina, na zo zagowe no kugeza imipira kuri rutahizamu mbaoma.",none,sadness,0.077,0.0,0.003,0.076,0.832,0.544
kin_test_track_a_00757,@<username> humura. ibyiza biri imbere. kandi amahoro aganze kuri wowe.,none,joy,0.012,0.0,0.003,0.935,0.065,0.002
kin_test_track_a_00758,"iminsi ibiri nyuma yo kunganya na gorilla fc, ubuyobozi bwa rayon sports burangajwe imbere na uwayezu jean fidèle bwari bumaze kurangizanya n’abakinnyi kalisa rachid wakiniraga as kigali, nzinga héritier luvumbu wategewe indege yihuse imukura i kinshasa ndetse n’umurundi mvuyekure emmanuel wageze i kigali ku wa gatanu.",none,sadness,0.06,0.0,0.002,0.303,0.638,0.049
kin_test_track_a_00759,ni uburyo bwubakiwe kugenzura no gucunga umutekano w’ikinyabiziga ndetse n’ugitwaye aho ishobora kubona ko hashobora kuba impanuka maze igahita ifata feri byihuse kuburyo bishobora kuyirinda cyangwa bikagabanya ibyago byayo.,joy,fear+joy,0.015,0.001,0.534,0.668,0.042,0.258
kin_test_track_a_00763,"yagize ati “ubuyobozi bugomba gukora inshingano zabwo bugashaka amafaranga buhemba kuko ni uburenganzira bw’abakinnyi, ariko nawe agomba gukora akazi.”",anger,none,0.498,0.0,0.114,0.135,0.113,0.004
kin_test_track_a_00764,uretse mu ikinamico wari wabona ahandi hanu umukobwa yanze umusore wumukire agasanga uwumukene 😒😒,anger,surprise,0.316,0.003,0.018,0.005,0.433,0.962
kin_test_track_a_00765,@<username> nyihera follow back unansobanurire ubusobanuro bwa troll bukwapplyingaho naho kwishima byo ntabyo tuzashira agahinda nitugera kwa nyagasani umugani w'abacatholique ##url##,sadness,anger,0.969,0.0,0.132,0.003,0.119,0.005
kin_test_track_a_00768,ntibisanzwe! abagabo bafashwe n’irari bafatira ku ngufu abagore mu rusengero pasteri areba. nawe ushake amafoto😂😂😂 ##url##,sadness+surprise,none,0.658,0.0,0.02,0.006,0.4,0.356
kin_test_track_a_00772,iminsi ibaye itatu yikurikiranya u burusiya bwongeye kugaba ibitero bikomeye ku murwa mukuru wa ukraine kyiv no mu bice bitandukanye by’igihugu.,none,fear+sadness,0.08,0.0,0.714,0.027,0.753,0.039
kin_test_track_a_00774,@<username> nkunda ko yumva abacuye bugufi akumva ibitekerezo byabo mbese afite impano yiharuye,joy,none,0.178,0.003,0.005,0.559,0.076,0.041
kin_test_track_a_00776,@<username> biriya yakoze byo gukubita umwari kuriya kabone nubwo yaba yanyweye izingana gute akabura ubwishyu ni amahano,sadness,anger+sadness,0.846,0.0,0.002,0.007,0.67,0.018
kin_test_track_a_00777,@<username> @<username> @<username> mwakoze kandi mukomereze aho #tujyanemo,joy,none,0.398,0.003,0.04,0.202,0.095,0.004
kin_test_track_a_00778,muri #centreafrica ibibanza biri kugura makeya. gusa n'akabanga mbibiye...😎,surprise,none,0.616,0.001,0.067,0.052,0.381,0.11
kin_test_track_a_00781,"hari abagize ngo ibuye ryagaragaye ntiriba ricyishe isuka, ku buryo abakinnyi b’amavubi bagombaga guserukana imyenda mishya nk’uko byari byavuzwe ko bayihabwa.",none,sadness,0.052,0.0,0.069,0.017,0.818,0.595
kin_test_track_a_00783,ubu se uwaraye muri stade ko itegeko ryasohotse yamaze kuhagera ubwo ntaribuhite afata icyumba?,none,surprise,0.577,0.005,0.067,0.013,0.181,0.652
kin_test_track_a_00784,umwe mu baturage wanze ko amazina ye atangazwa yagize ati “umva abajura batumereye nabi bakubita abantu bakabakomeretsa noneho ubu baduye ingeso yo kukwiba n’imyenda wambaye ugasigara wambaye ubusa.”,fear+sadness,sadness,0.319,0.0,0.289,0.011,0.874,0.212
kin_test_track_a_00786,"ahantu honyine guterres avuga u rwanda, ni aho agaragaza ko umubano warwo na congo wazambye nyuma y’uko m23 itangije intambara.",surprise,none,0.547,0.001,0.011,0.026,0.424,0.556
kin_test_track_a_00787,"kuri ubu ibihugu byombi bifitanye umubano mu nzego zirimo uburezi, ubuhinzi, ikoranabuhanga, umutekano, ubuzima n’ibindi bitandukanye.",joy,none,0.041,0.0,0.039,0.288,0.059,0.054
kin_test_track_a_00788,"seville ikimara gutsindwa, abakinnyi bayo bashyushye mu mutwe, byavuyemo guhabwa ikarita y’umuhondo ya and rafa mil wari ku ntebe y’abasimbura.",sadness,none,0.062,0.0,0.001,0.349,0.259,0.224
kin_test_track_a_00789,"@<username> ikiganiro cyiza. usibye no kuba abo baba babizi, hari n'ubwo abo wizeraga baba ari bo bamusambanya. ni hatari.",sadness,none,0.234,0.0,0.002,0.55,0.086,0.005
kin_test_track_a_00791,nyuma yo kugobokwa n’abagiraneza uyu muhanzi yahise agaruka ku mbuga nkoranyambaga atangiza ubukangurambaga bwo gukusanya inkunga yo kuvuza umubyeyi we.,joy+sadness,sadness,0.057,0.0,0.037,0.055,0.875,0.448
kin_test_track_a_00796,imvura yejo yaguye kuva (6:00pm-2:09am) aho itaguye mumenyeko hagiye kuba ubutayu 😂,none,fear,0.23,0.003,0.558,0.005,0.162,0.087
kin_test_track_a_00799,"nk’ubu muri uyu mwaka wa 2023 muri werurwe bagabanye ubwasisi busaga miliyoni 339 frw ndetse babonye ingoboka zisaga miliyoni 12,4frw.”",joy,none,0.124,0.0,0.016,0.389,0.138,0.139
kin_test_track_a_00801,ati “ubwo rero turakeka ko impamvu bihekuye ari ubushobozi buke bwo gutunga abo bana nubwo bidakwiye na gato.”,sadness,fear,0.423,0.0,0.478,0.015,0.522,0.101
kin_test_track_a_00803,"ati “kugira ngo impfu n’indwara zigabanuke ndetse havuke abana bazima, iyi ni yo ntego yacu.",fear+joy,none,0.079,0.0,0.111,0.547,0.154,0.003
kin_test_track_a_00804,utabeshye murusengero bateretse imbere uduseke kamwe arako gushyiramo amaturo yo gushimira pasitoro akandi perezida akandi google...nakahe kakuzura mbere?,surprise,anger,0.833,0.0,0.012,0.08,0.119,0.372
kin_test_track_a_00805,ese ntagatsiko ka bagore cg abakobwa baba kire bagumiwe mwaba muzi ngo umuntu atagire abikundishweho?,none,anger,0.865,0.0,0.021,0.002,0.181,0.276
kin_test_track_a_00806,ibipimo ku bumwe n’ubwiyunge byerekana ko abanyarwanda 94% bumva neza ubumwe n’ubwiyunge ariko abagera kuri 27% bafite ibikomere bakomora ku mateka.,joy+sadness,fear,0.021,0.001,0.481,0.012,0.305,0.171
kin_test_track_a_00807,"urupfu ruragapfa😭, uruhukire ijabiro kwa jambo💔. warakoze cyane ku bwa buri kimwe, nzagukumbura iteka ryose🙏. @<username> 👑 @<username> repubulika y'u rwanda ##url##",sadness,joy,0.031,0.0,0.001,0.827,0.214,0.005
kin_test_track_a_00808,"yatanze urugero ku muhate w’inkotanyi zari zigizwe n’abana bato ziyobowe na perezida paul kagame zirokora abatutsi mu bice bitandukanye by’igihugu, asaba n’urubyiruko kwigira ku babohoye igihugu bakagira uruhare rutaziguye mu kubaka u rwanda.",joy,sadness,0.624,0.0,0.064,0.048,0.804,0.018
kin_test_track_a_00809,@<username> izo ziba ari likes za shitani n'abambari be🤣🤣🤣hamwe n'abuzuye irari,anger,none,0.807,0.001,0.003,0.013,0.082,0.017
kin_test_track_a_00811,"hari umwe mu bayobozi b’u rwanda wavuze ati ""aya masezerano mashya arerekana ko tshisekedi atarajwe ishinga no gushaka amahoro.",anger,surprise,0.591,0.0,0.238,0.009,0.457,0.674
kin_test_track_a_00812,"izi ntumwa mu minsi igera kuri irindwi zizamara mu rwanda zizasura ibikorwa n’inzego zitandukanye hagamijwe kumenya ibizikorerwamo nk’uko byatangajwe n’umunyamabaga wa leta muri minisiteri y’ububanyi n’amahanga ushinzwe umuryango wa afurika y’iburasirazuba, prof nshuti manasseh.",none,joy,0.023,0.0,0.011,0.842,0.022,0.025
kin_test_track_a_00813,gusa iyo bumaze gucya ubuzima buragaruka ukongera kubona umujyi kuzanzamuka.,none,sadness,0.083,0.169,0.158,0.037,0.697,0.035
kin_test_track_a_00814,waramutse rwanda ese namwe aho muri impeshyi yabatashyeho? mukomeze mugire umunsi mwiza wuzuye ubunyangamugayo no gukora cyane.,none,joy,0.086,0.0,0.002,0.829,0.05,0.008
kin_test_track_a_00815,bituma kandi abantu badahenda cyangwa ngo bahendwe cyane.”,none,sadness,0.459,0.001,0.196,0.035,0.635,0.251
kin_test_track_a_00818,"@<username> @<username> @<username> oya nawe gabanya kumwubahuka dore ni ukuganira, mutavaho mufatana mu mashati bikarangira mubaye nka wa mudasso wasafarinze.",fear,anger,0.9,0.001,0.003,0.01,0.142,0.017
kin_test_track_a_00819,"@<username> uyumunsi turaba turikumwe saa 15:30 live ku izuba tv, ubwo gahunda niyayindi....... turikumwe na @<username> &amp; @<username> mix by @<username> 📸 by @<username> @<username> kigali, rwanda ##url##",none,joy,0.086,0.0,0.002,0.756,0.021,0.007
kin_test_track_a_00823,"umwe yagize ati ""bari barimo kunywa inzoga noneho dj aza gushyiramo indirimbo bakunda, abo basore barahaguruka barabyina, na we ahita ahaguruka ajya kubyinana nabo, nibwo yatangiye kwagaza umwe muri bo ahita amukubita umugeri agwa hasi.""",sadness,none,0.064,0.001,0.003,0.302,0.305,0.359
kin_test_track_a_00824,@<username> harigihe utanga message ukagirango warebaga neza mu mutima w'umuntu! thanks so much @<username> for that tweet ❤️,joy+surprise,joy,0.032,0.001,0.001,0.922,0.024,0.019
kin_test_track_a_00827,ishobora kuba yagira uruhare mu ididindira ry’ubwenge bigasaba kwitabwaho byihariye.,fear+sadness,fear,0.032,0.042,0.535,0.036,0.194,0.017
kin_test_track_a_00828,ubu bushakashatsi bwagaragaje ko sosiyete ikunze kwirengagiza uruhuri rw’ibibazo abagabo bahura na byo nyuma ya gatanya.,sadness,none,0.087,0.0,0.22,0.082,0.131,0.098
kin_test_track_a_00830,"duhari kubwanyu nkigisubizo mubya mudasobwa ,wifuza kugura cyangwa gukoresha iyo usanganwe ifite ikibazo waduhamagara kuri : 0787548223. @<username> @<username> @<username> @<username> @<username> ##url##",joy,none,0.377,0.003,0.156,0.072,0.144,0.057
kin_test_track_a_00832,amashusho yasakajwe ku mbuga nkoranyambaga agaragaza uyu muraperi yagiye gushaka akazi ko gufasha abubatsi (ubuyede) ngo arebe ko yabona amaramuko.,none,sadness,0.113,0.002,0.035,0.215,0.607,0.371
kin_test_track_a_00833,allah akbar ya allah🙏 komeza unyongere kwihangana @<username> nyagatare ##url##,sadness,joy,0.025,0.0,0.002,0.889,0.033,0.002
kin_test_track_a_00836,impungurabigombyi,none,disgust,0.111,0.987,0.042,0.029,0.325,0.017
kin_test_track_a_00838,hakorwe iki koko ngo aho imyitwarire nk'iyi igaragara mu bana bacu icike? iyi video yashengura umutima w'umubyeyi😔 @<username> ##url##,fear+sadness,anger,0.895,0.0,0.012,0.008,0.372,0.148
kin_test_track_a_00839,manayange guhabwa follow na big fish bisigaye bintera ubwoba an following uyu munsi ejo akanjugunya brock,fear,fear+sadness,0.096,0.05,0.491,0.015,0.741,0.114
kin_test_track_a_00840,ngo ntabwo ari umukobwa? ibijya gucika bica amarenga. ejo azihakana ko atari umubyeyi nagira amahirwe akamuba.,anger,none,0.436,0.001,0.031,0.005,0.303,0.591
kin_test_track_a_00845,"kuko sinumva ukuntu umuntu ukurusha byinshi byiza umwita umuswa kandi yarageze ku byo utarageraho, ushobora no kutazageraho.",anger,none,0.329,0.012,0.105,0.035,0.139,0.423
kin_test_track_a_00847,ubundi the so-called big fish idafite amafaranga kuri njye nyifata nk'ururagara. uko ni ukuri kandi twumve dukomeye dutekanye 👍👌,anger,none,0.27,0.001,0.003,0.419,0.029,0.164
kin_test_track_a_00848,"yagize ati ""ubu mfite inzu byibuze ihagaze miliyoni 9 frw, nashatse umugore, mfite ingurube n’inkoko ndoroye, ubwo se navuga ko ntabayeho neza nshingiye ku iki?""",joy,sadness,0.297,0.0,0.021,0.038,0.648,0.286
kin_test_track_a_00849,😁😁 ubu tuvugana hari abantu iminwa iri kurya. aho bari buvugire irakweduka bararwara ivutu ryamagambo 🤣🤜,anger,none,0.38,0.001,0.005,0.01,0.234,0.432
kin_test_track_a_00854,uyu muyobozi yabajijwe uko uyu mukinnyi yabanyuze mu myanya y’intoki kandi kera rayon sports yaragiraga abantu bayifasha gukurikirana abakinnyi ishaka.,none,surprise,0.054,0.0,0.002,0.202,0.441,0.829
kin_test_track_a_00855,"ibihugu birimo u butaliyani, espagne n’u bugereki byo byatangiye guhura n’ubu bushyuhe budasanzwe, aho nk’inzego z’ubuzima mu butaliyani zatanze integuza y’ubu bushyuhe mu mijyi 16 yabwo irimo roma, bologna ndetse na florence.",fear+sadness,none,0.02,0.0,0.011,0.496,0.157,0.025
kin_test_track_a_00858,ubundi rata @<username> biradukwiye rwose kubwira umubyeyi umugongo uduhetse iyo ndamukanyo waramutse #rwanda ##url##,joy,none,0.742,0.0,0.062,0.016,0.113,0.004
kin_test_track_a_00860,"muri ibi biganiro byari biyobowe n’umuyobozi mukuru wa i&m bank rwanda, mutimura benjamin hagaragajwe umuhate w’iyi banki mu gushyira umukiliya ku isonga.",joy,none,0.06,0.0,0.006,0.276,0.123,0.256
kin_test_track_a_00863,wa mugani nyamara @<username> uzi ubwenge urereunze 😂😂😂✌️✌️✌️✌️✌️✌️✌️✌️✌️😂😂😂😂🙌 ##url##,none,anger,0.908,0.0,0.009,0.01,0.18,0.007
kin_test_track_a_00864,uteye isesemi nk'ubukurugutwa bamennyemo amazi.,anger+disgust,disgust,0.077,0.999,0.004,0.026,0.029,0.004
kin_test_track_a_00867,@<username> ahubwo iyi kipe ko ishaka gukwepa final bite byayo😂😂. turabategereje pe,fear,anger,0.82,0.0,0.009,0.029,0.148,0.01
kin_test_track_a_00872,"dore uburyo inkundo z'ubu zibeshya 🙈. baba bashaka amata gusa bagahita bigendera🏃, biratangaje🤸 🔥 ukore subscribe👇 ##url##",surprise,none,0.71,0.0,0.005,0.007,0.157,0.211
kin_test_track_a_00873,ntakubeshye uranuka pe! ayo magaragamba si ay'abantu!,disgust,none,0.815,0.022,0.25,0.007,0.078,0.223
kin_test_track_a_00874,"umuyobozi mukuru w’inama nkuru y’amashuri makuru na za kaminuza [hec], dr rose mukankomeje, aherutse gutangaza ko kuba amafaranga agenerwa kwishyurira abanyeshuri buruse yaragabanutse, bizagira ingaruka zikomeye ku mubare w’abajya muri kaminuza.",fear,fear+sadness,0.024,0.002,0.802,0.045,0.664,0.003
kin_test_track_a_00878,"towari marie louise uhagarariye umuryango ufite inkomoko mu buyapani, npo think about education in rwanda’, yavuze ko bashyize imbaraga mu burezi ndetse harimo no kwigisha amahoro hagati y’u rwanda n’u buyapani kuko ibihugu byombi byanyuze mu mateka akomeye.",sadness,joy,0.02,0.0,0.01,0.894,0.065,0.008
kin_test_track_a_00879,"szwaczyk yavuze ko nubwo bemeye guhindura nimero y’umuhanda, ubu ikibazo bafite ari ukwakira ibirego by’abatarishimiye ko nimero yahindutse.",fear,fear+sadness,0.208,0.0,0.594,0.023,0.704,0.008
kin_test_track_a_00881,nkanamuha andi mahirwe ariko biba iby’ubusa.’’,sadness,fear,0.394,0.003,0.371,0.09,0.357,0.169
kin_test_track_a_00883,ufite umwuka nk'uwu muntu urwawe mburugu kbsa.,anger+disgust,disgust,0.225,0.837,0.001,0.021,0.052,0.007
kin_test_track_a_00885,@<username> @<username> nyamara iki kibazo kirabareba nubwo mukirengagiza,sadness,none,0.686,0.0,0.251,0.007,0.476,0.007
kin_test_track_a_00886,perezida #kagame yahaye imbabazi abagore 10 bari bafungiwe gukuramo inda ##url##,joy,sadness,0.247,0.0,0.003,0.124,0.884,0.009
kin_test_track_a_00887,abamufashe bamugezeho saa kumi n’ebyiri z’umugoroba yemera ko ari we bigeze saa yine z’ijoro.,sadness,none,0.052,0.0,0.085,0.107,0.495,0.12
kin_test_track_a_00888,ese kucyi abahungu bicyigihe basigaye bumva ko kuryamana aringombwa wamuhakanira mugahita mutandukana urwo nurukundo koko🙄🤔?,sadness,surprise,0.693,0.001,0.035,0.002,0.076,0.927
kin_test_track_a_00891,ase ubu kavunumuheto biracyari igitutsi🤔😅,none,surprise,0.722,0.014,0.037,0.002,0.083,0.715
kin_test_track_a_00892,nta muntu waremye undi.”,anger,none,0.532,0.004,0.055,0.091,0.579,0.099
kin_test_track_a_00897,bimwe muri ibi byaha trump ashinjwa bimuhamye ashobora gufungwa.,fear,none,0.234,0.002,0.038,0.019,0.323,0.102
kin_test_track_a_00898,"umuyobozi wungirije ushinzwe imodoka zijya mu ntara muri volcano isingizwe eric, we avuga ko imodoka zitabuze ahubwo abagenzi babaye benshi kubera ko ari mu gihe cy’impeshyi.",none,fear+sadness,0.071,0.0,0.462,0.028,0.915,0.008
kin_test_track_a_00899,avuga ata ibicandwe ku bantu ni cyo dupfa,disgust,sadness,0.339,0.11,0.014,0.01,0.821,0.002
kin_test_track_a_00900,ababonye ko wamwana womubakire arigukoresha computer ya nicole mumpe follow🤣🤣🤦 narumiwe @<username> @<username> @<username> ##url##,surprise,anger,0.873,0.0,0.009,0.003,0.197,0.381
kin_test_track_a_00901,@<username> ushyireho ni zina ryawe ry' ukuri. ureke iryo watoraguye kuri iyi mihanda. nakuzaniye impano ndakubura bambwira ko batakuzi.,sadness,anger,0.866,0.0,0.002,0.057,0.131,0.006
kin_test_track_a_00902,"ni mu gihe ariko ku rundi ruhande, bahati we yicuza ibyamubayeho akaburira abandi bahanzi kutisaga mu mutego nk’uwo yaguyemo.",sadness,sadness+surprise,0.058,0.0,0.011,0.019,0.842,0.909
kin_test_track_a_00903,"yagize ati “ ejo bundi nka saa mbili z’ijoro nibwo umugabo w’imyaka 63 yagiye ahantu anywa inzoga arasinda, atahana n’umugore wari inshoreke ye kuko si ubwa mbere bari batahanye.”",none,sadness,0.071,0.0,0.012,0.042,0.83,0.637
kin_test_track_a_00904,si ubwa mbere perezida wa gasogi united yavuze kuri ibi bibazo bihora bitangwa muri ferwafa ariko abasifuzi bakabyitambika ntibigire aho bigera kubera izindi nyungu bakuramo.,anger+sadness,none,0.686,0.0,0.104,0.007,0.301,0.62
kin_test_track_a_00906,"yagize ati “mucane amatara abantu bababone muri kure kubera ko umuhanda uba urimo abantu benshi, uba urimo imodoka harimo moto harimo amagare n’abanyamaguru, cana itara kugira ngo umuntu akubene ukiri kure.”",none,fear,0.274,0.0,0.8,0.131,0.295,0.012
kin_test_track_a_00908,fally merci avuga ko mu rwanda hari ikibazo cy’uko atari ahantu henshi abana babona ho kwidagadurira.,sadness,fear+sadness,0.082,0.002,0.321,0.088,0.851,0.044
kin_test_track_a_00909,@<username> @<username> ibaze nawe gutegereza ko umunyamerika ari we ukubwira ububi cg ubwiza bw'umuco wawe. ni cyo cyica abanyafurika.,anger+sadness,anger,0.953,0.0,0.011,0.01,0.111,0.049
kin_test_track_a_00911,mwaramutse @<username> ese ejo hashize ko network zanyu zatumye mpomba ndetse nkashwana na benshi kubera ko ntahamagarwa murumva bishimishije? mwirirwe😫😩😩😫😩😩😫😩😩😩😩😫😩😩😩,anger+sadness,none,0.758,0.0,0.012,0.031,0.179,0.602
kin_test_track_a_00914,"#kwibuka28 iy'imvura muyireke igwe kuko hari benshi yabereye ingabo aho bahigwaga bukware, mana warakoze kumanura imvura icyo gihe. 😢 ##url##",joy,sadness,0.761,0.0,0.012,0.018,0.924,0.004
kin_test_track_a_00916,"ati “dufite ikibazo cy’ibitambaro cyane, usanga amahitamo ahari atari menshi ari na cyo gituma hari ubwo bihenda kuko ibintu byose dukoresha biva hanze.”",sadness,fear+sadness,0.03,0.0,0.593,0.035,0.831,0.086
kin_test_track_a_00918,aha hantu ni inde wahaneye?,disgust,none,0.414,0.7,0.057,0.008,0.045,0.243
kin_test_track_a_00919,cyakoza abakire mubaho neza ibaze abantu bagire ubute bwo kujya kunnya hanze bakannya munzu 🤣🤣🤣🤣 murakaze #ntimumputaze nihitiraga🏃‍♂️🏃‍♂️🏃‍♂️🏃‍♂️🏃‍♂️🏃‍♂️🏃‍♂️,surprise,anger,0.825,0.0,0.015,0.02,0.275,0.092
kin_test_track_a_00921,uyu muvugizi kandi yabwiye sputnik ko imodoka ya ukraine iriho intwaro zishinzwe guhagarika ibisasu mu kirere hamwe n’izindi ntwaro na byo byarasiwe mu gace ka velykyi burluk birangirika bikomeye.,sadness,fear+sadness,0.033,0.0,0.662,0.066,0.88,0.046
kin_test_track_a_00923,@<username> @<username> gukubita umukobwa byo nta murava byagutera uri umusore. ni ugutera ingumi ikagenda muri rolanti yamugeraho ukicuza.,sadness,anger,0.914,0.0,0.006,0.007,0.321,0.005
kin_test_track_a_00926,"amashusho yagiye asakara agaragaza intwaro za ukraine zitwikwa n’ibisasu byo mu butaka bizwi nka ‘mine’ ndetse hari abasirikare ba ukraine baherutse gutangaza ko buri uko bigiye imbere ho metero ijana, batakaza abasirikare bane cyangwa batanu.",none,fear,0.211,0.0,0.652,0.08,0.249,0.196
kin_test_track_a_00927,kugira ngo iki kibuga kizajye cyifashishwa na nijoro cyongerewe amatara aho ubu gifite umunani agicanira.,joy,none,0.048,0.001,0.005,0.481,0.306,0.081
kin_test_track_a_00929,nubundi benshi ibi bihe byarabaryoheraga abantu mwese mukunda #rukacarara ndabasuhuje #umuganuramwiza @<username> @<username> @<username> @<username> @<username> @<username> @<username> @<username> @<username> @<username> @<username> @<username> ##url##,joy,none,0.449,0.0,0.002,0.089,0.358,0.067
kin_test_track_a_00931,"mukabunani christine uyobora ishyaka ps imberakuri, ritavuga rumwe n’ubutegetsi mu rwanda, ni urugero rw’ibishoboka kuko ubu amaze imyaka itanu ari umudepite mu nteko.",joy,none,0.347,0.0,0.004,0.032,0.576,0.498
kin_test_track_a_00936,@<username> @<username> @<username> @<username> @<username> @<username> @<username> @<username> @<username> @<username> @<username> @<username> mwakoze kandi mujonereze aho #umuturagekuisonga,joy,none,0.596,0.0,0.002,0.317,0.038,0.001
kin_test_track_a_00938,dushyize ingufu mu kubaka ubukungu butangiza ibidukikije no kwimakaza ibinyabiziga bitabangamira ibidukikije kuri bose.”,none,joy,0.053,0.0,0.05,0.675,0.032,0.011
kin_test_track_a_00940,"@<username> kuri uru rugamba rwo kwirinda, gukangurira abandi kwirinda no kubafasha kwirinda @<username> arurimo neza kuva iki gihanya kikigera ino. #niyubahwe #ntakudohoka",anger+joy,joy,0.061,0.001,0.018,0.75,0.065,0.001
kin_test_track_a_00941,"“hari uguhindura aho batuye bakagenda bimuka, hari uguhindura amadini niba yari umugatolika agahinduka umuyisilamu, cyangwa agashyiraho amatangazo ko yapfuye, imbogamizi zirahari ariko inzego z’iperereza, ubushinjacyaha ntabwo ducika intege.”",none,fear+sadness,0.278,0.0,0.691,0.007,0.687,0.01
kin_test_track_a_00944,"umva mukoo niba uziko unywa igikoma byongeye ho uka gihorobya ,gira ushake umugabo dore urashaje 🤨🤫😂",anger,none,0.708,0.012,0.016,0.002,0.142,0.403
kin_test_track_a_00945,"##url## amahoro kurimwese.reba inama zangombwa ,zigamije kubaka igihugu cyacu. abirirwa bakigambanira bakwiriye kubihagarika.nabasabaga nubufasha bwo fungura iyo video mukayireba.",none,joy,0.141,0.0,0.022,0.681,0.069,0.002
kin_test_track_a_00946,wikirata kumwana wababaye ngo nukwi iwanyu bakize. amafranga ya so sayawe!! ##url##,anger,sadness,0.717,0.0,0.019,0.048,0.925,0.023
kin_test_track_a_00947,"yateranye mu gihe umwuka utari mwiza hagati y’u rwanda n’umuturanyi warwo wo mu burengerazuba, repubulika iharanira demokarasi ya congo.",none,sadness,0.094,0.0,0.017,0.008,0.885,0.158
kin_test_track_a_00951,"nibura 20% muri bo bakoresha imiti yica udukoko ikunze kugaragara cyane mu bice by’icyaro bikorerwamo ubuhinzi, mu bihugu bikiri mu nzira y’amajyambere, mu gihe abandi bakunda gukoresha uburyo bwo gusimbuka ahantu harerare naho bamwe bakirasa.",sadness,fear,0.018,0.002,0.367,0.042,0.391,0.634
kin_test_track_a_00952,@<username> @<username> @<username> uvuze ukiri njyewe umugore wanjye abyaye akanga guha umwana ibere namubwira ko ntamushatse ngo abyare amere nk'ujugunye umwana no !!!,anger,none,0.816,0.0,0.005,0.002,0.419,0.105
kin_test_track_a_00959,"yakomeje agira ati ""hari n’abakinnyi bangiza ibikoresho baba bahawe nk’amasogisi bakayaca, wenda icyo mwavuga ni ubwoko butari bwiza akaba ari yo mpamvu bayanga, gusa ushinzwe ikipe n’ushinzwe ibikoresho bagomba kubyitaho.""",anger,fear,0.683,0.0,0.417,0.034,0.292,0.026
kin_test_track_a_00960,"@<username> @<username> @<username> @<username> @<username> @<username> @<username> @<username> @<username> @<username> 😭😭 ni agahinda kubura iyi ntwari tumwifurije iruhuko ryiza, kandi twihanganishije imiryango isigaye. uwiteka abakomeze.",sadness,joy,0.126,0.0,0.002,0.643,0.55,0.003
kin_test_track_a_00963,@<username> “amashushoyega “ ikinyarwanda cyogere gitumbagire kibe ubukombe. abahanga bemeza ko ikinyarwanda ari kimwe mu ndimi ziremetse neza.,joy,anger,0.857,0.0,0.01,0.147,0.153,0.002
kin_test_track_a_00964,"minisitiri w’ububanyi n’amahanga n’ubutwererane, dr vincent biruta, yavuze ko hari ibiganiro bikomeje hagati y’u rwanda na madagascar, ahashobora kuzasinywa andi masezerano ajyanye no kuvanaho isoreshwa kabiri ry’ibicuruzwa, kuvanaho visa n’ubufatanye mu zindi nzego zirimo ubuhinzi, ikoranabuhanga, ubukerarugendo, ubucukuzi bw’amabuye y’agaciro n’ubuzima.",joy,none,0.059,0.0,0.233,0.413,0.045,0.004
kin_test_track_a_00965,"aba bagabo bavuga ko mbere y’uko bashyiraho umugoroba w’abagabo bajyanaga amafaranga y’urugo mu kabari bakayanywera, bataha umugore yabaza aho amafaranga yagiye, umugabo akabura icyo asubiza intonganya zikaba ziratangiye.",joy,none,0.082,0.0,0.008,0.108,0.571,0.519
kin_test_track_a_00970,"umuyobozi wa rwanda leaders fellowship, ndahiro moses, yavuze ko aya masengesho ari amahirwe abayobozi bo mu nzego z’ibanze n’ab’amadini n’amatorero baba babonye yo guhuriza hamwe ibyo bakora kuko byose babishobozwa n’imana.",none,joy,0.004,0.0,0.002,0.959,0.03,0.011
kin_test_track_a_00971,"kugeza ubu mu rwanda hamaze koherezwa abakurikiranyweho ibyaha bya jenoside 29 bafatiwe mu bihugu by’amahanga, mu gihe ababuranishirijwe hanze ari 25 ndetse umuryango w’abibumbye wemeje ko inkiko zo mu rwanda zifite ubushobozi budashidikanywaho bwo kuburanisha ibi byaha bya jenoside.",none,sadness,0.133,0.0,0.021,0.025,0.735,0.054
kin_test_track_a_00972,"bamwe muri aba bana babwiye igihe ko bacirira ibibwana by’imbwa ahantu hatandukanye, byamara gusa nk’aho bikura gato bakabigurisha kugira ngo babone ibibatunga.",sadness,none,0.036,0.003,0.004,0.266,0.474,0.625
kin_test_track_a_00973,@<username> @<username> @<username> ariko mana ubwose ushatse kuvuga iki? mubyukuri gusa ndumiwe cyane.,sadness,anger,0.916,0.001,0.021,0.006,0.038,0.041
kin_test_track_a_00974,nyamara muve mubyo gutegereza ya pusi murebe uko mwaremera uyu mutype @<username> ##url##,sadness,anger,0.835,0.002,0.118,0.018,0.124,0.018
kin_test_track_a_00978,"nyuma y’ibi byabaye umugore uri mu bari begereye uyu muntu wajugunye ikinyobwa kuri cardi b, yagiye kuri polisi yo muri las vegas kurega uyu muraperikazi avuga ko na we iyi micro yajugunywe na cardi b yamwikubiseho nk’uko tmz yabitangaje.",surprise,sadness,0.069,0.0,0.063,0.02,0.843,0.416
kin_test_track_a_00981,@<username> ni ikibazo nyine. atwara hanini kubera iki?? arusha iki bashiki be?,anger,none,0.807,0.001,0.043,0.012,0.16,0.083
kin_test_track_a_00982,yavuze ko uretse gutera amabuye muri uru rugo ngo niyo ahuye n’abandi baturage bagashaka kumubuza ngo ashobora kubasagarira bagasaba ubuyobozi kwita kuri iki kibazo.,fear,sadness,0.316,0.0,0.127,0.04,0.894,0.038
kin_test_track_a_00983,nakoranye imibonano mpuzabitsina n’abandi ibihumbi 10”.,surprise,none,0.131,0.001,0.017,0.312,0.369,0.22
kin_test_track_a_00984,"umwaka ushize urukiko rwisumbuye rwa musanze rwahamije bagiruwubusa jean nepomuscène icyaha cy’ubwicanyi, rumuhanisha igifungo cya burundu.",none,sadness,0.076,0.0,0.002,0.033,0.631,0.13
kin_test_track_a_00985,kwa kundi abakobwa bateye nabi bitera ibirungo byinshi 😭&gt;&gt;&gt;&gt;&gt;&gt;&gt;&gt;&gt;&gt;&gt;&gt; ##url##,anger,sadness,0.48,0.0,0.008,0.015,0.924,0.018
kin_test_track_a_00987,"mu bubatse imfatiro zubakiweho u rwanda na n’ubu zikiganje, harimo umwami mibambwe gisanura waremye uburyo buhoraho bwo kurwanya akarengane n’iyicarubozo, atanga urugero ruhanitse rwo kurwanya imitekerereze n’imigirire nk’iyo.",joy,none,0.153,0.0,0.014,0.06,0.566,0.056
kin_test_track_a_00989,abatangabuhamya babwiye urukiko ko babonye biguma atwaye ibintu bitandukanye yabaga yasahuye nyuma yo kwica ba nyirabyo.,sadness,sadness+surprise,0.027,0.001,0.028,0.038,0.759,0.795
kin_test_track_a_00990,"abakozi bagira ubwoba, bakibaza bati ko njyanama twari kumwe ubwo twe ntibizatugeraho?",fear,fear+surprise,0.235,0.006,0.602,0.003,0.385,0.713
kin_test_track_a_00992,umva nawe nuguhita mukatira akazi kakoroha 🤦🤦🤦 ##url##,none,anger,0.947,0.016,0.056,0.003,0.17,0.049
kin_test_track_a_00995,"abaturage bo mu bwoko bw’aba- irigwe bo mu gihugu cya nigeria, babayeho igihe kinini bagira uyu muco aho umugore yashakanaga na’abagabo barenze umwe bigafatwa nk’ibisanzwe, ariko akagira urugo rw’umugabo umwe abarizwamo ku buryo ari na we witwaga se w’abana bose uwo mugore yabyaraga n’ubwo bose bataba ari ab’uwo mugabo.",surprise,sadness,0.375,0.002,0.003,0.01,0.68,0.475
kin_test_track_a_00997,@<username> @<username> @<username> zinduka mwaramutse ni shafiki obed nyamagabe kitabi ndabakunda mutahe amahoro twari kumweee,joy,none,0.302,0.0,0.001,0.489,0.208,0.002
kin_test_track_a_00999,@<username> wa mugabo yatugarutsemo ndaq😂😂😂😂😂😂😂😂😂😂😂😂😂😂😂😂😂 ##url##,surprise,anger,0.847,0.001,0.005,0.005,0.081,0.024
kin_test_track_a_01000,"ati “turashaka gutera imbere, turashaka uburumbuke, abaturage bazamura ibyo binjiza, imibereho igahinduka kugira ngo tugire urwego tugeraho mu gihe runaka”.",joy,none,0.276,0.0,0.218,0.195,0.244,0.002
kin_test_track_a_01002,noneho uburyo asoma isosi imeneka muri ibyo binwete bye nibyo bintera kubura aho nkwoirwa.,disgust,none,0.064,0.563,0.002,0.048,0.209,0.172
kin_test_track_a_01004,"minisitiri w’ubutegetsi bw’igihugu, musabyimana jean claude aherutse kuvuga ko igenzura ryakozwe mu nzego no mu duce aba bayobozi bayoboraga, ryagaragaje ibibazo bitandukanye kandi bikomeye bishingiye ku dutsiko bari barubatse.",sadness,none,0.145,0.0,0.115,0.039,0.53,0.058
kin_test_track_a_01005,kubufatanye ninzego zibanze ndetse ni z'ubuzima uyu munsi twakurikiranye igikorwa cyo gutanga urukingo rwa #covid19 mubigonderabuzima bya @<username> @<username> @<username> @<username> @<username> @<username> ##url##,none,joy,0.013,0.0,0.004,0.931,0.029,0.004
kin_test_track_a_01007,dukurikije uburyo abana bakoze ahubwo twatunguwe.,surprise,sadness,0.074,0.001,0.01,0.027,0.916,0.004
kin_test_track_a_01008,ati “bigaragara ko inganda z’itunganya zikanatubura imbuto zazamutse.,joy,fear+sadness,0.153,0.0,0.319,0.025,0.853,0.064
kin_test_track_a_01012,@<username> @<username> @<username> hahahaha akarimi n'icyumvirizo numvisemo ka mugobeko ndacangwa,none,anger,0.944,0.001,0.012,0.007,0.301,0.01
kin_test_track_a_01016,turabibuka kandi ntituzabibagirwa na rimwe igihe cyose tugihumeka. baruhukire mu mahoro. ##url##,sadness,none,0.666,0.0,0.053,0.201,0.272,0.001
kin_test_track_a_01018,"umuyobozi wungirije w’umujyi wa kigali ushinzwe imiturire n’ibikorwaremezo, dr merard mpabwanamaguru, yabwiye igihe, ko bari gusenya kiosque zagiye zishyirwa iruhande rw’inyubako nziza kuko zituma imiryango imwe n’imwe yazo n’inzira bidakoreshwa.",sadness,joy,0.006,0.0,0.009,0.971,0.023,0.024
kin_test_track_a_01020,izi nkweto zirashaka 10k zombi inbox dore nabuze aho nzishyira kdi inzara niyose ##url##,sadness,none,0.495,0.013,0.159,0.101,0.326,0.233
kin_test_track_a_01022,"ati “inzu yacu yaraguye mu gihe cy’ibiza, bingiraho ingaruka cyane kuko nitegura gukora ikizamini cya leta.",sadness,fear+sadness,0.015,0.001,0.619,0.054,0.94,0.003
kin_test_track_a_01023,agenda avuvuka kubera imitezi yatewe n’uburaya bwe.,disgust,sadness,0.059,0.547,0.001,0.01,0.837,0.088
kin_test_track_a_01026,ni urukingo rushobora gutangwa rukaba rwafasha mu buzima bw’umushwi bwose.”,joy,none,0.069,0.001,0.14,0.526,0.139,0.141
kin_test_track_a_01027,@<username> @<username> batamufite baba bari mu bipondo,none,anger,0.829,0.0,0.007,0.011,0.205,0.002
kin_test_track_a_01029,umuraguzi w'umutwe yaramumpebeje iyeeee!!! ariko ubanza bidasaba kuraguza ahubwo ibyaha akora n'umwana arabibona @<username> @<username> mwite ku gusaba kw'abanyarwanda🙏🙏🙏 ##url##,anger,none,0.71,0.0,0.004,0.251,0.117,0.004
kin_test_track_a_01030,kare nanyuze kumubyeyi kuri t2000 aravuga ngo mbega indaya nihumurije parfe niteye niba uhumura indaya biranshanga,sadness,surprise,0.329,0.023,0.045,0.022,0.291,0.897
kin_test_track_a_01031,– ifoto ya gitwaza ari kumwe n’abana yavugishije benshi,surprise,joy,0.045,0.011,0.004,0.647,0.456,0.305
kin_test_track_a_01034,hari n’ubwo ubikorerwa ukabura ibimeyetso ntube watanga ikibazo ariko ukaba watanga ubuhamya bukangura abandi.,sadness,none,0.363,0.003,0.019,0.038,0.257,0.528
kin_test_track_a_01038,@<username> we azi ubwenge bwinshi cyane! aho yicaye aba yumiwe akisekera! gusa tuba tunamuvuna by the way.,none,sadness,0.315,0.001,0.003,0.02,0.635,0.077
kin_test_track_a_01041,ngo yakomeje gukora muri urwo rugo ariko nyuma aza kuhava yerekeza i nyanza ari na bwo abana bato bo muri rwa rugo yakoragamo baje kubwira ababyeyi ko bigeze kubona afite uruhinja mu cyumba cye.,surprise,sadness,0.027,0.0,0.005,0.448,0.87,0.073
kin_test_track_a_01042,"ibyo iyo bije turunguka nk’igihugu, tukagira amabanki akora kinyamwuga.”",joy,none,0.557,0.001,0.063,0.072,0.418,0.219
kin_test_track_a_01047,"naho mu babikoresha bose, hafi kimwe cya kabiri baba barwaye hépatite c, miliyoni 1.4 baba bafite agakoko gatera sida, mu gihe miliyoni 1.2 baba bafite izo ndwara zombi.",fear+sadness,none,0.028,0.0,0.117,0.031,0.533,0.111
kin_test_track_a_01049,uwambajimana valentine ukurikiranyweho gucuruza ibiyobyabwenge nyuma yo gufatanwa udupfunyika 889 tw’urumogi we aramutse ahamijwe iki cyaha n’urukiko yahanwa n’ingingo ya 11 y’itegeko nimero 69/2019 ryo ku wa 08 ugushyingo 2019 rihindura itegeko nimero 68/2018 ryo ku wa 30 kanama 2018 riteganya ibyaha n’ibihano muri rusange.,sadness,none,0.062,0.0,0.004,0.066,0.399,0.023
kin_test_track_a_01051,ati “duhangayikishijwe n’umubare munini w’impunzi uri mu bituma imiryango myinshi irushaho gusonza.”,fear,fear+sadness,0.049,0.001,0.687,0.014,0.902,0.013
kin_test_track_a_01052,munyakazi avuga ko hakenewe ingamba zikomeye kugira ngo ikibazo cy’ibirayi kibashe gukemuka burundu.,none,fear,0.131,0.001,0.405,0.188,0.231,0.024
kin_test_track_a_01054,"iki kigo cyasozanyije abana 102 mu y’inshuke bagiye mu abanza, usibye babiri bahuye n’uburwayi butuma badakomeza.",joy+sadness,sadness,0.011,0.0,0.017,0.403,0.942,0.005
kin_test_track_a_01055,urunuka n’urwawe wa mabyi we.,anger+disgust,disgust,0.107,1.0,0.005,0.011,0.035,0.007
kin_test_track_a_01056,"imana ikomeze abasigaye b’umuryango we, abo basenganaga, urubyiruko n’abandi bose ubutumwa bwe bwafashije.",sadness,joy,0.047,0.0,0.005,0.681,0.273,0.002
kin_test_track_a_01059,abakunzi ba ruhago bagiye kwica inyoni ebyiri n’ibuye rimwe,joy,none,0.051,0.417,0.002,0.395,0.061,0.144
kin_test_track_a_01061,"muri make, himbara araburana urwa ndanze!",none,disgust,0.149,0.998,0.022,0.015,0.04,0.008
kin_test_track_a_01062,@<username> ibyo uvuze nukuri kuzuye 🙏🙏 #ripmagufuli nyagasani akwiyereke iteka 😭😭💔💔💔 ##url##,sadness,anger,0.897,0.0,0.004,0.047,0.242,0.004
kin_test_track_a_01063,"yari kumwe n’umuyobozi w’urugaga rw’abahinzi-borozi, imbaraga, munyakazi jean paul, umuyobozi ushinzwe ubugenzuzi mu kigo gishinzwe ubugenzuzi, ihiganwa mu bucuruzi no kurengera umuguzi, niragire ildephonse n’umuhinzi, kantesi odette.",none,joy,0.013,0.001,0.001,0.87,0.037,0.013
kin_test_track_a_01067,@<username> 😉🙄 basi waba uzi ko kimwe mu bintu ntajya nkora ari ukubeshya?😊🙆 basi bimenye ubu..,none,anger,0.926,0.0,0.011,0.004,0.046,0.021
kin_test_track_a_01072,@<username> @<username> @<username> @<username> @<username> @<username> @<username> birashoboka se ?gusa ikibazo cyo kirahari ariko niba bigeze aha?turakomerewe,fear+sadness,anger,0.888,0.0,0.193,0.003,0.215,0.047
kin_test_track_a_01073,nawe wabona inyungu zo gukorana na @<username> biroroshye kuko gufungura konti bikorwa mu buryo bwihuse! ##url##,joy,none,0.536,0.002,0.235,0.012,0.145,0.102
kin_test_track_a_01074,"ni ikimenyetso cy’uko ubutabera bwatsinze umuco wo kudahana ubugome, ubumwe bwatsinze amacakubiri, ugukunda igihugu byatsinze urwango.",joy,none,0.634,0.0,0.112,0.01,0.447,0.298
kin_test_track_a_01076,kambwire uriya musirikare antize i mbunda ndebeko narasa resani yo kupantaro yanjye yanze gufunguka... ....,surprise,sadness,0.506,0.036,0.044,0.008,0.641,0.342
kin_test_track_a_01079,@<username> erega ntago amafaranga ari yo atwara zilige mwana 🤣🤣🤣🤣🤣 n'ubwo bagura n'ibivejuru gutwara champions league byo bibari kure,none,anger,0.907,0.0,0.006,0.007,0.301,0.117
kin_test_track_a_01080,abato batari gito batanze ubuzima bwabo batizigama badushingiye ubuzima bwaganaga ibuzimu ni ukuri mwarakoze nkotanyi #inkotanyiniubuzima #kwibohora27 ##url##,joy,none,0.668,0.0,0.001,0.158,0.421,0.018
kin_test_track_a_01081,uyu muyobozi yakomeje avuga ko inzego z’ibanze zari zaregereye uyu muryango zibagira inama yo kuboneza urubyaro umugore ngo ajya no kwa muganga bamushyiramo agapira ariko ngo nyuma y’ukwezi yahise agakuramo afatanyije n’umugabo we.,none,sadness,0.081,0.0,0.034,0.018,0.954,0.063
kin_test_track_a_01083,"bahere ku bifi binini kuko ni nabo banyirabayazana.""",anger,sadness,0.583,0.001,0.045,0.082,0.585,0.031
kin_test_track_a_01084,@<username> @<username> @<username> hari ubwo abantu bihererana utwana nyamara!,sadness,none,0.799,0.003,0.007,0.015,0.052,0.004
kin_test_track_a_01085,ufite ubwisungane mu kwivuza #musa nturembera mu rugo #musa save life @<username> @<username> @<username> @<username> @<username> @<username> @<username> ##url##,none,joy,0.096,0.0,0.007,0.632,0.092,0.002
kin_test_track_a_01086,"twabyanze, ntabwo twakora imyitozo batayatwishyura.”",anger,sadness,0.585,0.0,0.051,0.053,0.688,0.115
kin_test_track_a_01088,@<username> iyo watangiye kwibaza ibibazo nkibyo kaba kabaye ndakurahiye bagusabire ahubwo nibura uyu mwaka ntugusige,fear,anger,0.822,0.0,0.027,0.024,0.125,0.009
kin_test_track_a_01089,ugasanga umunsi umwe ubonye bonus yo kujya muri hotel/motel uragiye urayizenguritse wifotoza nkaho ari wowe boss waho wisubireho,anger,surprise,0.426,0.016,0.007,0.147,0.055,0.846
kin_test_track_a_01090,"mu gihe twizihiza uku kwezi ko kwibohora, dukwiriye kumva ko kurera ari ingenzi cyane mu kugena ahazaza h’igihugu cyacu.",none,joy,0.017,0.001,0.109,0.666,0.036,0.01
kin_test_track_a_01091,ibi ntibivuze ko abakunzi ba apr fc bagiye kuryoherwa n’ibyo mvuze?,none,fear+surprise,0.82,0.0,0.378,0.003,0.115,0.719
kin_test_track_a_01092,"ibibazo byatewe n’ubukoloni, ibyatewe na apartheid n’ibindi, byagarutsweho, humvikanishwa ko u burusiya nta ruhare na ruto rwabigizemo, ko ahubwo abanyaburayi na amerika batsikamiye afurika.",none,sadness,0.58,0.0,0.061,0.005,0.777,0.062
kin_test_track_a_01099,"bitewe n’uko aba bari bamaze igihe gito batandukanye, byabaye inkuru kuba bahuriye mu mashusho y’indirimbo y’urukundo bituma inkuru yayo yihuta cyane.",surprise,sadness,0.034,0.0,0.02,0.045,0.635,0.505
kin_test_track_a_01100,uyu muyobozi yashimangiye ko aba bana bashyinguwe kuri uyu wa kane aboneraho kwihanganisha imiryango yabo no gusaba ababyeyi kujya bamenya neza aho abana babo baba baherereye no kujya birinda ko bijyana mu kwirinda ko bahura n’ibyago nk’ibyo.,sadness,joy,0.015,0.0,0.017,0.88,0.108,0.002
kin_test_track_a_01107,"@<username> kizz daniel se ko afungiwe mubaturanyi , ubwo umuntu wafunzwe uyu munsi azaba ari tayari in 5 days ?",fear,anger,0.845,0.0,0.006,0.004,0.079,0.022
kin_test_track_a_01108,"ariko imashini yahitaga itubwira iti nsanze igifitanye isano na byo ari abakaraba intoki ntabwo ari agapfukamunwa, noneho rbc igahita ijyana ingamba iti nyabuneka nimukarabe intoki.”",anger,none,0.626,0.0,0.08,0.051,0.405,0.356
kin_test_track_a_01109,"@<username> @<username> ni psychological abnormal shifting y,ibibazo byawe ku bandi uzacunge @<username> na @<username> ako kantu barakagira ko guhora bumva banzwe",sadness,none,0.634,0.001,0.016,0.007,0.383,0.01
kin_test_track_a_01110,pasteur. ntimukanywe inzoga dore nabanzi banyu yesu ati nimukunde abanzi banyu. nonese ngewe ndinde wokutumvira yesu..nibaribyo nyihera like 🕵🕵,none,anger,0.829,0.0,0.027,0.024,0.27,0.008
kin_test_track_a_01111,abajyanama b’ubuzima baganirijwe ku budasa mu guhangana na covid-19 ndetse n’uruhare rwabo muri ubu bukangurambaga #operationcovidfree #sindohoka @<username> @<username> ##url## ##url##,none,joy,0.019,0.0,0.003,0.87,0.027,0.007
kin_test_track_a_01113,iyi nama kandi izanaganira ku kibazo cy’amahanga akomeza kwivanga mu bibazo bya afurika bigatuma n’ingamba zifashwe n’abanyafurika zitagerwaho kuko haba hari abantu bari inyuma basunika mu nyungu zabo..,anger,fear,0.307,0.001,0.31,0.066,0.143,0.057
kin_test_track_a_01114,yavuze kandi ko ari imbogamizi kuko atabasha gutembera mu ntara na moto ye yisanzuye.,sadness,fear+sadness,0.038,0.006,0.336,0.101,0.898,0.015
kin_test_track_a_01117,ninge mu jeunes umeze neza👍 munsi yubutayu bwa sahara😂🤣🤣🤣,joy,none,0.155,0.001,0.002,0.337,0.037,0.436
kin_test_track_a_01118,ubuzima bwiza sinanze agasuzuguro niko ntashaka nge iyo nza kumenya ko ariko bigenda simba naraje ahhaa,anger,sadness,0.159,0.009,0.06,0.097,0.613,0.051
kin_test_track_a_01119,"mu gihe trump anenga biden, inzego z’ubutabera zikomeje gukurikirana uwo wahoze ari perezida ku byaha birimo uburyo yafashe nabi inyandiko zirimo amabanga ya leta n’ibindi byaha bishobora gusiga afunzwe imyaka n’imyaka muri gereza.",fear,none,0.128,0.0,0.188,0.007,0.452,0.205
kin_test_track_a_01120,ubutabera bwafashe icyo cyemezo nyuma y’imyaka myinshi padiri munyeshyaka ashinjwa ibyaha bya jenoside.,none,sadness,0.073,0.0,0.002,0.05,0.65,0.117
kin_test_track_a_01121,"ugereranyije n’ubwiyongere bw’abaturage, abashora imari mu kubaka inzu ziciriritse n’iz’ubucuruzi baba bake.",fear,sadness,0.009,0.005,0.164,0.031,0.827,0.017
kin_test_track_a_01123,@<username> @<username> ntago ari bubisome wikwirushya bro 😂,none,anger,0.911,0.002,0.003,0.005,0.083,0.009
kin_test_track_a_01125,"ibaruwa kaminuza y’u rwanda yanyujije ku rubuga rwayo rwa twitter yashyizweho umukono n’umuyobozi mukuru wayo, dr didas kayihura muganga, ivuga ko aba banyeshuri bimuwe ku mpamvu z’uko ari ryo shuri ribarizwa muri cbe ryari risigaye ryonyine i nyagatare.",none,sadness,0.158,0.0,0.017,0.038,0.759,0.012
kin_test_track_a_01127,"bro ushobora kwiyahura ugapfa, ex wawe akaza kugushyingura ari kumwe na boyfriend we mushyashya😒 njye bimaze kumbaho kabiri😭😭. @<username> 💋💋",sadness,none,0.802,0.0,0.006,0.008,0.328,0.023
kin_test_track_a_01130,"imana yumve amasengesho yawe, kandi utangire kubona ibyo wasengeye. umunsi mwiza.",none,joy,0.009,0.001,0.003,0.871,0.052,0.005
kin_test_track_a_01131,bavuga ko ibi bibagiraho ingaruka kuko bahora barwaye indwara zitandukanye zirimo inzoka n’ibicurane bya buri gihe baboneraho gusaba ubuyobozi kubafasha kugira ngo na bo babone amazi meza.,sadness,fear+sadness,0.017,0.001,0.525,0.041,0.941,0.002
kin_test_track_a_01134,"ku mpungenge zigaragarizwa abantu bafite ubumuga bw’uruhu ko ari bake hakaba hatanazwi neza umubare wabo bigatuma ibigo nderabuzima bidatumiza ayo mavuta kuri farumasi z’akarere, ndayisaba yavuze ko byakabaye binatumiza make ariko uyakeneye yahagera ntayabure.",sadness,fear+sadness,0.009,0.0,0.488,0.035,0.839,0.011
kin_test_track_a_01136,mf iziko yasibye ep ya @<username> kuri youtube nizibeshye go ikadagire muri kkblock😤😤 #seriously #rwanda,sadness,anger,0.949,0.0,0.009,0.005,0.168,0.07
kin_test_track_a_01138,izi zo urebye nabi zanakurya da! ##url##,fear,none,0.588,0.001,0.014,0.119,0.135,0.002
kin_test_track_a_01142,kugira icyo ugeraho nugukora cyane rubyiruko dukore buri kimwe nibwo tuzatera imbere. ##url##,none,joy,0.105,0.001,0.025,0.708,0.045,0.004
kin_test_track_a_01143,"umuvugizi wa polisi mu ntara y’iburengerazuba, sp bonaventure twizere karekezi, yavuze ko kugira ngo bafatwe byaturutse ku makuru yatanzwe n’abaturage.",joy,sadness,0.306,0.0,0.099,0.032,0.777,0.005
kin_test_track_a_01144,"ramjaane joshua yatanze urugero rw’ibyo yakijijwe, birimo kunywa itabi n’urumogi yanywaga yahishe abo mu rugo iwabo.",joy,none,0.06,0.004,0.001,0.199,0.351,0.192
kin_test_track_a_01145,"umuyobozi mukuru wa airtel rwanda, emmanuel hamez, yavuze ko mu myaka mike iri imbere nta telefoni zikoresha sim card zifatika (physical sim cards) zizaba zigisohoka, asaba abaturage gutangira kwimenyereza izi z’ikoranabuhanga.",none,fear,0.071,0.0,0.884,0.217,0.106,0.007
kin_test_track_a_01146,bamwe bahise bibaza impamvu umuntu ashobora kurega leta ndetse n’icyo bisaba ngo umuturage abe yarega leta.,fear,none,0.299,0.002,0.111,0.029,0.32,0.638
kin_test_track_a_01147,@<username> izuba ryamanutse! wihangane nugutera agatebe muri douche ariko bitari ukoga ahubwo kwibobeza just!,none,anger,0.912,0.0,0.026,0.013,0.31,0.017
kin_test_track_a_01148,"@<username> @<username> umusaza ninawe waduhaga show kera mu muziki akazana ibyamamare, bivuzeko za gishuti z'amavubi zajya ziba zikaze.",joy,none,0.094,0.0,0.0,0.498,0.065,0.105
kin_test_track_a_01152,"impala imaze gucikamo ibice bibiri, bose bahise bacika intege kuko indirimbo bahimbye muri icyo gihe zitakunzwe, bikaza gutuma n’ubundi bahagarika umuziki burundu.",sadness,joy+surprise,0.03,0.001,0.006,0.767,0.052,0.692
kin_test_track_a_01153,yakomeje agira ati “ni icyorezo gituma umwuga wacu uta agaciro n’ubutabera bugata agaciro ku buryo ari ikintu gikwiye kurwanywa twivuye inyuma kand dufatanyije n’abo dufatanyije mu rwego rw’ubutabera bikaba byagabanyuka uko bishoboka byose.”,sadness,fear+sadness,0.072,0.0,0.781,0.019,0.688,0.002
kin_test_track_a_01155,"icyorezo cya covid-19 kigitangira kugenza make, u rwanda rwihutiye kubyaza umusaruro ayo mahirwe, rushyira imbaraga mu kumenyekanisha ibyiza byarwo bituma uru rwego rwongera kuzazanzamuka nubwo icyuho cyatewe n’imyaka 2 ya covid-19 yari yaragabanyije urujya n’uruza ari kinini.",joy,none,0.004,0.001,0.194,0.407,0.54,0.003
kin_test_track_a_01156,@<username> ndashaka kuzareba umuntu uha ruswa ngo ujue mu ijuru 😂😂😂😂😂😂,none,anger,0.932,0.0,0.035,0.003,0.111,0.094
kin_test_track_a_01158,"visi perezida wa ibuka mu karere ka nyarugenge, nduwawe denyse, yasabye abafite amakuru y’abishwe bakajugunywa muri nyabarongo kuyatanga.",anger+sadness,sadness,0.078,0.0,0.015,0.048,0.851,0.007
kin_test_track_a_01159,@<username> bazaduhe akazi ubusazi buzashira wakwiga uryamye from monday up to monday ugatekereza iki?!,anger,none,0.373,0.0,0.002,0.277,0.035,0.011
kin_test_track_a_01160,ngayo nguko dore iyo bavuze ko bibujijwe kunywa inzoga utwaye cg ugatwara whatever nuko bibujijwe gusa ##url##,none,anger,0.829,0.0,0.021,0.01,0.137,0.038
kin_test_track_a_01163,"ni ubushakashatsi prof. paul dawson yakoze ari kumwe n’itsinda ry’abanyeshyuri yigishaga, ashaka kubereka ko ari ngombwa gutekereza byimbitse ku buziranenge bw’ibiribwa, aho bwagaragaje ko guhuha iyo buji byongera bagiteri ku mutsima, ku kigero cya 1400%.",fear,surprise,0.023,0.006,0.218,0.18,0.054,0.741
kin_test_track_a_01166,umusa reka dushake ama frw kuko ibyo indaya y'umusaza rukukuri inkoreye muri bar nagahuma munywa😭😭😭 ##url##,anger+sadness,sadness,0.759,0.0,0.014,0.037,0.692,0.056
kin_test_track_a_01167,ni inyito ikura ibirari byayo ahasaga mu wa 1120.,none,disgust,0.027,0.981,0.007,0.009,0.055,0.155
kin_test_track_a_01171,@<username> abibwiye namucira mu maso nkahita cyaho🏃‍♀️,anger,none,0.773,0.0,0.01,0.007,0.271,0.039
kin_test_track_a_01174,🤧😭 noneho ndabyemeye ko inyanazimbwa zibaho @<username> was right … umugabo bamufashe ari gusambana umugore we bamubaze kwa muganga yabyaye 🤧🚮🚮🚮🚮🚮🚮,anger,sadness,0.727,0.0,0.014,0.002,0.614,0.172
kin_test_track_a_01175,gukomera kw’iki kibazo kwashimangiwe n’uko uyu mukinnyi w’umunyarwanda yagombye kujyanwa ahavurirwa indembe nyuma yo gukomerekera muri iyo mirwano.,sadness,fear+sadness,0.09,0.0,0.3,0.008,0.841,0.314
kin_test_track_a_01178,"ubushakashatsi bugaragaza ko hazakomeza kugenda habaho itakazagaciro k’ifaranga hirya no hino ku isi, hakabaho ikibazo cy’uko ubukungu buzajya buzamuka ku gipimo cyo hasi, ibibazo bishingiye ku bukungu n’ibura ry’ibicuruzwa kikarushaho kuba ingorabahizi.",fear+sadness,fear,0.015,0.018,0.969,0.028,0.218,0.007
kin_test_track_a_01179,umva nubwo inzonzi zibeshya ariko haribyo zitakwereka wari warota umukobwa yaguhaye amafaranga mbajije abasore?,none,surprise,0.699,0.081,0.081,0.005,0.196,0.798
kin_test_track_a_01181,@<username> cyakoze byo birakabije bahagera warambiwe,anger,none,0.802,0.002,0.008,0.024,0.341,0.005
kin_test_track_a_01182,"abagiye mu majyepfo bibuka ivumbi ry’i nyaruguru, ku buryo umuntu yakandagiraga rikamugera mu matwi!",surprise,none,0.026,0.45,0.004,0.051,0.085,0.264
kin_test_track_a_01185,ese kuki abakozi bo murugo bakunda kwirukanwa cyane iyo hamwe mugace bakomokamo hashyizwe muri guma mukarere ? @<username> @<username>,sadness,anger,0.905,0.0,0.08,0.003,0.136,0.365
kin_test_track_a_01186,@<username> @<username> @<username> 😜😜😜😜abeza bose baba batutuka bigogwe erega nawe urabizi,none,anger,0.876,0.0,0.009,0.006,0.257,0.011
kin_test_track_a_01187,urugero rwa hafi ni uko uyu musore ari we wanafashe amashusho n’amafoto y’igitaramo davido aherutse gukorera i boston.,none,surprise,0.06,0.002,0.011,0.32,0.145,0.749
kin_test_track_a_01188,@<username> @<username> @<username> @<username> @<username> @<username> @<username> nuko nuko wamfura we🙏,joy,none,0.37,0.0,0.001,0.136,0.047,0.009
kin_test_track_a_01189,iyi ngingo yakunze kutavugwaho rumwe mu bihe bitandukanye ku buryo hari n’abayobozi bo mu nzego za leta bagaragaza ko inkwano iri mu bituma umusore n’umukobwa iyo bamaze kurushinga babaho nabi kubera kumarira amafaranga menshi mu bukwe hakiyongeraho n’inkwano iremereye iba yatanzwe.,sadness,none,0.175,0.0,0.056,0.018,0.495,0.228
kin_test_track_a_01191,"iki kinyamakuru kigaragaza ko iyi ndwara yibasira ab’igitsina gore kurusha ab’igitsina gabo nubwo nta mpamvu yabyo izwi, ariko ngo abashakashatsi bagaragaje ko bishoboka ko imisemburo ya estrogen na progesterone ingana mu mibiri yabo ariko igakora mu buryo butandukanye ibigiramo uruhare.",sadness,fear,0.036,0.001,0.922,0.015,0.116,0.115
kin_test_track_a_01194,@<username> @<username> @<username> @<username> @<username> turamenyesha abantu twari twabwiye ko twibwe moto ko ubu yabonetse ##url##,joy,none,0.775,0.0,0.026,0.014,0.16,0.007
kin_test_track_a_01197,"yageze n’aho atanga nimero ya telefoni ye, ariko inshuro nyinshi yabwiwe ko yataha mu rwanda akaba ariho afashirizwa, yashwishurije uyu musore baganiraga.",sadness,surprise,0.175,0.0,0.019,0.025,0.558,0.775
kin_test_track_a_01199,ubu bukwe bwabaye mu ibanga rikomeye dore ko aba bombi nta mpapuro bigeze batanga zisaba gushyingiranwa mu buryo bwemewe n’amategeko.,surprise,none,0.138,0.0,0.011,0.024,0.577,0.241
kin_test_track_a_01203,"ati ""ntabwo fpr inkotanyi bari bafite intwaro zahagarika jenoside yakorerwaga abatutsi, ingabo zari nkeya n’ibikoresho byari bike, icyatumye bishoboka ni ubushake.",joy,sadness,0.503,0.0,0.01,0.031,0.698,0.171
kin_test_track_a_01205,"uribaza uko uzaba wangije izina ryawe n’abakiliya bayobye bisobanuye ngo hari ingaruka nyinshi mu kutarinda izina ryawe.""",anger,fear,0.391,0.001,0.354,0.04,0.484,0.154
kin_test_track_a_01206,yavuze ko ikindi kibazo gihari ari icy’ahantu hazwi ko hateza impanuka ariko ugasanga hadakosorwa vuba.,anger,fear+sadness,0.073,0.0,0.589,0.01,0.801,0.003
kin_test_track_a_01207,"mu ukuboza 1995, agatha habyarimana, gen bizimungu na gen kabiligi bagiriye uruzinduko muri zaïre, bahura n’abasirikare bakuru b’icyo bari boherejwe na perezida mobutu.",none,sadness,0.171,0.0,0.012,0.02,0.711,0.27
kin_test_track_a_01210,amakipe yombi yakomeje guhangana bikomeye yibanda cyane ku kugarira.,none,joy,0.007,0.007,0.008,0.757,0.052,0.449
kin_test_track_a_01212,"uyu mudepite yafashwe n’uburakari bwinshi mu biganiro byagarukaga ku ngurane zigomba guhabwa abaturage bo mu gace ahagarariye, bimuwe kubera ibikorwa by’ubucukuzi bw’amabuye y’agaciro.",anger,sadness,0.023,0.0,0.095,0.058,0.88,0.045
kin_test_track_a_01217,nonese buriya kubera iki inka igenda icebe ricuritse ariko amata ntameneke????,none,anger,0.828,0.002,0.12,0.007,0.348,0.522
kin_test_track_a_01219,@<username> nta bana b'abakire uzi apfusha umubyeyi akananirwa gucunga imitungo ye?,sadness,anger,0.949,0.0,0.006,0.005,0.133,0.016
kin_test_track_a_01220,@<username> xlm papa ewan amafaranga nibyose kbx ndemezako àmafaranga atanga ibyishimo kugera naho ibiceri 30 byatumyw umwana wimana ahohoterwa,surprise,anger,0.934,0.0,0.009,0.007,0.337,0.024
kin_test_track_a_01221,"uyu mukobwa ari kuvuga ngo mubwire niba naramuciye inyuma kuri diane, ntabwo azi ko iby'isi aramabanga 🤣🤣",none,surprise,0.715,0.0,0.019,0.002,0.314,0.923
kin_test_track_a_01223,@<username> @<username> @<username> umutungo kamere afurika ifite wakabaye uyikiza. abo wita umubyeyi bakabaye ari abafatanyabikorwa mu bwubahane,sadness,none,0.791,0.0,0.003,0.086,0.222,0.002
kin_test_track_a_01224,nkawe uratweeting ibyimipaka ya gatuna utazi na gatsata wakwicaye ugategereza moviti ko ariyo wabuze😂😂😂😂,anger,anger+surprise,0.84,0.002,0.027,0.01,0.179,0.843
kin_test_track_a_01226,@<username> ariko ko wifashe nka papa mbyitire bite? kankurwaneh nawe uzandwanaho kumunsi mubi.,joy,anger,0.916,0.001,0.006,0.009,0.125,0.012
kin_test_track_a_01229,muri bk arena abenshi bari bitabiriye bari biganjemo igitsina gore ndetse ku buryo hari uwo wabazaga muri abo akakubwira atikandagira ko ari uyu muhanzi watumye ashamadukira kuza.,joy,none,0.038,0.002,0.002,0.348,0.073,0.48
