id,text,gold,pred,p_anger,p_disgust,p_fear,p_joy,p_sadness,p_surprise
kin_test_track_a_00002,"yagize ati “nari nje mu kazi ngeze hano numva ngo perezida agiye kuhanyura, ni bwo nazengurutse ndazamuka njya mu igorofa rya mbere, imodoka zimaze kuza natunguwe no kwisanga hasi.",surprise,sadness,0.003,0.002,0.228,0.005,0.996,0.174
kin_test_track_a_00003,mu rwanda niho honyine umubyeyi agutonganya amasaha atanu🙄 yarangiza ngo ntanamagambo menshi ashaka kuvugana nawe😁😁,surprise,anger,0.38,0.0,0.004,0.046,0.022,0.005
kin_test_track_a_00004,@<username> mugerageze kunoza service. niba nagize ikibazo saa mbili mukagerageza kumbonera igisubizo saa kumi nimwe. nooo oyant rwose,anger+sadness,none,0.024,0.003,0.009,0.048,0.002,0.005
kin_test_track_a_00005,yitabye imana aheruka kugaragara mu ruhame mu 2021.,sadness,none,0.011,0.005,0.003,0.014,0.041,0.024
kin_test_track_a_00007,"abazigize bakora imirimo y’ubuhinzi budatanga umusaruro ufatika, bafite ubumenyi buciriritse kandi bahora bimuka bashakisha ubuzima.",none,sadness,0.003,0.002,0.005,0.04,0.801,0.0
kin_test_track_a_00008,@<username> @<username> @<username> cyaze uramuhaye tsu nawe nuko yumva yayibye bruh,none,anger,0.396,0.003,0.033,0.011,0.021,0.089
kin_test_track_a_00010,"@<username> murakoze cyane, turanyura muri iyinzira mutweretse",joy,anger+joy,0.111,0.0,0.025,0.331,0.028,0.003
kin_test_track_a_00011,niba ukundana numuntu agatangira kukubwira ukuntu aba ex be bari imbwa uzamenyeko ari wowe uzakurikiraho😒😂,anger,none,0.051,0.033,0.002,0.002,0.204,0.132
kin_test_track_a_00012,iyo imbuto itabonetse mu ntangiriro ngo ibe yujuje ubuziranenge usanga ari ikibazo.’’,fear,sadness,0.016,0.014,0.101,0.022,0.384,0.009
kin_test_track_a_00013,"uwimana wahinduye izina ry’akabari ke akakita akabenzi avuga ko hari abashoramari babiri bamusanze i kamembe batwara bamwe mu bakozi be botsaga ibenzi i rusizi, umwe ajya gutangiza ubucuruzi bwo kotsa ibenzi ku muhima, undi ajya kuyitangiza i musanze.",joy,sadness,0.001,0.001,0.006,0.034,0.927,0.013
kin_test_track_a_00014,ni ibintu ahuza no kuba abagana ayo mashuri bakiri mbarwa gusa akavuga ko hari icyizere ko abanyarwanda bazakomeza kwitabira ayo mashuri.,fear,joy+sadness,0.001,0.001,0.041,0.242,0.509,0.004
kin_test_track_a_00015,nta kabuza ko nagombaga gusimbukira mu gisimenti cya tumba ariko mu minsi igihe yahatembereye yasanze ari nka kimwe cya remera.,none,sadness,0.002,0.003,0.099,0.008,0.55,0.036
kin_test_track_a_00016,iyo njyanama yemeje ko inka buka muzajya muyicisha inzara kuriya ifite ibibazo bikomeye🤨 ##url##,none,sadness,0.023,0.005,0.005,0.002,0.47,0.0
kin_test_track_a_00017,miliyoni nyinshi z’ #abanyarwa bahanze amaso #amavubi uyu munsi. ni umunsi ukwiriye kuba uw’ibyishimo! @<username> ##url##,none,joy,0.001,0.001,0.001,0.969,0.001,0.009
kin_test_track_a_00018,@<username> gufata ifoto ndi hagati yabo ntacyo bitwayee🤷🏾‍♂️🤷🏾‍♂️,none,anger,0.144,0.002,0.001,0.011,0.017,0.091
kin_test_track_a_00020,@<username> ahubwo c ahazaza haracyahari aha wapi kuva kera niga naza primary bajyaga bamuvuga ukuntu ashitura boro none dore ndashaje,none,anger+sadness,0.332,0.003,0.007,0.004,0.315,0.005
kin_test_track_a_00024,"umuyobozi w’akarere ka nyaruguru, murwanashyaka emmanuel, yavuze ko umugoroba w’abagabo ari agashya keza, asaba ko bibaye byiza n’aho iyi gahunda itaragera bayigira iyabo kuko ifasha mu kugabanya amakimbirane yo mu ngo.",joy+surprise,none,0.0,0.001,0.0,0.012,0.044,0.001
kin_test_track_a_00025,"umuyobozi w’umuryango hear us initiative organization, rukinga irene, yagaragaje ko ihohoterwa rikorerwa mu kazi riri mu byiciro bitandukanye aho hari ibikorwa haba mu buryo bukora ku mubiri, mu bitekerezo cyangwa ku gitsina.",sadness,anger,0.202,0.001,0.063,0.056,0.069,0.004
kin_test_track_a_00026,"mu bakobwa ni nishimwe carine na tuyishimire rona batsinze abahindekazi ishi maheshwari na diya tamse 7-6(13) 6-4, bakazahura n’umunya-tanzania shana martin mao ukinana n’umunya-ghana sisu-makena tomegah.",none,surprise,0.002,0.0,0.005,0.073,0.066,0.991
kin_test_track_a_00027,@<username> @<username> yigize igisambo ku ngufu kand izo yibye zigira likes 3 gusa,anger,none,0.066,0.001,0.006,0.021,0.028,0.062
kin_test_track_a_00029,@<username> @<username> reka nkuremere uzavuge ngo ngo,none,anger,0.973,0.001,0.032,0.002,0.12,0.004
kin_test_track_a_00034,@<username> @<username> bro oe nuko utamuzi uburyo arenze,surprise,anger,0.637,0.001,0.001,0.003,0.006,0.066
kin_test_track_a_00036,"guverineri wungirije wa bnr, soraya hakuziyaremye, yavuze ko hakiri kare kuba rwayoboka andi mafaranga atari idolari, hakurikijwe ibihugu rucuruzanya nabyo cyane.",none,anger+fear,0.126,0.013,0.962,0.0,0.062,0.002
kin_test_track_a_00037,petit frère ngukunda kubi!!!! aha wagaragaje mwibanga amahitamo yaweee. ohhhh @<username> ##url##,none,joy,0.007,0.002,0.001,0.842,0.002,0.015
kin_test_track_a_00038,ese uretse ikigare wigeze utera ibuye kukarere zirakonera cg ubyumva nkanjye aha!?😂😂nese kuki batavuze intara!?😂😂,none,anger,0.892,0.007,0.013,0.004,0.037,0.181
kin_test_track_a_00039,"nk’umwana uri iwabo, abarundi bamweretse urukundo bafatanya kuririmba nyinshi mu ndirimbo ze.",joy,none,0.004,0.017,0.0,0.043,0.009,0.003
kin_test_track_a_00040,"umwuka mubi watangiye ubwo bari mu nama ya nato muri lithuania, minisitiri w’ingabo mu bwongereza, ben wallace avuga ko ukraine ikwiye gushimira igihugu cye kuko u bwongereza “ntawo ari amazon bagemurira intwaro.”",none,anger+sadness,0.104,0.0,0.168,0.011,0.614,0.012
kin_test_track_a_00042,ububiko bw’intwaro budacunzwe neza bushobora kuba intandaro y’iturika ry’ibisasu bikomeretsa cyangwa bigahitana ubuzima ndetse no gusenya ibikorwaremezo n’ibikoresho n’ibikoresho bihenze.”,fear,none,0.002,0.0,0.069,0.045,0.145,0.001
kin_test_track_a_00045,"uyu muhanga mu bijyanye n’indwara z’uruhu aburira abakozi ba za kompanyi z’indege barimo abapilote bakunda gukora ingendo nyinshi, kujya bitwarararika kuko baba bafite ibyago byinshi byo kugerwaho n’ingaruka z’iyo mirasire ku buryo uruhu rw’umuntu rushobora guhinduka nk’urw’umusaza imburagihe akazana iminkanyari akiri muto bikaba byanamuviramo kanseri.",fear,fear+sadness,0.004,0.008,0.89,0.006,0.582,0.003
kin_test_track_a_00046,fortunat biselele yatawe muri yombi muri mutarama uyu mwaka.,sadness,none,0.021,0.006,0.0,0.029,0.004,0.057
kin_test_track_a_00048,ibivoka byaboze bivamo inyo.,disgust,anger+disgust,0.314,0.885,0.083,0.011,0.05,0.076
kin_test_track_a_00051,@<username> @<username> bikwiye gukosorwa kugira ngo hatabaho gukoresha imvugo zitutuzuzanya pour ne pas dire ziviguruzanya,none,anger,0.266,0.001,0.096,0.008,0.008,0.025
kin_test_track_a_00054,"@<username> @<username> roventide fevuriye niho yavutse😹🎶🎶🎶🎼eehyeee -yeee niho yavutse, nta mugore ugenda bwije iyo agiye baramurya, yeeeee-eeh iyo agiye baramurya😅🎶",none,surprise,0.017,0.008,0.108,0.012,0.025,0.874
kin_test_track_a_00055,@<username> hahhhh uriya mwanzuro n'inyamibwa kd nawe uzawufata,joy,none,0.014,0.001,0.004,0.053,0.031,0.008
kin_test_track_a_00056,"hari kandi kwakira, gusezerera no gusubiza mu buzima busanzwe uwari mu ngabo z’igihugu mbere ya tariki 19 nyakanga 1994 n’uwari mu mutwe witwara gisirikare utahutse.",none,sadness,0.003,0.0,0.002,0.003,0.835,0.003
kin_test_track_a_00057,"@<username> @<username> @<username> @<username> nuko hasuzuguwe umugore, ntan'ubwo ari ugusuzugura, ni ugupfobya!",anger+sadness,anger,0.698,0.001,0.076,0.002,0.152,0.001
kin_test_track_a_00058,"umwunganizi we barrister ben myers, yabwiye urukiko ko umukiliya we yari umunayamurava kandi yakundaga akazi ke.",none,sadness,0.001,0.0,0.001,0.001,0.957,0.001
kin_test_track_a_00059,"nyir’ibikorwa by’ubucuruzi ajya gusaba inguzanyo muri banki, akishyura ½ cyarangira ikindi umushinga ukacyishingira.",none,surprise,0.006,0.001,0.06,0.039,0.069,0.85
kin_test_track_a_00060,twirinde izo violences tubane mu mahoro ✍️ ##url##,none,anger,0.544,0.001,0.004,0.022,0.035,0.002
kin_test_track_a_00061,"radio okapi yanditse ko ku wa gatandatu, tariki 29 nyakanga 2023, ibiro bya komisiyo y’igihugu y’amatora, ceni, mu mujyi wa bukavu byakongotse, hahiramo imashini zo gutoreraho 900, moto na bateri ndetse n’imirasire y’izuba.",sadness,joy,0.013,0.0,0.552,0.144,0.088,0.029
kin_test_track_a_00062,harigihe umuntu aba afite amahirwe yo kuza mubuzima bwawe ariko akirata nyuma kazifuza kuza utakimukeneye 😭😂😂🥱,anger,none,0.022,0.002,0.004,0.004,0.244,0.321
kin_test_track_a_00065,@<username> @<username> dutabare twese uyu mubyeyi jeanne 0788673956 murakoze ##url##,none,joy,0.016,0.0,0.046,0.329,0.06,0.001
kin_test_track_a_00068,"uhagarariye ikigo, koperative cyangwa ishyirihamwe na we azitwaza indangamuntu ye n’agatabo ka banki.",none,sadness,0.034,0.004,0.085,0.028,0.309,0.029
kin_test_track_a_00070,"dr didas kayihura waganiraga na rba, yavuze ko na mbere y’uko muri sudani habaho ibi bibazo by’intambara, hari ibiganiro byari byaratangiye hagati y’impande zombi waganishaga ku bufatanye.",none,sadness,0.005,0.009,0.008,0.051,0.386,0.011
kin_test_track_a_00071,nariye ibiryo bifite impumuro mbi,disgust+sadness,disgust,0.006,1.0,0.007,0.0,0.001,0.001
kin_test_track_a_00072,japhet yateye urwenya rw’uko i rukara yahasanze isuku idasanzwe kuko iri no mu mifuka y’abahatuye n’abanyeshuri.,joy,sadness,0.003,0.026,0.002,0.006,0.781,0.0
kin_test_track_a_00073,@<username> @<username> @<username> arifata agashyiraho umuntu wananiwe gusimbuka urukuramende rwa santimetero 50 koko?😏😏🤣😂,sadness,anger,0.75,0.002,0.013,0.003,0.021,0.3
kin_test_track_a_00074,kugeza ubu nubwo uyu muhanzi ntacyo aratangaza kuri iyi nkuru y’akababaro dore ko ari inkuru imenyekanye ari muri finland mu rugendo rw’ibitaramo afite ku mugabane w’u burayi.,sadness,none,0.001,0.0,0.009,0.037,0.105,0.125
kin_test_track_a_00075,senateri murangwa yavuze ko kibazo kiri mu bikoma mu nkokora gahunda yo gukumira no kurwanya impanuka ari icyo kuba hari umubare munini w’ibinyabiziga bigenda mu muhanda bidafite ubwishingizi.,anger,sadness,0.003,0.001,0.041,0.002,0.827,0.0
kin_test_track_a_00077,shaddyboo kuva yerekeje i burayi muri werurwe 2023 yakunze kugaragaza ko akumbuye bikomeye manzi ajya yita ‘sugar daddy’.,none,sadness,0.001,0.001,0.005,0.031,0.4,0.561
kin_test_track_a_00079,niyo mpamvu nsaba abazahugura aba bakobwa kujya babaha ibibazo bakifashisha ikoranabuhanga biga mu kubikemura kuko ikoranabuhanga ridakemura ibibazo by’abaturage ntacyo rimaze.”,anger,none,0.011,0.012,0.014,0.028,0.261,0.018
kin_test_track_a_00081,"@<username> @<username> ikibazo si aho byabereye , ibyabere i bigogwe byabera n'ahandi . ikibazo ni ubuzima bwatwawe , kandi ikiguzi giciriritse . memory card ? 😬",anger+sadness,none,0.013,0.001,0.214,0.022,0.106,0.001
kin_test_track_a_00082,mbere y’ibi kizz daniel witwaga kiss daniel mu 2018 yahaye abafana be amafoto ari kumwe na chidinma bafite ‘tattoos’ zisa ku mibiri yabo.,none,sadness,0.001,0.0,0.004,0.019,0.928,0.011
kin_test_track_a_00083,ariko buriya niyihe mpamvu iyo umuntu amaze kurya ahantu hatari iwabo/iwe ahita yumva ashatse gutaha ??😎,surprise,none,0.008,0.418,0.011,0.002,0.033,0.206
kin_test_track_a_00084,"@<username> @<username> niba ari njye ugira amarangamutima niba atari atari njye.....genda rwanda urakagira imana ,uragahoraho rwanda.@<username> wubahwe",joy,anger,0.124,0.001,0.045,0.024,0.009,0.028
kin_test_track_a_00085,"ahazaza hawe hagize uhamenya yakwiyegereza cg akaguhunga , ariko hashimwe imana ikubonamo icyo isi itakubonamo #fridaymotivation #happyfriday",none,anger+sadness,0.314,0.0,0.026,0.006,0.352,0.002
kin_test_track_a_00095,"ati “afurika ni igihangange, abanyafurika ni ibihangange ariko mu by’ukuri, igihe kirageze ntabwo mukeneye guhora mwibutswa, mugomba kubimenya, mukabyakira kandi tukaba ibihangange turi byo kandi tugomba kuba.”",anger,anger+fear,0.143,0.001,0.854,0.011,0.033,0.007
kin_test_track_a_00097,fils peres mwese nyuma ya chogam mufite inama muzasobanure uko bariya bana mwihakanye bazabaho🤸🤸🤸🤸,anger,anger+sadness,0.092,0.004,0.0,0.004,0.749,0.005
kin_test_track_a_00098,ndashima imana ko ababyeyi babapfakazi iteka batajya babur ibyo baha abana babo cg abo batunze #gushimafriday,joy,sadness,0.025,0.006,0.005,0.003,0.944,0.0
kin_test_track_a_00100,ngo ubu ko twari dufite ishyirahamwe ry’abagore turaba aba nde?,sadness,none,0.02,0.001,0.003,0.03,0.049,0.009
kin_test_track_a_00102,"yandikaga ari iwabo aho ababyeyi be bari batuye mu bubiligi, akandika amagambo yisuka atazi aho ari kuyavana nk’uko yabibwiye w magazine.",surprise,sadness,0.001,0.001,0.001,0.004,0.83,0.572
kin_test_track_a_00103,"ati “nubwo navuze ko fdlr iri hano ariko noneho bari banafite umugambi wo gutera grenade muri uyu mujyi [wa rubavu], na ndetse batubwira ko zamaze no kwinjira.",fear,sadness,0.063,0.002,0.355,0.008,0.951,0.007
kin_test_track_a_00104,@<username> @<username> @<username> harya nangahe ngo nyohereze,none,anger,0.769,0.001,0.006,0.001,0.012,0.002
kin_test_track_a_00105,@<username> nonex uzigute ko atarimo kwihorera 🤷🏾 wasanga baramwiciye umwana cgw ababyeyi nimugahubuke ngo muzanibinu namakuru yuzuye mufite,none,anger+sadness,0.186,0.001,0.016,0.002,0.713,0.001
kin_test_track_a_00108,ubushinjacyaha bwari bukurikiranyeho ab godwin usanzwe akora amashusho y’indirimbo na filime icyaha cyo gukoresha indege itarimo abapilote mu rwanda nta ruhushya abifitiye.,sadness,none,0.002,0.003,0.001,0.081,0.006,0.106
kin_test_track_a_00111,"@<username> abana barahari bo kujya mu kibuga bakaba aribo batsindwa tukavugako wenda barimo gutegurwa, mashami se niki adafite?",anger,none,0.044,0.001,0.003,0.019,0.029,0.339
kin_test_track_a_00112,"nubwo mu rwanda imibare itoroshye kuyibona ariko usanga umubyeyi ufite telefone igendanwa, biba bishoboka ko umwana we azayikoresha kandi akaba yareba bimwe mu bidahuye n’imyaka ye, cyangwa amakuru ye agashyirwa ku karubanda mu bisa n’imikino.",fear,fear+sadness,0.009,0.002,0.956,0.006,0.861,0.03
kin_test_track_a_00113,"musenyeri andré perraudin ni we mubyeyi wa parmehutu kuko yayireze kuva ikivuka arayikuza, kugeza inyigisho zayo zisenye u rwanda mu 1994.",anger+sadness,sadness,0.001,0.001,0.002,0.068,0.746,0.013
kin_test_track_a_00114,"@<username> @<username> yiiiii. akumva yagusebeje, rwose yakukubabaje. ukugirango abantu bari bazi ko umubiri wawe udakora! 😂😂😂 so stupid!",anger,none,0.078,0.004,0.019,0.036,0.006,0.049
kin_test_track_a_00115,"@<username> iki nicyo gituma mwitwa gahuza miryango ?? cg nibwo budasa bwa #bbc ? mukomeje gusenya benshi aho kubahuza intego yarahindutse, murananiwe !",anger,joy,0.074,0.0,0.058,0.16,0.005,0.163
kin_test_track_a_00118,"#ubutwari2022 """"umuntu ufite audience aba afite ibintu byose!"""" ##url##",none,anger,0.825,0.0,0.064,0.03,0.053,0.005
kin_test_track_a_00119,"@<username> @<username> @<username> umva mbese, wowe fata turuwasa zawe uzishore neza urebe ko utazagafata tukumirwa",none,anger,0.159,0.006,0.018,0.046,0.002,0.023
kin_test_track_a_00120,"iyo uganiriye n’abahanga mu myubakire bakwereka ko buriya ubukonje bwibasira inzu buturuka hasi mu butaka bityo iyo utabanje kwita ku musingi w’inzu yawe ngo iyo myuka ihere mu butaka, ntakabuza inzu irangirika.",none,fear+sadness,0.055,0.011,0.887,0.024,0.317,0.106
kin_test_track_a_00121,ariko sinzi niba rainge ngenyine ubona ko @<username> itanga service nziza habe namba. cyaze @<username> @<username> mubatubwirire ko ibintu atari sawa😡 ##url##,anger,joy,0.067,0.0,0.019,0.708,0.002,0.015
kin_test_track_a_00122,@<username> uriya ntajya atenguha abantu be,joy,sadness,0.016,0.002,0.007,0.003,0.9,0.001
kin_test_track_a_00123,@<username> hey namenye ko: uzirinde guta igihe mu gihe ufite igihe kandi utegereje igihe.,none,anger+sadness,0.504,0.001,0.019,0.002,0.365,0.002
kin_test_track_a_00124,"we yagize ati ""hano naharwarije umuhungu wari wahuye n’impanuka none umudamu we nawe yaje kubyarira hano ku bitaro.",surprise,sadness,0.002,0.012,0.01,0.006,0.986,0.009
kin_test_track_a_00125,"iyo imaze kwinjira mu muryango w’ibagiro barafunga, bakayirasa amashanyarazi atuma itakaza ubwenge ariko idapfuye kuko iyo umukozi ayikata ijosi ubona yikanze, bivuze ko igifite ubuzima.",none,anger+sadness,0.19,0.019,0.423,0.003,0.424,0.168
kin_test_track_a_00127,muri resitora twariragamo hari ikigabo kirya gifite ikimwira,disgust,disgust+sadness,0.004,0.824,0.01,0.014,0.413,0.015
kin_test_track_a_00129,@<username> @<username> wishyire wizane muri byose urangwe nishyaka uterimbere none uraganje mubwigenge tugukomeyeho uko turi tweseeeeeeeehhhhhh,joy,anger,0.316,0.0,0.039,0.019,0.019,0.01
kin_test_track_a_00130,"mu mpera z’icyumweru gishize, u burusiya bwatangaje ko bwaburijemo igitero cya drones cyari cyagabwe na ukraine mu kirere cy’umurwa mukuru, moscow.",none,sadness,0.001,0.001,0.05,0.004,0.694,0.091
kin_test_track_a_00131,"@<username> rata ibyo uvuze ni ukuri❤👌👌 ahubwo waretse match itaha tukazayirebera hamwe, rwose binkorere pee🙏",none,joy,0.042,0.001,0.002,0.131,0.001,0.009
kin_test_track_a_00134,coolest man on earth!,none,anger+joy,0.111,0.001,0.003,0.177,0.007,0.07
kin_test_track_a_00136,equipe y’u rwanda ihagaze neza muze tubashyigikire! dore abakinnyi bo guhanga amaso! ##url##,none,joy,0.002,0.0,0.002,0.606,0.006,0.008
kin_test_track_a_00137,niba uzi ibintu ubifite neza ukagera mu kizamini ntubashe no kubura amaso ngo urebe ukubaza burya uba watsinzwe.,none,disgust,0.029,0.69,0.003,0.003,0.007,0.162
kin_test_track_a_00139,n’iyo ubajije abaturage barakubwira bati ‘iyo umukozi ushinzwe gutanga ibyangombwa byo kubaka akubwira ngo dosiye ‘ntiragaruka’ aba ashaka kwaka ruswa.”,sadness,none,0.069,0.013,0.207,0.009,0.087,0.037
kin_test_track_a_00141,@<username> aha ntacyo tubaveba. tubashyigikire tariki 26/01/2021 bazadutere gusimbuka tukajya mu bicu.,joy,sadness,0.034,0.001,0.021,0.006,0.382,0.001
kin_test_track_a_00143,@<username> ikigali ntitwabona umwanya wo guteka imitwe ngo tunabone uwo kotsa runonko 😒,none,anger+sadness,0.975,0.002,0.008,0.001,0.561,0.017
kin_test_track_a_00147,"nyuma, uyu muyobozi yaje kwandika ko hari drone yarasiwe mu kirere cy’iyi ntara, ariko ntabwo yemeje niba ari nayo yagabye igitero cya mbere.",none,sadness,0.006,0.0,0.213,0.008,0.79,0.323
kin_test_track_a_00148,uziko kubera ibiyoga yaraye aruka ijoro ryose,disgust,disgust+sadness,0.006,0.941,0.001,0.001,0.327,0.038
kin_test_track_a_00149,bibiriya itwigisha byose bidufitiye umumaro muri ibi bihe ndetse n'ibituzanira ubugingo twirinde impaka z'amategeko ##url##,none,anger,0.154,0.027,0.32,0.005,0.026,0.002
kin_test_track_a_00150,"banasobanuriwe ko kwanga kwishyura ku bushake bigira ingaruka kuko utishyuye bituma ashyirwa ku rutonde rwa ba bihemu, bigatuma nta kigo cy’imari gishobora kumuha inguzanyo.",none,fear+sadness,0.028,0.003,0.981,0.002,0.548,0.001
kin_test_track_a_00151,uburyo uyu muhanzikazi aba aririmba afatanyije n’itsinda ry’abamufasha n’abacuranzi barimo n’abazungu biri mu byatunguranye.,surprise,joy,0.0,0.001,0.0,0.386,0.03,0.003
kin_test_track_a_00152,"ku gisenyi amafi yatangiye gupfa, ikirunga cyabaye ikirunga wallah! @<username> #gomavolcan #nyiragongo ##url##",fear,none,0.024,0.006,0.046,0.007,0.129,0.004
kin_test_track_a_00154,@<username> @<username> @<username> @<username> @<username> @<username> @<username> @<username> @<username> @<username> @<username> @<username> @<username> @<username> @<username> @<username> @<username> @<username> @<username> @<username> harya ubu @<username> niwe wakwugishihe ukuri? yarakuroshye nkuko yoheje #donatha agata akazi ngi agiye kumushyingira umuzungu. murahonnye,anger,none,0.052,0.002,0.002,0.022,0.027,0.163
kin_test_track_a_00155,@<username> ikibazo mushyiramo nabatabakeneye batareba na tweet zanyu none za small fish dufite agashiha,anger,none,0.054,0.001,0.099,0.037,0.013,0.005
kin_test_track_a_00157,sinzibagirwa umunsi maman yanze ko nsiba ishuli kandi namusobanuriye neza ko umutima uri kundira mu mavi 😒😭😂😂,surprise,anger,0.116,0.01,0.005,0.003,0.237,0.573
kin_test_track_a_00159,"u rwanda ni igihugu cyagiye cyubakira ku mateka akakakaye amaze imyaka isaga 1723 (30-2023), yose yabayemo ibikorwa byinshi byo kuruhanga, kurwubaka no kuruhengamura rugiye kuzima, rukongera rukajya mbere.",surprise,joy,0.006,0.001,0.017,0.175,0.029,0.463
kin_test_track_a_00160,@<username> ayiwe ! itahire n'ubundi ibi ni urupfu🤣! ubu se ni ukurya cg ni ukuzuza igifu mpaka uheze umwuka🙈,sadness+surprise,anger,0.624,0.006,0.019,0.018,0.005,0.009
kin_test_track_a_00161,"aline gloriose uwizigiye, umwe mu barokotse jenoside yakorewe abatutsi i nyanza ubu uba mu bufaransa, yatangaje ko ibikozwe kuri biguma byerekana ko aho umujenosideri wese ari azacirwa urubanza.",joy,none,0.081,0.004,0.016,0.007,0.193,0.014
kin_test_track_a_00163,uyu mugabo bivugwa ko yashukaga aba bana akabajyana mu rugo iwe akaba ariho abasambanyiriza.,sadness,sadness+surprise,0.018,0.043,0.493,0.006,0.626,0.853
kin_test_track_a_00164,niba uri single urareba vow ngobikumarire iki wakomeje ukareba ibinyafu.?,anger,none,0.043,0.339,0.003,0.005,0.002,0.149
kin_test_track_a_00165,"mu nama y’igihugu y’umushyikirano ya 18 , minisitiri w’ubuhinzi n’ubworozi, dr musafiri ildephonse [icyo gihe yari akiri umunyamabanga wa leta muri iyi minisiteri] yavuze ko kugira ngo u rwanda rwihaze mu biribwa, hakenewe gushyirwa imbaraga muri gahunda zigamije kongera umusaruro.",none,sadness,0.001,0.001,0.003,0.03,0.792,0.001
kin_test_track_a_00166,"ati “kuzimya biri kugorana kubera ikibazo cy’umuyaga, abaturage bari kwifashisha amasuka n’ibitiyo bagaca nyirantarengwa hakaba aho igiti gishya cyangwa kigakongeza umuriro hakurya y’aho abaturage baciye nyirantarengwa, indi mbogamizi ni umuyaga kuko nawo uri gutiza umurindi umuriro.”",fear,sadness,0.013,0.001,0.702,0.0,0.956,0.001
kin_test_track_a_00167,birazwi ko bene izo mvugo zenyegeza urugomo kandi zikabangamira imibanire myiza n’imikoranire y’abenegihugu.,sadness,anger+joy,0.213,0.0,0.293,0.163,0.038,0.01
kin_test_track_a_00168,"ange, ngutirire speakers umbwirire n'abinyuma? uku ni ukuri 300% ##url##",none,anger,0.604,0.0,0.132,0.013,0.255,0.011
kin_test_track_a_00170,@<username> mwabantumwe harindi network yihuta kurusha mango mumbwire kabisa byarandenze ahubwo mango narabasabye ngo bazanyihere akazi 🤣 mbakorere kuko ndabakunda kabisa💪🙏💚💚💚 ##url##,none,joy,0.001,0.0,0.0,0.988,0.001,0.004
kin_test_track_a_00173,kuko nihatabaho kubirengera bizatuma ubuzima bugenda nabi bityo amahoro ntakomeze kubaho.”,fear,joy,0.003,0.005,0.009,0.903,0.018,0.002
kin_test_track_a_00175,@<username> @<username> @<username> @<username> @<username> @<username> @<username> @<username> @<username> @<username> ntabwo abeshya ahubwo ararembye kuko imikorere nimivugire ye igaragaza uburwayi bufite ikigero cyamujyana i ndera kwiberayo ubuzima bwe bwose,sadness,anger+sadness,0.378,0.001,0.233,0.003,0.663,0.001
kin_test_track_a_00178,nubwo bimeze bityo ariko abaturage bagenda bimuka bakava mu ntara imwe bajya mu yindi kubera impamvu zitandukanye.,none,anger+sadness,0.213,0.033,0.112,0.021,0.723,0.002
kin_test_track_a_00179,@<username> @<username> he n’umubyeyi urangwa n’impuhwe kandi ikizere ngufitiye nuko guhinduka byo aribyawe. wagize neza gutera intabwe yagitwari.,joy,none,0.076,0.011,0.136,0.006,0.108,0.001
kin_test_track_a_00181,"amakuru igihe yahawe na bamwe mu bakobwa bavuga ko ukuntu imyambarire isigaye imeze, bigoye kwambara ikariso kuko bihita bigaragara nabi.",surprise,fear+sadness,0.029,0.008,0.901,0.006,0.969,0.441
kin_test_track_a_00182,"nubwo abaturage batabyishimiye, abasesenguzi mu bukungu bemeza ko aribyo byiza kuko bizarinda leta gukomeza kongera amadeni.",none,fear+sadness,0.018,0.001,0.918,0.039,0.307,0.007
kin_test_track_a_00183,"umva se bantu banjye, niba ntaribi se mwantoreye umuvandimwe. kandi nukuri muraba mumfashije pe ❤❤❤ #amiresilienceprize. link: ##url## 🔥 ##url##",none,joy,0.001,0.0,0.004,0.969,0.035,0.028
kin_test_track_a_00187,"iyo abantu benshi basoze make make, kenshi birusha guca menshi ashobora abantu bake.",none,sadness,0.011,0.028,0.05,0.035,0.374,0.058
kin_test_track_a_00188,"minisitiri munyangaju yavuye ahatangirwaga igikombe, akuramo amadarubindi ye abanza kuyahanagura mu gihe mucyo didier yabaye nk’umusabye imbabazi ko yamumennyeho iyi nzoga.",sadness,none,0.002,0.001,0.003,0.037,0.091,0.422
kin_test_track_a_00189,yavuze ko iperereza ryimbitse ryatumye ifatwa rya kayishema rishoboka ryanyuze mu bufatanye bwa afurika y’epfo hamwe n’itisinda ryashyizweho ryashyizweho na perezida ramaphosa kugira ngo rifashe itsinda rya irmct gukurikirana iyi dosiye.,none,sadness,0.007,0.0,0.025,0.007,0.814,0.003
kin_test_track_a_00190,@<username> cyane. ntiwaba wambaye ubusa ngo urambika umuturanyi,anger,sadness,0.067,0.022,0.023,0.002,0.563,0.001
kin_test_track_a_00192,@<username> hahahahh reka nicecekere sinjya ntukana gsa ubanza baba batarimo 2 hhhhh,none,anger,0.543,0.004,0.003,0.01,0.004,0.284
kin_test_track_a_00195,@<username> uwiteka ari ku ngoma niwe utubereye maso. humura. yesaya 41:10,joy,none,0.004,0.001,0.001,0.029,0.004,0.001
kin_test_track_a_00196,"ati “mureke dusenge imana nk’iyumva, hari abantu bavuye mu ngo bagiye mu myobo bakavamo banarwaye cyangwa bameze nabi ngo barasenga, ntabwo ari databuja w’umugome.",anger,anger+sadness,0.443,0.003,0.027,0.002,0.936,0.021
kin_test_track_a_00197,"ni ubwa kabiri bukozwe ku rwego rw’igihugu bugamije kureba ibishobora gutuma izo ndwara ziyongera, bikanatanga umurongo wo kuzikumira.",none,fear,0.022,0.007,0.908,0.048,0.019,0.002
kin_test_track_a_00199,bamwe ibyo baba bitezweho babigeraho abandi ugasanga inzozi n’urugendo rwabo birangiye bigicagase ndetse ibyari bibategerejweho bikarangira bitabaye habe na mba.,sadness,anger,0.09,0.001,0.115,0.005,0.299,0.074
kin_test_track_a_00200,"iyo amaze kubihamena bamwe mu baturage batoragura bya bitiritiri bakabigurisha abatwika amatafari mu matanura, naho abana bo bagatoraguramo bya bigori byapfuye bakabivungura, bakabigurisha.",none,sadness,0.015,0.015,0.23,0.005,0.928,0.014
kin_test_track_a_00202,"umutwe wa wagner watangaje ko wiyemeje gusenyura inzego z’igisirikare cy’u burusiya, ni mu gihe ibiro by’iperereza mu burusiya byatangaje ko byatangiye gukurikirana umuyobozi wa wagner, yevgeniy prigozhin ku byaha birimo gukangurira abantu kujya mu mutwe witwaje intwaro no gushaka guhirika ubutegetsi bwa vladimir putin.",anger,none,0.016,0.0,0.01,0.022,0.008,0.222
kin_test_track_a_00206,"imana yashyize mu bantu ibitekerezo by’igihe cyahise n’igihe kizaza, nyamara ntibashobora kumenya ibikorwa by’imana uhereye mu ntangiriro ukageza mu iherezo.”",none,anger+sadness,0.286,0.001,0.188,0.008,0.343,0.002
kin_test_track_a_00208,"wari umukino ukomeye kuko nta kipe yifuzaga kuwutakaza, kandi zifatwa nk’ikipe zihanganiye ibikombe byombi mu rwanda.",joy,surprise,0.016,0.001,0.086,0.02,0.056,0.9
kin_test_track_a_00209,"arata umwanya, kuko ibye birazwi ku buryo buhagije. amateka ye mabi n'uyo yabloka abantu bose ntiyasibangana. ##url##",anger,joy,0.013,0.001,0.016,0.181,0.235,0.121
kin_test_track_a_00211,"mu buhamya bw’uko yabanye na pasiteri niyonshuti, umuyobozi w’itorero rya zion temple i ntarama mu bugesera, pasiteri olivier ndizeye, yavuze ko yamenyanye na pasiteri niyonshuti byisumbuyeho aho yari yamutumiye mu materaniro yo kurwanya ikoreshwa ry’ibiyobyabwenge mu rubyiruko.",none,sadness,0.0,0.0,0.0,0.095,0.307,0.009
kin_test_track_a_00212,sebudandi yakomeje asobanura ko muri kayonza bafite inka z’inyambo zitari nyinshi cyane ariko asobanura ko ba nyiri uruganda bazakorana n’abandi borozi bo hirya no hino mu gihugu basanzwe bafite izi nka kuburyo ngo bizeye neza ko litiro 400 batazazibura.,joy,none,0.004,0.001,0.524,0.108,0.152,0.026
kin_test_track_a_00213,waje buhoro buhoro buhoroooh.... wicara mumutima wanjye ...... none utangiye kuguguna umutima wanjye💔 ibyo nibyo unyituye koko😭,sadness,anger+surprise,0.621,0.017,0.074,0.008,0.232,0.816
kin_test_track_a_00216,"ati ""kabuye (uruganda nyarwanda rukora isukari) tuvuga nta nubwo ihaza igihugu kugeza ku 10%.",anger,joy,0.001,0.005,0.013,0.237,0.006,0.015
kin_test_track_a_00217,muntu unkuye kuri 666 ndagushimiye sibyo 🙆🏽‍♂️✌️🙏,joy,anger,0.152,0.002,0.001,0.013,0.028,0.008
kin_test_track_a_00218,"iyi nigga, ubundi ifite uwuhe mudayimoni koko?😰😰#jay wa cyera kweri yagiye he? #drugs &amp; #prison niyo mirongo yasimbuye #umwami uganje, #akanyarirajisho n'izindi🤣🤣 ##url##",anger,surprise,0.003,0.001,0.017,0.026,0.08,0.98
kin_test_track_a_00219,"yakomeje avuga ko guhuza inkuru z’ibihe bikomeye aba kera babagamo byo ‘guterura’ n’uyu munsi byabanje kubagora, cyane ko atabibayemo.",none,sadness,0.008,0.001,0.652,0.043,0.75,0.014
kin_test_track_a_00225,"perezida wa komisiyo y’ububanyi n’amahanga, ubutwererane n’umutekano, bugingo emmanuel, avuga ko gushyiraho itegeko rishya bizakuraho ibyuho byagaragaraga mu ryari risanzweho.",none,anger,0.128,0.0,0.018,0.008,0.006,0.009
kin_test_track_a_00226,"@<username> @<username> gutera ibuye ahantu nk'aha, ni amahano mbambaroga. #rwot",none,anger,0.679,0.006,0.215,0.004,0.025,0.003
kin_test_track_a_00227,"iyi nkuru isa nk’iyaciye igikuba mu bakunzi b’urucaca bibazaga ukuntu iyi kipe igiye kwishyura aka kayabo ku bakinnyi batigeze bakinira ikipe yabo, kongeraho ko bari no mu bihe byo kugura abakinnyi bashya.",sadness,joy+sadness,0.001,0.0,0.113,0.379,0.348,0.74
kin_test_track_a_00232,"“nyuma yaho gato, ahagana ku isaha ya saa mbiri, mu murenge wa matimba mu karere ka nyagatare haje gufatirwa andi mabalo ane ya magendu y’imyenda ya caguwa, ubwo nyirayo yari amaze kuyigeza mu rugo, abonye inzego z’umutekano aratoroka.”",none,sadness,0.04,0.001,0.112,0.002,0.978,0.02
kin_test_track_a_00233,"kuki usanga abitwa ba """"kavukire"""" batumvikana n'abitwa """"abimukira"""" ndetse ugasanga abapangayi batumvikana na ba nyir'amazu bakodesha? @<username>",fear,sadness,0.013,0.001,0.052,0.01,0.977,0.006
kin_test_track_a_00234,saa kumi n’ebyiri z’umugoroba nibwo uyu mwana w’imyaka 10 yaturikanywe n’iyi grenade ubwo yari ari kuyihonda ngo ayikuremo ibyuma byo kugurisha.,sadness,none,0.004,0.007,0.001,0.062,0.022,0.372
kin_test_track_a_00237,"umwana ujya muri siporo bimufasha kugira ubuzima bwiza, akabona icyo ahugiraho aho kujya mu bindi bitamufitiye akamaro.""",none,joy,0.008,0.086,0.002,0.147,0.005,0.003
kin_test_track_a_00239,urukundo ruzacogora muri benshi kubera ko ubugome buzaba bwiganje.,sadness,none,0.011,0.093,0.288,0.094,0.053,0.077
kin_test_track_a_00240,@<username> ndumva nanjye nanjoinga abo badafite ubwenge nuko nsanze ndi mubi😥,none,anger+sadness,0.599,0.004,0.046,0.001,0.863,0.001
kin_test_track_a_00242,"darren moss jr umwe mu bayobozi bo mu gace uwo mugore atuyemo, yavuze ko batazamufunga bya burundu, ahubwo ngo azamara iminsi 45 acungirwa hafi mu cyumba yafungiwemo kugira ngo anywe imiti.",none,sadness,0.02,0.001,0.193,0.003,0.997,0.126
kin_test_track_a_00243,@<username> nonex uwo mwana nago azikubara amafaranga kombona yabishyuraga akibagirwa50 kuri burimuntu uyumwana yaradamaraye,anger,anger+sadness,0.117,0.001,0.009,0.001,0.901,0.0
kin_test_track_a_00244,"ibi bifitanye isano no kuba abagore barahawe rugari bakiga ndetse bakaminuza, kuko ya mibare yerekana ko abagore babashije kwiga amashuri yisumbuye cyangwa kurenzaho bafite umubare uri hasi w’abana babyaye (abana 3.4 ku mugore), mu gihe abagore bize amashuri abanza gusa cyangwa arengaho gake babyaye abana benshi (abana 3.9 ku mugore.",fear,sadness,0.003,0.0,0.059,0.007,0.996,0.003
kin_test_track_a_00246,@<username> yago nawe turakwemera kuri you tube bro keep in touch bro buriwese akore ibye kandi abikore neza atiganda,none,anger,0.17,0.004,0.001,0.003,0.028,0.002
kin_test_track_a_00247,@<username> @<username> byo byo amaraso ntiwayaheza! n'ay'itungo arasama nkanswe ay'inzirakarengane itacumuye!!!,none,anger+sadness,0.994,0.002,0.01,0.0,0.325,0.004
kin_test_track_a_00249,ese namwe mubona uburyo ibintu bya munyangire byeze!?nonese biterwa niki koko!?mwaretse tugafashanya uko dushoboye ko ntawuramba nka nyiragongoo!🙏,sadness,anger,0.969,0.0,0.028,0.052,0.012,0.002
kin_test_track_a_00251,iyo hari ubushyuhe bwinshi umubyimba ndetse n’uburebure bw’icyuma biriyongera mu gihe mu bihe by’ubukonje wa mubyimba ndetse n’uburebure bishobora kongera kugabanuka.,none,fear+sadness,0.005,0.01,0.943,0.025,0.308,0.14
kin_test_track_a_00255,“biteye isoni kubona imitwe yitwaje intwaro yatumye ibyo bihe bidasanzwe bishyirwaho ubu yarahindutse abafatanyabikorwa ba guverinoma.”,anger+sadness,sadness,0.006,0.002,0.279,0.011,0.873,0.011
kin_test_track_a_00256,batatu bafunzwe bakurikiranyweho kugerageza gutwika inyubako yo mu gakiriro ka gisozi ##url##,none,sadness,0.002,0.002,0.036,0.023,0.761,0.004
kin_test_track_a_00260,@<username> @<username> @<username> ahhhh! ariko se bariya bakinnyi babiri ntibakoze obstructions kuri olivier!!! yemere akubitwee,anger,joy,0.016,0.0,0.006,0.256,0.004,0.151
kin_test_track_a_00262,"very sad! umwana w'ukwezi 1 koko...😠, nyamara izi nyagabirama ziba zifite uburwayi bwo mumutwe! ntamuntu muzima wakora aya mahano❌ ##url##",anger+sadness,sadness,0.02,0.001,0.845,0.004,0.981,0.017
kin_test_track_a_00263,@<username> uracyeye muhungu wanjye! uyu mwaka uwiteka akomeze agutotobeke wakire amahanga yose!,joy,none,0.015,0.001,0.001,0.002,0.107,0.0
kin_test_track_a_00264,"tariki 2 werurwe 1982, bikira mariya yabonekeye marie claire mukangango.",none,sadness,0.0,0.0,0.0,0.064,0.501,0.007
kin_test_track_a_00265,mwiriwe neza mbese kuvugishukuri byagutwariki utagiye kumbuga nkoranya mbaga ngubeshye isi yose !?,anger,none,0.054,0.455,0.002,0.022,0.006,0.55
kin_test_track_a_00266,"@<username> @<username> @<username> ikindi kuba yari gufunga umuhanda umupolisi arebera kandi abona ko bishoboka gukemura ikibazo, ubu nibwo bunyamwuga.",none,sadness,0.002,0.001,0.008,0.011,0.584,0.001
kin_test_track_a_00268,@<username> kubona abasore bashoboye gukoresha amaboko n'umutwe bari #kwimaringa ngo barashaka ikamba nanjye byanteye impungenge.,anger+fear,anger+sadness,0.578,0.002,0.045,0.002,0.808,0.001
kin_test_track_a_00270,@<username> oya. twavuga twembi. ibaze kuncecekesha ku bukwe bw'umwana wanjye! uziko rubanda batinyuka!,anger,none,0.012,0.004,0.009,0.05,0.008,0.01
kin_test_track_a_00271,umuntu uri gusaba umwanya ngo atange ibitekerezo 🤌🤌🤌🤌😂😂😂😂😂😂😂,none,anger,0.983,0.002,0.003,0.003,0.038,0.122
kin_test_track_a_00272,senateri mugisha yasabye abayobozi ba rura kwikubita agashyi kugira ngo ijye ibasha gufasha abaturage gushyira mu bikorwa amabwiriza ishyiraho cyangwa ashyirwaho n’izindi nzego zikorana na rura.,anger,joy,0.002,0.002,0.002,0.88,0.013,0.006
kin_test_track_a_00273,yongeyeho ko adashimishwa n’ubuzima babayemo kuko ahuriramo n’ingorane umunsi ku wundi zirimo kwicwa n’inzara n’imbeho ya nijoro no guhohoterwa.,anger,sadness,0.078,0.005,0.142,0.014,0.638,0.0
kin_test_track_a_00274,umubiri wose wuzuye ibibembe ntawifuza kumureba kubera uko biba bizana amaraso,disgust,disgust+sadness,0.001,0.987,0.024,0.001,0.624,0.001
kin_test_track_a_00277,bene iyo mibare ngo yatumye awdo ishaka ibitera abangavu guterwa inda zitateganyijwe kugira ngo ifashe mu kubishakira umuti aho gutegereza guhangana n’ingaruka.,sadness,fear+sadness,0.004,0.003,0.982,0.002,0.927,0.003
kin_test_track_a_00278,@<username> none se uwo mwuka wera ko nta we ndi kubona?,none,anger+sadness,0.922,0.004,0.1,0.001,0.429,0.001
kin_test_track_a_00279,banza wipfune urwo rumwira,disgust,anger+disgust,0.234,0.977,0.014,0.005,0.074,0.101
kin_test_track_a_00282,amakipe yose aregeranye buri imwe yatsinda indi n’amakipe ahangana cyane by’umwihariko gutsindira hanze biba bigoye.”,none,sadness,0.001,0.001,0.002,0.017,0.722,0.017
kin_test_track_a_00283,ati “ni ingenzi ko ibihugu byacu bigerageza gukuraho uko kwivanga kugira ngo ingaruka zabyo ziveho.,none,fear+sadness,0.008,0.001,0.992,0.002,0.76,0.003
kin_test_track_a_00284,yakomeje abwira abantu bafite inyubako ndende kujya bagenzura ‘ascenseur’ zirimo kuko zishobora guteza impanuka ku bantu babagenderera.,fear,sadness,0.005,0.002,0.817,0.009,0.61,0.003
kin_test_track_a_00286,ati “icyo numva tutakoze mu myaka icyenda iri serukiramuco rimaze ni uko tutageze kuri buri rwibutso hirya no hino mu gihugu tubasangiza ibyiza bya ubumuntu arts festival.”,none,joy,0.0,0.0,0.001,0.883,0.009,0.007
kin_test_track_a_00288,#rwot aho kwicwa n'inzara no kwicwa na cya kovidi wakwicwa niki!?,none,anger+sadness,0.092,0.01,0.096,0.004,0.849,0.005
kin_test_track_a_00290,"@<username> amahano?! ni impanuka, inkangu, inzara.... muyite izina rikwiye.",none,sadness,0.084,0.004,0.289,0.001,0.344,0.001
kin_test_track_a_00291,ugasanga ikintu cy'ikigabo nticyogosha inshakwaha,disgust,none,0.043,0.253,0.022,0.021,0.189,0.153
kin_test_track_a_00293,@<username> @<username> @<username> @<username> @<username> uzi kubona umuturage anywa amazi yo mu dam cg avoma umuvumba muri iki gihugu! birababaje ababishinzwe nibatabare .,sadness,anger+sadness,0.983,0.002,0.062,0.0,0.722,0.001
kin_test_track_a_00294,"@<username> nizereko umutima mwiza wabanyarwanda, turabaremera! cg basige inkweto zabo nk'ingwate😂",none,anger,0.215,0.003,0.008,0.041,0.003,0.244
kin_test_track_a_00295,harya kunywa ni iki ni ukunywa ukagenda ugwirirana. oya rwose mureke kwiyandarika ##url##,anger,none,0.033,0.015,0.003,0.023,0.008,0.001
kin_test_track_a_00297,gauthier yavuze ko benshi mu bakekwaho uruhare muri jenoside yakorewe abatutsi bihinduranyije haba amazina n’imyitwarire kugira ngo bajijishe hatagira ubakeka.,sadness,anger+sadness,0.724,0.0,0.036,0.001,0.992,0.012
kin_test_track_a_00299,@<username> @<username> @<username> xlm ewan bushari na okama mubyuhahiro byabo nibubahwe kuko murinominsi barikudukoma san ndabemera,joy,none,0.048,0.0,0.013,0.065,0.005,0.076
kin_test_track_a_00300,aranuka nk'uwinereye amaziranoki y'agakanzu!,disgust,anger+disgust+joy,0.169,0.783,0.092,0.518,0.035,0.124
kin_test_track_a_00301,"ati “hari n’iyahunganye nabo bajya muri zaïre, baragarukana iza no gutera amahane ivuga ngo abanyarwanda bibashyira mu byabo [mu mitungo] nibabe baretse babanze bajye mu nkambi mu rwanda”.",sadness,anger,0.143,0.0,0.202,0.076,0.023,0.404
kin_test_track_a_00303,@<username> erega uzarebe ngo icyo umutima ukunda amata aguranwa itabi tubaterera amavi ark ahanini tuba twishakira batotizuba,none,anger,0.111,0.011,0.014,0.004,0.057,0.003
kin_test_track_a_00304,"yatanze urugero rw’uko yavukiye mu rwanda, agakurira muri uganda, madamu jeannette kagame akavukira i burundi, nyuma bakaza guhurira muri kenya.",surprise,joy,0.001,0.0,0.001,0.319,0.018,0.028
kin_test_track_a_00306,"hari abo tujya gukina, bakumva ko ari ikipe y’i kamonyi bagahita bagira ubwoba tutarajya mu kibuga.”",sadness,fear+sadness,0.05,0.004,0.991,0.011,0.405,0.04
kin_test_track_a_00308,"umuntu akubaka ibitanda bine, bitanu ndetse hari n’uwakodeshaga isambu ya mugenzi we kugira ngo abone aho yanika.",none,sadness,0.005,0.001,0.02,0.019,0.824,0.154
kin_test_track_a_00310,"ntamuntu mwiza ku buryo atakuyobya, ntan'umuntu mubi ku buryo atakuyobora. kuba hari ibyo utemeranya n'umuntu ntibivuze kwagana nawe.",none,anger,0.275,0.007,0.254,0.092,0.035,0.482
kin_test_track_a_00311,@<username> urumva se atari motivation yo kuba umukire se bro? wicika intege tu,joy,anger,0.127,0.001,0.01,0.009,0.008,0.051
kin_test_track_a_00312,"mu ntangiro z’uku kwezi nabwo, u burusiya bwashinje ukraine kugaba ibitero i moscow, bituma ingendo z’’indege ku kivuga cy’indege cya vnukovo zihindurirwa icyerekezo.",sadness,none,0.001,0.001,0.009,0.022,0.272,0.229
kin_test_track_a_00314,ariko imana ishimirwe ko iduha gutsinda kubera umwami wacu yezu kristo. 1 abanyakorinti 15:57,joy,none,0.006,0.004,0.002,0.035,0.007,0.011
kin_test_track_a_00317,@<username> cyakoze abantu turatandukanye pe. njye nabuze uwo mboloka kuko ntazi icyo namubolokera,none,sadness,0.069,0.004,0.024,0.002,0.977,0.001
kin_test_track_a_00318,hari ubwo umushinjacyaha uri kuburana kuri iyo dosiye abona ko ibimenyetso byakusanyijwe bidahagije ngo we ubwe abe yashinja ukurikiranyweho icyaha bigatuma ahitamo kumushinjura.,surprise,anger+sadness,0.16,0.001,0.147,0.004,0.975,0.583
kin_test_track_a_00319,kimwe mubintu nkundira abantu bomucyaro ujyakumva ukumva arakubajije ngo ubwokoko wabuze akazi?wazapfa kujya mugisirikare cg mugipolice 😂😂😂,sadness,anger,0.954,0.001,0.029,0.004,0.103,0.525
kin_test_track_a_00320,"ni imiterere itandukanye n’iyo mu mwaka ushize aho hari umuryango ufite umwana umwe, ubu waragutse kuko yabonye iyo biva inda .",none,anger+sadness,0.103,0.007,0.093,0.02,0.454,0.086
kin_test_track_a_00321,"kidum yabivugiye mu gitaramo yakoreye i bruxelles mu bubiligi ubwo yari ku rubyiniro ku wa 6 gicurasi 2023, aho nyuma yo kuzongwa na shaddyboo wamubyinishaga amusiga umubiri, yasabye ko umuziki uhagarara arangije afata ijambo ati “erega shaddyboo yibagiwe ko ndi padiri mukuru!”.",anger+sadness+surprise,none,0.047,0.002,0.001,0.009,0.131,0.07
kin_test_track_a_00322,"umwarimu muri kaminuza y’u rwanda, ishami rya busogo dr didace ndahimana, yavuze ko mu bigenderewe harimo no kugabanya ingano y’inyanya zangirika nyuma yo kuzisarura.",joy,sadness,0.001,0.001,0.007,0.017,0.36,0.013
kin_test_track_a_00325,@<username> nukuri njyewe bingeze aha ngiye kwiyahura mu buriri😂😂😂,anger+sadness,none,0.065,0.003,0.004,0.007,0.085,0.102
kin_test_track_a_00326,tugeze mu gihe gikomeye aho ibitambo byatanzwe n’abatubanjirije bishobora gutakaza igisobanuro mu gihe twaba tunaniwe kurera neza abadukomokaho ngo bakurane iyo myumvire n’indangagaciro twahawe.,fear,none,0.049,0.0,0.308,0.029,0.117,0.017
kin_test_track_a_00327,"bakubwiye ko uzahembwa amafaranga yanditsemo hano, urabona wahembwa angahe?? cg nkurangire muganga!!! ##url##",none,anger,0.995,0.0,0.028,0.007,0.051,0.002
kin_test_track_a_00331,@<username> arashaka gukubita ruriya rubaho ariko amaboko ye ari muri opposition n ubwonko bwe 😂,none,anger,0.203,0.002,0.049,0.034,0.013,0.345
kin_test_track_a_00332,umwana uzi ubwenge bamusiîga nawe yinogereza,none,disgust,0.064,0.988,0.001,0.004,0.002,0.038
kin_test_track_a_00333,@<username> @<username> akajagari mwifuriza u rwanda muzajya kugakorera ikuzimu mu buturo bwanyu,anger,none,0.043,0.002,0.059,0.082,0.003,0.027
kin_test_track_a_00334,"umuyobozi mukuru w’ishami rishinzwe afurika muri minisiteri y’ububanyi n’amahanga n’ubutwererane mpuzamahanga ya uae, fahad al taffaq, yavuze ko igihugu cye cyifatanyije n’u rwanda n’abarokotse jenoside yakorewe abatutsi bakomeje guhura n’ihungabana baterwa n’ibyababayeho mu 1994.",sadness,none,0.081,0.002,0.036,0.013,0.06,0.001
kin_test_track_a_00339,@<username> nureba se ....nuko kibondo.dore umukobwa (umutegarugori) ubereye u rwanda,joy,none,0.05,0.001,0.006,0.055,0.009,0.434
kin_test_track_a_00340,"iyo wubatse ubushobozi bw’umugore, uba wubatse umuryango, bityo ukaba uteje imbere igihugu.”",joy,none,0.019,0.103,0.007,0.022,0.01,0.036
kin_test_track_a_00341,@<username> ubustar bwimura umuco bukimika ububwa kwigana sibyiza harya uyu medy niwe ugiye kujya aririmbira imana? @<username>,anger,none,0.046,0.001,0.001,0.041,0.001,0.01
kin_test_track_a_00342,"kuba hareguye bane muri bayigize, byatumye abasigaye badashobora gufata icyemezo nk’uko amategeko abigena.",none,sadness,0.001,0.003,0.003,0.003,0.991,0.002
kin_test_track_a_00343,"akumiro niki?! ni igihe uguze phone yaguhenze utaziko ari pirate😔🙄😢 uziko ari #samsung , ukayayatsa aho kwiyandikamo #samsung hakiyandikamo samuel 🙄😢😭😭😓😓😟😞😔",sadness+surprise,anger+sadness,0.625,0.003,0.011,0.001,0.386,0.275
kin_test_track_a_00344,"ubushakashatsi ku ibarura rusange rya gatanu ry’abaturage n’imiturire bugaragaza ko ingo 17,7% zitabasha kubona amazi meza yo kunywa mu gihe 28% zitizanya ubwiherero nabwo butameze neza.",sadness,fear+sadness,0.012,0.001,0.982,0.016,0.303,0.005
kin_test_track_a_00345,"abahanga bavuga ko imibonano mpuzabitsina ikozwe neza, ishobora kubera abayikoze urukingo rwo kwibasirwa n’umuhangayiko, agahinda gakabije ndetse n’ibindi bibazo bishingiye ku buzima bwo mu mutwe.",none,fear+sadness,0.006,0.001,0.995,0.002,0.842,0.009
kin_test_track_a_00348,ikomeza ivuga ko yibarutse mu ntangiro z’uku kwezi ariko we na a$ap rocky bagahitamo kubigira ubwiru bukomeye.,none,sadness,0.046,0.0,0.002,0.007,0.467,0.003
kin_test_track_a_00349,"nibihinduka igitekerezo cyiza kuri uyu muhungu w’imyaka itanu, uw’imyaka itandatu bikaba uko, ukareka n’uwa 12; bakaba bafata iki cyemezo cyo guhindura ubuzima bo ubwabo?”",none,sadness,0.006,0.001,0.023,0.004,0.986,0.011
kin_test_track_a_00350,@<username> @<username> @<username> @<username> @<username> @<username> ni ukuvuga ko yamwogeje kugirango asibanganye ibimenyetso. mbese yamwogeje ku gitsina nka kwa kundi dukaraba mu ntoki n'amazi n'isabune.,fear+sadness,anger,0.158,0.005,0.078,0.042,0.007,0.111
kin_test_track_a_00351,"abanyeshuri bajyaga kwiga hirya bakambuka imipaka, ariko kugeza ubu aho cyaziye baza hano, ntibakijya hirya no hino.’’",none,sadness,0.001,0.007,0.006,0.064,0.671,0.0
kin_test_track_a_00352,mu gitondo cyo kuri uyu wa 24 kanama ubuyobozi n’abaturage bakomeje gukora igenzura ngo barebe ko nta muriro usigaye basanga ntawo.,none,sadness,0.002,0.007,0.272,0.002,0.83,0.005
kin_test_track_a_00354,leta y'urwanda numubyeyi kbs. itabaye abantu baribaraye batageze aho baba muri kigali.@<username> ##url##,joy,anger,0.145,0.0,0.131,0.108,0.132,0.007
kin_test_track_a_00355,igitangaje n’ukuntu ibiryo byanyu bihora bisa nk’umususwe.,disgust+surprise,disgust,0.027,0.998,0.004,0.001,0.001,0.009
kin_test_track_a_00356,"yakomeje agira ati “ndabifata ubundi nkashushanya nk’umuntu ugiye gukora igihangano cye, hamwe mbishyiraho ku ruhande, ahandi nkahashushanya ikintu runaka ku buryo ubibonye asanga igishushanyo cyanjye gifite umwimerere.”",joy,anger,0.144,0.003,0.611,0.058,0.025,0.065
kin_test_track_a_00358,urukiko rugaragaza ko umurongo uhuriweho n’izindi manza ari uko amasezerano ari ingaruka zo kwemera kw’impande zombi.,none,sadness,0.002,0.004,0.023,0.003,0.339,0.0
kin_test_track_a_00359,ishuri rikuru rya gisirikare rya nyakinama ni ishuri mpuzamahanga uyu munsi ryigamo abaturutse mu bihugu 12.,joy,sadness,0.0,0.001,0.003,0.012,0.356,0.001
kin_test_track_a_00361,"ba “komisiyoneri” bose si abahemu, gusa umubare munini wabo akenshi uzamo akantu k’ubuhemu kuko nutanze amafaranga ku wo yari agenewe abanza gukuraho aye, akamuha ibisigarizwa.",anger,none,0.015,0.007,0.403,0.006,0.085,0.679
kin_test_track_a_00363,uruhare rw’abanyamuryango ni ukwita kuri aya mafi no kuyarinda kugira ngo abajura batayiba.,none,sadness,0.008,0.015,0.53,0.003,0.85,0.017
kin_test_track_a_00365,@<username> birababaje kubona sector commender wa police @<username> muri @<username> afunga umwana wiga p5 kasho bugacya ajya gukora ikizamini.ibyo bikwiye? turwanye ihihoterwa. @<username> @<username> @<username> @<username> @<username> @<username>,sadness,none,0.006,0.001,0.014,0.029,0.209,0.002
kin_test_track_a_00367,@<username> niba ari ubuswa bwanjye ... ndabona ikinyarwanda cyanditse hano ntari kucyumva neza.,none,anger,0.169,0.001,0.246,0.005,0.066,0.001
kin_test_track_a_00369,@<username> ariko buriya nawe wagombye gukurikira abandi. kuko ndabona ukurikira bake pe!!! ibyo bagukorera nawe wagombye kubikorera abandi!!!,sadness,anger,0.205,0.006,0.061,0.024,0.004,0.005
kin_test_track_a_00370,"abasirikare bamuhiritse ku butegetsi banze kuva ku izima, bavuga ko batazabumusubizaho.",anger,anger+sadness,0.718,0.004,0.159,0.004,0.835,0.119
kin_test_track_a_00372,izajyimana umunsi umwe nijoro nzabyuka ntere ibuye mukigo cyagisirikare numve ukuntu bavuga ngo uradukanze 😂😂😂😂,sadness,anger,0.213,0.026,0.001,0.001,0.164,0.202
kin_test_track_a_00373,the city of houston and i extend our prayers and condolences to our own screwed up click legendary rapper #bigpokey family and friends.,none,joy,0.001,0.0,0.0,0.73,0.0,0.095
kin_test_track_a_00376,"uyu muhanzi mu butumwa bw’uruhererekane yashyize kuri instagram stories yabanje kugaragaza yolo the queen, ari kuririmba indirimbo ye yise “single again” arangije akurikizaho ubutumwa agira ati “uko uba wiyumva iyo utegereje imodoka yawe ya range rover.’’",none,joy,0.001,0.001,0.0,0.201,0.001,0.494
kin_test_track_a_00378,"ati ""ntabwo umuyobozi akwiye gutuza azi ko hari ikibazo umuturage afite yamugejejeho ntiyizere neza ko cyakemutse.",anger,none,0.077,0.004,0.073,0.025,0.117,0.002
kin_test_track_a_00382,"bivugwa ko muri iyo nama ""inkende yaje yicara mu idirishya rikinguye ry’icyumba cyaberagamo inama.",surprise,sadness,0.001,0.006,0.026,0.003,0.871,0.181
kin_test_track_a_00385,hari abantu bahisemo brain kuyikoresha nk’amasogisi mw’iyi minsi😂😂😂,anger,none,0.017,0.045,0.001,0.005,0.007,0.35
kin_test_track_a_00387,turagura cure-dents mu mahanga tukavuga ko twabohowe!twarabohowe amenyo yacu arasigara-kuko abashinwa ni bo badufasha kuyasukura!”,anger,anger+sadness,0.414,0.001,0.045,0.008,0.406,0.005
kin_test_track_a_00389,"yakomeje agira ati “uyu mudali ushushanya ugushima kwacu ku kuba iteka ushyira afurika imbere, ibintu bituma gahunda z’u rwanda nazo zitera imbere.",joy,none,0.059,0.001,0.58,0.014,0.03,0.014
kin_test_track_a_00391,yagaragaje ko kubona umuganga yambura ubuzima uwamuhungiyeho ari ibintu biteye isoni nubwo bishimangira ubugome n’ubukana jenoside yakorewe abatutsi yakoranywe.,anger+sadness,sadness,0.028,0.017,0.362,0.001,0.985,0.003
kin_test_track_a_00392,gahunda ariko ngo nuko uyu munsi ntamahoro agomba kuboneka😂😂😂😂😂😂😂😂 ##url##,fear,anger,0.632,0.001,0.024,0.008,0.08,0.085
kin_test_track_a_00394,hari n’abatagira amagare kuko bisaba ubushobozi kurigira.,sadness,none,0.001,0.007,0.005,0.042,0.029,0.001
kin_test_track_a_00395,ibaze ukuntu mukanya kashize igihe narinsinziriye narindi muriyinzu nakanguka nkasanga ndi muri ghetto numuriro wabuze 😂 ##url##,sadness+surprise,anger+sadness,0.841,0.0,0.042,0.006,0.357,0.034
kin_test_track_a_00396,"uyu muhanzi wagiye atamaze ipfa abari bamutegereje yakurikiwe n’abantu batandukanye biganjemo inkumi, bari banze ko agenda atabaramukije.",none,sadness+surprise,0.016,0.01,0.004,0.008,0.323,0.769
kin_test_track_a_00397,turi @<username> uwagenze na volcano yifuza guhora agenda nayo service nziza barayoboye mumajyepfo ntimwatanzwe rusizi ntimwatanzwe n'ahandi henshi ##url##,joy,none,0.04,0.003,0.013,0.032,0.039,0.007
kin_test_track_a_00398,kwakundi ujya kumurongo kuri bus wamara gutappinga siyo washakaga😭😭😭😭you have to wait another 10hrs,sadness,anger,0.167,0.001,0.0,0.002,0.033,0.092
kin_test_track_a_00401,ugasanga umu mama muturanye afite uruhungu rubi ariko yakubona ukumva aravuze ngo bite umukazana😏,none,anger+sadness,0.274,0.072,0.003,0.001,0.818,0.004
kin_test_track_a_00403,"nyuma y’igihe arwaye kanseri, yaje kuyikira nta muntu umubaze, ahita akomerezaho urugendo rwe rwo gushima imana, atangira gukora ivugabutumwa.",joy+surprise,sadness,0.001,0.004,0.188,0.016,0.822,0.088
kin_test_track_a_00406,uramutse ubariyemo n’ututazwi uyu mubare uziyongera cyane.,none,disgust,0.009,0.958,0.003,0.102,0.005,0.049
kin_test_track_a_00407,biteye ubwoba.,fear,disgust,0.004,0.991,0.807,0.005,0.106,0.001
kin_test_track_a_00408,yongeyeho ko ikibazo cya mwishywa we wagurishije isambu cyagejejwe mu nkiko.,none,sadness+surprise,0.012,0.005,0.006,0.004,0.565,0.771
kin_test_track_a_00412,ntabwo bizwi niba ibi biganiro bigikomeje.,none,anger,0.108,0.032,0.341,0.081,0.127,0.028
kin_test_track_a_00413,ni yo mpamvu kadima n’itsinda rye banze ubugenzuzi bw’itsinda ryigenga batinya ko amakosa yabo ashyirwa ku karubanda.”,fear,sadness,0.006,0.001,0.002,0.006,0.96,0.002
kin_test_track_a_00416,@<username> ukuntu abantu hanze aha batabyumva nicyo giteye inkeke😭😭😌 baba bijujuta !!,fear,anger+sadness,0.17,0.007,0.051,0.001,0.629,0.001
kin_test_track_a_00419,@<username> ubwo c woe umuntu uryama nta musego akamara umwaka wose ijosi ari rizima urumva aba yoroshye mn😂,none,anger,0.527,0.019,0.055,0.003,0.033,0.005
kin_test_track_a_00420,maconco yigometse kuri mwezi.,none,sadness,0.014,0.031,0.008,0.019,0.519,0.024
kin_test_track_a_00421,abanyapolitiki babyitabiriye ntibashishoje,none,anger,0.127,0.068,0.012,0.103,0.105,0.055
kin_test_track_a_00422,na banki y’isi bigena ibipimo ngenderwaho mu gupima umwenda w’igihugu niba uzabasha kwishyurwa cyangwa ari umutwaro uremereye.,none,anger+fear,0.123,0.002,0.969,0.005,0.089,0.028
kin_test_track_a_00423,"mubyukuri ndababaye, ese koko aba bana babayeho bate? ese harubitayeho? ubux ahazaza tuvuga harihe? @<username> @<username> @<username> @<username> @<username> @<username> @<username> ##url##",sadness,anger,0.743,0.0,0.168,0.045,0.045,0.007
kin_test_track_a_00424,ugasanga umutipe ariyemera ngo arya ibyana🛌...kdi atarigera abona umwobo w ifuku😂😂😂😂😂😂,anger+surprise,anger,0.442,0.002,0.009,0.008,0.072,0.706
kin_test_track_a_00426,"yakomeje avuga ko niba ibihugu bya afurika bishobora kwanga kugira uruhande bihagararaho mu ntambara iri mu gihugu cye, bigaragaza ko “ijambo u burusiya bwari bufite muri afurika rigenda rigabanuka.”",fear,anger+fear,0.801,0.008,0.925,0.001,0.276,0.033
kin_test_track_a_00428,"umunyamategeko juan smuts yatangaje ko kongera guta muri yombi kayishema, byatunguye we n’umuryango w’uwo yunganira.",surprise,anger,0.097,0.011,0.034,0.026,0.063,0.516
kin_test_track_a_00431,mbonye iriya station ya police yi remera nibuka le 1 jan tujyayo gutanga ikirego ko batwibye 😩 kwibwa kuri ny😭😭😭,sadness,anger+sadness,0.207,0.002,0.019,0.002,0.978,0.123
kin_test_track_a_00433,@<username> umva njye mbona kdi hafi gupfa peee,sadness,none,0.027,0.003,0.006,0.051,0.042,0.002
kin_test_track_a_00435,dukora uburyo bwose bushoboka butuma umunyetorero yiyumvamo ibikorwa byaryo n’iby’igihugu.”,joy,anger+disgust,0.466,0.564,0.011,0.009,0.008,0.013
kin_test_track_a_00437,ntabwo twari tubimenyereye ariko twabonye twarakinnye neza.,joy,disgust+joy,0.007,0.624,0.03,0.252,0.044,0.01
kin_test_track_a_00438,"umwuka ukomeje kuba mubi hagati ya niger n’ibihugu by’amahanga by’umwihariko ibigize cedeao, umuryango wa afurika yunze ubumwe, u burayi na leta zunze ubumwe za amerika.",fear+sadness,none,0.023,0.002,0.132,0.026,0.083,0.284
kin_test_track_a_00443,abacuruzi bamwe barumiwe…,sadness,anger,0.282,0.112,0.052,0.09,0.108,0.111
kin_test_track_a_00444,"rurenge ni we wagiriye inama murumuna we wamugwaga mu ntege yo kujya gukaba ubutaka bwo mu majyepfo y’igihugu cye, kuko yabonaga azagurira ubutaka bwe mu burengerazuba no hagati, akanga ko hazagira undi uva mu mahanga ya kure, akabatangatanga akabata hagati.",none,sadness,0.009,0.005,0.177,0.019,0.677,0.02
kin_test_track_a_00445,mu 2011 urukiko rushinzwe kurengera uburenganzira bwa muntu mu burayi rwanzuye ko abakekwaho ibyaha bya jenoside bari muri suède boherezwa mu rwanda kandi byarakozwe.,joy,sadness,0.007,0.002,0.003,0.0,0.651,0.0
kin_test_track_a_00446,@<username> habaho no kwirengagiza mwana kugira ngo batakuniga ndaqa😂😂😂😂,none,anger+sadness,0.204,0.001,0.116,0.006,0.599,0.001
kin_test_track_a_00448,aya ni ayo bafatiye mu mujyi wa mombasa ho muri kenya umwaka ushize ubwo bari bahuriyeyo bagiye kwizihiza umunsi mukuru w’amavuko yabo.,none,joy,0.002,0.0,0.039,0.599,0.131,0.29
kin_test_track_a_00450,@<username> sorry igihe uri wenyine uge wibuka ko hari ukuri hafi uzi ibyawe akamenya ibyo ukeneye,none,anger,0.232,0.007,0.026,0.004,0.123,0.003
kin_test_track_a_00451,"2/2 ntuduhane mu bitwoshya, ahubwo udukize umubi, kuko ubwami n'ubushobozi n'icyubahiro ari ibyawe, none n'iteka ryose. amen. '",none,sadness,0.033,0.0,0.118,0.005,0.709,0.003
kin_test_track_a_00452,"gitembagara yagize ati “usanga umuforomo ahembwa ibihumbi 197 by’amafaranga y’u rwanda, iyo uyagereranyije n’ishoramari yakoze yiga, ubona kugira ngo azagaruze byatwara imyaka hagati y’irindwi n’umunani.”",sadness,none,0.006,0.001,0.022,0.017,0.027,0.721
kin_test_track_a_00454,@<username> 🤣🤣🤣 iki x mugire mushake mutuvire aha 🤪🤪,anger,joy,0.008,0.001,0.001,0.198,0.002,0.013
kin_test_track_a_00455,"uyu mugore avuga ko nta bwinyagamburiro aba-taliban babaha, yari afite inzozi zo kuzaba umunyamategeko ariko zayoyotse ubwo abakobwa n’abagore babuzwaga kwiga.",sadness,surprise,0.024,0.0,0.137,0.015,0.158,0.797
kin_test_track_a_00456,"sha sinkubeshye nsigaye ngukemanga.""",fear,none,0.027,0.1,0.005,0.006,0.128,0.003
kin_test_track_a_00457,"ese umuntu agusabye, ukamuha mukanya ukamubona ari kunywa biere wabifata ute???",none,anger+disgust,0.184,0.99,0.001,0.003,0.002,0.459
kin_test_track_a_00459,@<username> @<username> @<username> ibyo ni byiza cyane. ahubwo gusaba atm card ko bitinda cyane? bampaye 2 months,none,joy,0.034,0.0,0.011,0.479,0.002,0.058
kin_test_track_a_00461,ikindi kandi hasuzumwe niba hari impamvu zikomeye zituma akekwaho icyaha rusanga hari impamvu zikomeye zishingiye ku kuba yaremeye ko amashusho yakwirakwijwe ari aye nubwo avuga ko bitari mu ruhame.,none,anger+fear+sadness,0.287,0.001,0.868,0.002,0.85,0.013
kin_test_track_a_00463,atanga urugero kuri nhica do rovuma yagize ati “ingabo ziyobowe na gen nkubito umwanzi zarahamuvanye.,none,anger,0.285,0.001,0.0,0.0,0.189,0.01
kin_test_track_a_00464,ibyo byatumye hashyirwaho ihuriro ry’amashyaka ngo aganire ku bibazo binini bireba igihugu n’abaminisitiri babagezeho ibigiye gukorwa n’ingamba igihugu gifite.,fear,none,0.063,0.003,0.013,0.007,0.022,0.0
kin_test_track_a_00465,@<username> @<username> “ibitagira abakuru birumba ari indaru (indaro)” ariko kandi igihugu kiramutse kidafite abato bacyo cyakwizera kurimbuka vuba bidashidikanywaho.,none,sadness,0.08,0.001,0.012,0.002,0.855,0.0
kin_test_track_a_00466,"@<username> @<username> @<username> @<username> @<username> @<username> @<username> bigaragaza ubwisanzure mukumenyesha amakuru kuri buri wese . umuryango we ukamenyeshwa amakuru yose kugihe,",joy,anger+joy,0.128,0.0,0.029,0.296,0.003,0.008
kin_test_track_a_00467,@<username> ndumva nkugiriye imbabazi gake twese ngo ntituresha pa sorry 😭😭😭,sadness,anger+sadness,0.184,0.002,0.016,0.002,0.714,0.002
kin_test_track_a_00468,abanyamakuru bige gukoresha amarenga (geste) ntiyabumvise neza 🤣🤣 akumiro ni ivunja 🥳🥳 ##url##,surprise,none,0.01,0.007,0.0,0.036,0.006,0.014
kin_test_track_a_00470,"@<username> urakoze cyane. uzamenya umusonga wanjye tukawusangira, kandi ntisinzire kubera umusonga wanjye uko yaba asa kose uwo nzamunambaho .",none,sadness,0.063,0.007,0.026,0.008,0.84,0.0
kin_test_track_a_00472,"@<username> 😂😂🤣🤣🤣🤣🤣🤣 kwifata biranze ndaseka, nanjye nidubura nzareba ko udafute inzāra nk'izinka!🇻🇺",joy,anger,0.554,0.004,0.001,0.001,0.01,0.205
kin_test_track_a_00474,"ni amakuru yakomeje no mu gitondo cyo kuri uyu wa kabiri, biba ikiganiro ku mbuga nkoranyambaga hirya no hino.",none,sadness,0.009,0.001,0.716,0.083,0.531,0.355
kin_test_track_a_00476,"😂 nari nicaye ahantu numva umwana abajije nyina ngo mbese kunyara bisobanuye ik …,kugeza nanubu ntabwo aramusubiza ndakomeza mbahe amakuru 😂🤌",none,anger+surprise,0.243,0.004,0.116,0.016,0.068,0.761
kin_test_track_a_00477,"ibi biri mu bituma agababo n’abasore benshi bahitamo kutagaragaza intege nke zabo cyangwa ngo basabe ubufasha igihe biri ngombwa, bagahitamo guceceka no kujya kure y’abandi kugira ngo batabacira urubanza bakurikije ibihe bigoye bari kunyuramo.",none,anger+sadness,0.151,0.001,0.708,0.011,0.966,0.037
kin_test_track_a_00478,daliso yavuze ko nyuma yo kugera mu rwanda yasanze ibyo uwo munyamasengesho yavugaga cyari ikirundi.,none,sadness,0.003,0.003,0.011,0.003,0.997,0.015
kin_test_track_a_00480,umunsi umwe nibwo umujyanama wabo yabwiye schwarzenegger ko umugore we akeneye kumenye ukuri kose kuko yari amaze igihe amukeka amababa harimo no kubyarana n’undi mugore.,fear,sadness,0.002,0.004,0.001,0.008,0.953,0.0
kin_test_track_a_00481,@<username> @<username> @<username> @<username> @<username> @<username> @<username> @<username> @<username> @<username> @<username> @<username> nyihanganira man tubifate ko ari 1/1 twiyunge ntacyo dupfa mn,sadness,anger,0.101,0.001,0.005,0.002,0.177,0.004
kin_test_track_a_00486,ariko ubundi umuh'akazi ninde? mashami nubwo wamuha ikipe yo mucyiciro cya 2 ntakipe yatsinda 🙅🙅🙅🙅,anger,joy,0.014,0.01,0.06,0.146,0.015,0.253
kin_test_track_a_00488,uwitwa batman yahize abandi bari bahatanye muri ibi bihembo kubera ko ari we watowe cyane kurusha bagenzi be.,joy,joy+sadness,0.0,0.0,0.008,0.843,0.387,0.158
kin_test_track_a_00490,yongeyeho ko inzu yose igaragaye mu kajagari muri nyamirambo ikurwaho naho iby’abashinjwa kurya ruswa bikaba ari ubuzima bwabo ku giti cyabo.,anger,sadness,0.011,0.004,0.091,0.005,0.927,0.023
kin_test_track_a_00491,"mu ijoro ryo ku itariki ya 25 nzeri 2015 , umunsi umukinnyi wa filime saphine kirenga yizihizagaho isabukuru y’amavuko, mu buryo butunguranye umusore bakundanaga yazanye impeta y’urukundo [fiançailles] ayambika uyu mukobwa inshuti n’abavandimwe bose babireba.",joy+surprise,sadness,0.0,0.002,0.002,0.021,0.946,0.012
kin_test_track_a_00494,"ati “twumvaga ko hari abanyarwanda ntabwo twari tuzi inyenzi, urugamba rutangiye batangiye kutubwira ko ari abantu bafite amatwi atendera twari dufite amatsiko yo kumenya uko bateye.",none,sadness,0.045,0.001,0.532,0.013,0.952,0.001
kin_test_track_a_00495,"yavuze ko amahoro yaba ahari cyangwa se adahari, abantu badakwiriye gutakaza icyizere, kuko hari abantu bo gushyira ibintu mu buryo, ibitarakozwe ejo bigakorwa neza uyu munsi.",none,joy,0.006,0.001,0.622,0.115,0.154,0.004
kin_test_track_a_00496,yavuze ko yari afite n’izindi ngabo zari mu majyaruguru y’igihugu aho ibyihebe n’inyeshyamba byari biherereye.,none,sadness,0.002,0.002,0.01,0.016,0.954,0.003
kin_test_track_a_00498,ati “turizeza ko nk’igihugu tuzakora ibishoboka byose.,none,anger+joy,0.167,0.004,0.103,0.248,0.021,0.004
kin_test_track_a_00500,bamushinjaga ivangura no guheza bamwe mu baturage ba thailand.,none,sadness,0.007,0.0,0.006,0.027,0.404,0.005
kin_test_track_a_00501,"ati “ barwanye umugabo aniga umugore we ku bw’amahirwe aza kumucika ariruka ajya guhuruza abaturanyi n’ubuyobozi bw’inzego z’ibanze, abaturanyi baje bashakisha umugabo mu rugo baramubura, naho undi yabonye umugore agiye agira umujinya afata umwana wabo w’amezi arindwi wari uryamye ahita yiruka baramubura, bakomeje gushakisha ahantu hose barababura biba ngombwa ko baryama bakagira ngo wenda yabihishe ari buboneke mugitondo.”",sadness,anger+sadness,0.18,0.007,0.385,0.002,0.992,0.29
kin_test_track_a_00505,"@<username> @<username> arazizi cyane, nakurangire rwose njya mbona ari umuseeenzi wa cyane",anger,sadness,0.022,0.002,0.044,0.011,0.591,0.001
kin_test_track_a_00506,"ubushakashatsi bukomeza buti “mu murwa mukuru [kigali], ingo zisaga 61% z’abantu ku giti cyabo zibamo abantu bakodesha.”",none,sadness,0.004,0.001,0.014,0.011,0.548,0.001
kin_test_track_a_00509,"abaturage bo muri aka gace, bavuga ko uyu mugore yarenganye kuko yesenyewe wenyine mu gihe inzu nyinshi zikarimo bigaragara ko ziri mu manegeka.",sadness,fear+sadness,0.068,0.002,0.965,0.012,0.822,0.031
kin_test_track_a_00513,ubundi nujya muri interview ugasanga irakoreshwa n'umugabo uzamubwire ngo nutampa akazi nzaguteretera umugore wae. interview izahita irangira shn,none,sadness+surprise,0.023,0.002,0.047,0.024,0.455,0.84
kin_test_track_a_00515,"“umugore yatubwiye ko bageze mu rugo bakoze imibonano mpuzabitsina barangije bararyama, mu gitondo umugore yarabyutse amusiga mu buriri ajya gushaka icyo barya agarutse arebye asanga undi yapfuye ahita atangira gutabaza.”",sadness+surprise,sadness,0.003,0.002,0.262,0.004,0.998,0.112
kin_test_track_a_00516,"habagusenga yavuze ko yasabye imbabazi umugore we batangira gushyira hamwe amafaranga yanyweraga n’ayo yajyanaga mu ndaya, ngo yahise atangira kuyabika yiguriramo igare, atangira kwahirira inka yabo kugeza ubu ngo imaze kugera kuri litiro icumi mu gihe mbere yabonaga litiro eshanu.",joy,none,0.001,0.0,0.004,0.053,0.278,0.026
kin_test_track_a_00519,"ati “ndashaka nihere ubutumwa inshuti yanjye jean fidèle, ndashaka nkubwire ko bitamvuye mu mutwe igihe wishimaga ibyishimo byanjye.",anger,sadness,0.044,0.001,0.014,0.021,0.436,0.004
kin_test_track_a_00520,@<username> ko ureba nabi x mhn ureba nkugikora mu nkono 😂😂😂😂,anger,none,0.078,0.02,0.012,0.001,0.033,0.014
kin_test_track_a_00522,@<username> ubwo se si nko kuvugira #ishapure na rozari mu musigiti ku munsi w'iteraniro ra🙄🙄,none,anger,0.177,0.003,0.016,0.03,0.005,0.391
kin_test_track_a_00524,@<username> rayon imyenda tadusaziyeho peee!! uziko ku mupira wa mico izina rayon ryasibye!!! shameful for @<username>,anger+sadness,joy,0.025,0.001,0.005,0.121,0.003,0.048
kin_test_track_a_00526,@<username> true. amafaranga si ibintu byo kunyanyagiza n'importe comment,anger,anger+joy,0.371,0.0,0.024,0.21,0.005,0.035
kin_test_track_a_00527,hari abantu baba banezezwa no gufasha abayobozi ntacyo bibatwaye.,none,anger+sadness,0.124,0.004,0.029,0.099,0.369,0.014
kin_test_track_a_00528,ahubwo bipfira aho lil_g aririmbiye umusatsi. ##url##,none,anger,0.812,0.001,0.007,0.007,0.047,0.002
kin_test_track_a_00529,bya binure by'ingurune nsanze ari kubirya bikiri bibisi,disgust,disgust+sadness,0.002,0.964,0.03,0.002,0.35,0.001
kin_test_track_a_00532,agahinda ka mbere nugufana arsenal uri umukene rwose,anger+sadness,joy,0.001,0.003,0.014,0.25,0.196,0.325
kin_test_track_a_00533,"umva sister menya amazina ya boyfriend🙎‍♂️🙎‍♂️ wae ya nyayo ntagutera inda ntabwo tuzagufasha gushaka """" mane dreezy"""" 😂🤣🤣🤣🤣🤣🤣",none,anger,0.555,0.001,0.004,0.0,0.157,0.337
kin_test_track_a_00536,"kalisa callixte ni umwe mu bikorera uvuga ko yahamagajwe n’ikigo cy’imisoro n’amahoro, kugira ngo asobanure imvano y’ibicuruzwa bigeze kuri miliyoni 200 frw byagaragaraga mu ikoranabuhanga ry’imisoro ko byaranguriwe kuri tin ye, ariko ntabisorere nk’umuntu wabicuruje.",none,surprise,0.018,0.0,0.042,0.021,0.033,0.813
kin_test_track_a_00538,"@<username> @<username> namba no kukuruma bwageze mu kanwa watangiye kumva ubunyunyusi bwabwo,uzi kukuruma umunwa ugiye gutamira,umunwa ugahita ubyimba!🤣🤣🤣",sadness,anger,0.456,0.049,0.003,0.003,0.004,0.08
kin_test_track_a_00539,"@<username> na @<username> ntibashinzwe abadayimoni. aya yihorere, azahura n'umucamanza uyashinzwe,azayajegeza, igihe nikigera. kandi si kera. ##url##",anger,sadness,0.089,0.0,0.02,0.003,0.888,0.001
kin_test_track_a_00541,"@<username> babyeyi amazi turayakumbuye, mukore geste wenda tubone ayo kunywa ibicurane bigiye kutwica",sadness,anger+sadness,0.149,0.006,0.481,0.007,0.34,0.001
kin_test_track_a_00542,"umuyobozi mukuru wa irembo, israel bimpe, yagaragaje ko hakenewe kubaka ibikorwaremezo bikomeye kugira ngo abaturarwanda babone internet nziza kandi yizewe.",none,joy,0.004,0.0,0.027,0.931,0.005,0.009
kin_test_track_a_00544,@<username> @<username> uyu mwana aba rayon tumugurire umwenda wa equipe! uburayon buravukanwaaa!!,joy,none,0.031,0.001,0.038,0.088,0.011,0.025
kin_test_track_a_00545,urongoye umugore mwiza aganya ibyago nuteye igiti cyamapera mukigo cyamashuli ya primary😂❤️,sadness,none,0.009,0.001,0.003,0.033,0.092,0.199
kin_test_track_a_00546,"ijambo inkotanyi rinyibutsa ingabo zitazwi zagize uruhare mu rugamba rwo kwibohora, zitagize amahirwe yo kugera ku ivuko nka marume bosco.",sadness,none,0.002,0.001,0.002,0.102,0.098,0.002
kin_test_track_a_00547,ubu se #apostlepaulgitwaza nk'uvuga rikijyana yaba yarabigenzuye neza ku buryo yabyigisha imbaga atya? birambabaje njyewe! @<username> @<username> @<username> @<username> @<username> @<username> ##url##,anger+sadness,anger,0.147,0.001,0.026,0.073,0.061,0.013
kin_test_track_a_00548,@<username> @<username> @<username> @<username> @<username> @<username> @<username> @<username> @<username> @<username> @<username> nari ngiye gushyira status kuri watsapp ivuga ko watsapp yanze gukora none byanze🙄,none,joy,0.071,0.001,0.007,0.144,0.002,0.081
kin_test_track_a_00549,yatanze urugero rw’uherutse gutabwa muri yombi ashinjwa kwandika ubutumwa bushishikariza abantu gusambanya abana.,sadness,joy+sadness,0.01,0.001,0.055,0.12,0.873,0.006
kin_test_track_a_00550,"ati “ikibazo cyarakemuwe, turabona intambwe igenda iterwa mu bijyanye n’umubare munini w’abantu bari baravanywe mu byabo bari kubasha gusubira mu byabo kandi bagatangira ibikorwa nk’uko bikwiye.""",joy,fear+sadness,0.026,0.001,0.964,0.009,0.586,0.005
kin_test_track_a_00551,ai nyamara uba utubwiye nabi aba papa twirira udusendababoyi😅 ushatse wakwihana @<username> 🤣🤷🏾‍♂️ ##url##,sadness,anger,0.33,0.003,0.003,0.003,0.067,0.011
kin_test_track_a_00552,minecofin yo yagaragaje ko hari ibikorwa n’imishinga yarangiye ndetse amafaranga akaba ahari ariko abakoze ibyo bikorwa bakaba baratinze kwishyuza.,none,anger,0.784,0.0,0.11,0.048,0.102,0.06
kin_test_track_a_00553,"🙃mani girl arambwiye ngo iyambarire byanze …, ndacyamusaba another round ndakomeza mbahe ikuru 😭😭😭",none,anger+sadness,0.312,0.002,0.037,0.004,0.863,0.245
kin_test_track_a_00557,@<username> @<username> @<username> ni agahomamunwa c? cg njye mbaza ibindeba?🤦🤸,none,anger,0.946,0.001,0.009,0.003,0.026,0.05
kin_test_track_a_00558,"@<username> @<username> @<username> bikiramariya se umuzanye mu kutubahiriza amabwiza nkawe? za rutsiro ntabwo azi kuharira ubuzima,iwabo ni mu ijuru!",anger,anger+sadness,0.426,0.002,0.042,0.002,0.488,0.002
kin_test_track_a_00559,ubu buryo kandi bugabanya ibibazo bishobora kuvuka mu guhanahana amafaranga hagati y’abantu.,joy,disgust,0.008,0.575,0.265,0.023,0.006,0.001
kin_test_track_a_00560,"ubaye urumukobwa, ufite million 7 munzu, umujura akinjira, akagusaba ko mwakora sex, cg gutwara ayo amafaranga wahitamo iki?",sadness+surprise,anger+surprise,0.236,0.027,0.138,0.007,0.098,0.813
kin_test_track_a_00561,"yagize ati ""mu bibazo bikibangamiye igihugu harimo igwingira kuko ubushakashatsi bwerekanye ko mu bafite imyaka itanu nibura umwe muri batatu aba agwingiye.”",sadness,none,0.001,0.002,0.201,0.003,0.007,0.0
kin_test_track_a_00563,@<username> @<username> hari umukobwa wambwiye ngo iyo umunsi wije atabonye umugabo umureba ngo amukurikize ijisho amenya ko uwo munsi yambaye nabi.,surprise,anger+sadness,0.988,0.001,0.024,0.0,0.863,0.002
kin_test_track_a_00564,yakomeje ati “hari n’abandi bakora ibyo bikorwa atari uko bafite impano ahubwo ari ukubera ko ubuzima bwabashyize mu kibazo gituma bagomba kubishobora.,sadness,anger,0.738,0.001,0.543,0.052,0.026,0.062
kin_test_track_a_00565,byazanye amara ahubwo niyompamvu bivuga nk’ibijunditse umwanda,anger+disgust,disgust,0.031,0.994,0.019,0.001,0.015,0.012
kin_test_track_a_00566,@<username> ndabibona wakoreye imbere mzee . umwana ni uwijanja ##url##,none,joy,0.023,0.0,0.003,0.219,0.01,0.028
kin_test_track_a_00567,sinzi impamvu iyo maze kurya mubaturanyi mpita numva nakwitahira 😊😊,surprise,disgust+sadness,0.003,0.858,0.002,0.003,0.329,0.025
kin_test_track_a_00568,nyirashema yahakanye ibyo umusore we amushinja avuga ko yabivuze kuko ashaka kumutwara inzu.,anger,sadness+surprise,0.013,0.003,0.048,0.014,0.672,0.793
kin_test_track_a_00570,"manirarora vincent, wacikirije amashuri, ubu akora akazi ko gutwara abagenzi kuri moto mu karere ka karongi, avuga ko mu bituma urubyiruko rwangije amashuri rutabona akazi harimo no gusuzugura imirimo imwe n’imwe.",none,joy,0.002,0.001,0.002,0.822,0.004,0.004
kin_test_track_a_00571,kwinjira muri iki gitaramo bisaba kwishyura ibihumbi 10frw ubundi ukayanywera wumva icyanga cya amstel.,joy,none,0.014,0.027,0.0,0.017,0.001,0.161
kin_test_track_a_00572,"inyubako y'umurenge wa @<username> yatwaye amafaranga y'u rwanda miliyoni 900 gusa, nyamara ni imwe mu nyubako zigezweho dufite. @<username> 👏🏾👏🏾👏🏾 @<username> @<username>",none,joy,0.002,0.001,0.009,0.376,0.008,0.024
kin_test_track_a_00573,ikindi usanga zijya kumera nk’izifitanye isano ya hafi.’’,none,sadness,0.031,0.004,0.379,0.035,0.419,0.088
kin_test_track_a_00576,"yageze aho ahindura ishyamba rya shakahola mu burasirazuba bwa kenya nk’ahantu hadasanzwe, abakirisitu bajyaga guhurira bakahamara iminsi basenga.",surprise,sadness,0.011,0.004,0.781,0.078,0.81,0.257
kin_test_track_a_00578,@<username> ibyo yakoze nibyo bikwiriye. nta gitangaza yewe nta n'inkuru irimo. imana iri hejuru cyane y'ibyubahoro byacu kuko minayo ibitugabira.,none,anger,0.757,0.001,0.191,0.004,0.275,0.001
kin_test_track_a_00579,ati mwana wanjye humura aho batari nzahababera.,joy+sadness,sadness,0.0,0.012,0.0,0.004,0.422,0.001
kin_test_track_a_00580,"habumugisha jean damascène ukorera mu murenge wa kabarondo, yavuze ko nyuma y’ubu bugenzuzi bamufungiye ububiko bw’imiti ndetse bakanamuha ibaruwa imuhagarika gukorera umwuga w’ubuvuzi bw’amatungo ku butaka bw’u rwanda.",sadness,joy,0.001,0.0,0.001,0.932,0.006,0.004
kin_test_track_a_00581,@<username> jesus christ 😭😭😭 kuva nabaho nubwambere ngize intimba . nshuti ihumurire wabayeho kdi warashibutse. god be with you,sadness,joy,0.001,0.0,0.0,0.479,0.009,0.017
kin_test_track_a_00583,"iyi komisiyo yagaragaje ko isesengura ryayo ryagaragaje ko umusaruro w’ubuhinzi n’ubworozi utaragera ku rugero rwifuzwa kubera imbogamizi ziterwa n’imihindagurikire y’ikirere, ubwishingizi bw’ibihingwa bukiri hasi, igiciro cy’ifumbire mvaruganda cyiyongereye bigatuma ikoreshwa ryayo rigabanuka n’inguzanyo zo mu rwego rw’ubuhinzi zikiri hasi.",sadness,fear+sadness,0.007,0.0,0.979,0.005,0.705,0.002
kin_test_track_a_00584,binanze mwegere umuhe undi munsi kuko birashoboka ko igihe wamuhaye byanze. ariko ubizirikane pe💜 ##url##,none,anger+sadness,0.428,0.001,0.028,0.006,0.33,0.013
kin_test_track_a_00587,urabona ibyo bisebe yerekana mubantu,disgust,anger+disgust,0.13,0.918,0.16,0.008,0.057,0.002
kin_test_track_a_00589,"umugore ni nyina w'amahanga, umunyarwandakazi akaba umutima w'u rwanda. murakoze hon.🙏🏾 ##url##",joy,none,0.002,0.0,0.001,0.009,0.01,0.01
kin_test_track_a_00590,noneho ikibabaje n’ukuntu azinduka n’imituna ishoka ku maso nkaho aba mu ishamba.,disgust,anger+disgust,0.846,0.995,0.009,0.001,0.178,0.011
kin_test_track_a_00592,@<username> @<username> @<username> @<username> @<username> @<username> @<username> @<username> @<username> @<username> @<username> nukwesa uyumuhigo wa musa kuko ningirakamaro mubuzima bw'umuturage tubigire ibyacu,none,sadness,0.09,0.001,0.043,0.01,0.374,0.001
kin_test_track_a_00597,mwana wa mama waje tukajya twivugira story zubusambanyi ko ntawe uzatwinjijirira ##url##,none,anger,0.208,0.006,0.003,0.004,0.145,0.004
kin_test_track_a_00598,"ambasaderi w’u rwanda mu bwami bwa eswatini, claude nikobisanzwe yashimiye ingabo zari iza rpa zari ziyobowe na perezida paul kagame, zabohoye u rwanda zikanahagarika jenoside yakorewe abatutsi mu 1994, ubu igihugu kikaba gituwe n’abaturage bunze ubumwe.",joy,joy+sadness,0.0,0.0,0.002,0.34,0.626,0.002
kin_test_track_a_00601,bavuga ko umutangabuhamya mu rubanza yayobeje abacamanza avuga ko ataramenya neza niba azasaba indishyi z’amafaranga.,sadness,anger,0.771,0.002,0.74,0.01,0.255,0.142
kin_test_track_a_00602,"umuryango @<username> twifatanije n'urwanda mukubungabunga uburenganzira #bw'umwana himakazwa kumva ibitekerezo bye, @<username> @<username> @<username> namwe mwese! birabareba &amp; mwiteho nkuwawe ##url##",joy,anger,0.094,0.001,0.005,0.082,0.005,0.052
kin_test_track_a_00603,"@<username> bibiliya irakureba nawe, yubahe unayikurikize kugira ngo uzaramire mu gihugu uwiteka imana yawe iguha",none,anger,0.334,0.001,0.028,0.005,0.076,0.004
kin_test_track_a_00604,@<username> @<username> @<username> utarumva umwana asuhuza se amuhereza ingumi ati gongaho gee😁,none,sadness,0.024,0.001,0.007,0.005,0.932,0.001
kin_test_track_a_00607,@<username> ikindi knd tugomb kwibukirany nuko isutiye ikunaniye kuyifungur uyinyuz hejuru nkama lunettes 👓 murakoze murakarama,none,anger,0.811,0.001,0.037,0.019,0.017,0.008
kin_test_track_a_00609,"mu matariki 10 uku kwezi, ibitangazamakuru bitandukanye ku isi byatangiye kunuganuga ko rihanna, yaba yarabyaye ariko bifatwa nk’ibihuha kuko benshi ntibavugaga igitsina yibarutse cyangwa se amazina y’umwana cyangwa se ibindi byagaragaza ko koko haba hari abafite amakuru y’impamo.",none,anger+sadness,0.417,0.001,0.093,0.001,0.958,0.336
kin_test_track_a_00611,"kubona ikamyo ya #bralirwa igwa itwaye #amarwa, #inturire n'imitobe bisakaye mu ishyamba ry'inzitane ntabaturage ngo binywere nabyo birarenze😏😏 ##url##",sadness,anger+sadness,0.18,0.003,0.328,0.008,0.397,0.161
kin_test_track_a_00612,yakomeje avuga ko uyu muryango bawohereje kuri rib ya kimisagara kugira ngo utazicana anashimangira ko uwo mugore wakabiri nawe yamaze kuva muri urwo rugo.,fear+sadness,sadness,0.005,0.0,0.024,0.001,0.991,0.0
kin_test_track_a_00615,@<username> hari umwana utaha iwabo uherutse kuntira ghetto ngo umwana azamusura ndanga ##url##,none,sadness,0.005,0.002,0.007,0.008,0.717,0.018
kin_test_track_a_00617,@<username> ntago ubeshye rwose ni indamutsa @<username> arakaguhama wamfura we,joy,anger,0.139,0.0,0.009,0.029,0.019,0.008
kin_test_track_a_00619,twatunguwe no gusanga imitungo yose yarayiyanditseho tutabizi nk’abanyamuryango ba koperative.,surprise,sadness,0.037,0.056,0.017,0.015,0.855,0.052
kin_test_track_a_00620,"yakomeje abwira uyu muntu ko yizera ko nyuma y’ibi ameze neza kandi amusezeranya ko uwamwibasiye agiye kumukumira akanamukomanyiriza kuri instagram, kuko atakwihanganira imyitwarire nk’iyo yagaragaje.",anger,surprise,0.016,0.001,0.247,0.041,0.017,0.82
kin_test_track_a_00621,@<username> @<username> babwire ko bari kunywa mukaru kandi mu by'ukuri barimo kunywa umutobororo,none,anger,0.121,0.001,0.064,0.027,0.021,0.004
kin_test_track_a_00625,"ba nyiribikamyo: banyonzi, birabujijwe gufata ku modoka kuko biteza impanuka. abanyonzi: ##url##",fear,anger+sadness,0.093,0.0,0.05,0.011,0.309,0.005
kin_test_track_a_00629,"“ikindi cyabayeho ni ibibazo bya ‘company’ mu gusoza igice cya mbere cya shampiyona, kubera kutabyumva hazamo intege nkeya mu buyobozi.”",sadness,fear+sadness,0.006,0.002,0.897,0.019,0.583,0.13
kin_test_track_a_00631,yasabye abaturage cyangwa abagana ahatangirwa serivisi muri rusange kujya batanga amakuru mu gihe hari aho batakiriwe neza.,none,joy,0.036,0.003,0.515,0.163,0.089,0.002
kin_test_track_a_00635,cyakoza harinabantu badakunda bagenzi bababo reba ukuntu uyumushinwa akubita umunyarwanda mugenziwe areba rukara yari intwari peee ##url##,anger+sadness,none,0.014,0.001,0.008,0.046,0.169,0.016
kin_test_track_a_00636,"@<username> @<username> @<username> ntabwo ndubaka ariko ndumva imvune z’umubyeyi n’inshingano zo kurinda ubuzima bw’umwana, nkurikije ibyo uvuga @<username> .",sadness,none,0.022,0.001,0.14,0.03,0.218,0.001
kin_test_track_a_00638,"aba bana bombi barangana bose bafite amazi icyenda, gusa uko mbibona uyumwana w'inka ntiyoroshye 🤣🤣🤣 ##url##",none,anger,0.51,0.001,0.005,0.002,0.176,0.01
kin_test_track_a_00639,nibura abagabo bagera kuri 32 ngo bandikiye urwego rushinzwe abinjira n’abasohoka basaba ko pasiporo z’abana ziteshwa agaciro nyuma yo gusanga nta sano y’amaraso bafitanye nk’uko babitekerezaga.,none,sadness,0.011,0.0,0.265,0.017,0.985,0.057
kin_test_track_a_00642,ibi ni byo bituma mvuga ko twiteguye neza.”,joy,anger+joy,0.107,0.003,0.18,0.369,0.039,0.014
kin_test_track_a_00643,@<username> @<username> @<username> ariko muge munamenya aho umuriro utagera muwuduhe nigute babona uwo kwiba twe twabuze uwo kwishyura @<username>,anger,anger+sadness,0.184,0.003,0.062,0.004,0.892,0.001
kin_test_track_a_00645,"ati “twakoreye muri za laboratwari zacu ziri i kigali, i huye, i musanze n’ahandi.",none,joy,0.001,0.0,0.003,0.998,0.001,0.003
kin_test_track_a_00646,mu cyumweru cyabanjirije igishize ni bwo davis d yagaragaraye yambaye inkweto za big red boots zigezweho mu ruganda rw’imideli.,none,joy,0.001,0.002,0.002,0.178,0.011,0.661
kin_test_track_a_00650,ndetse mwarakoze nk’u rwanda.”,joy,anger+joy,0.115,0.003,0.003,0.124,0.028,0.011
kin_test_track_a_00652,ark c musore ni gute uteka igikoma cyakubunnye cyamara gushya aho kugishyira muri teremusi ukakimena hasi koko🙄🙄🙄,anger+sadness,anger,0.139,0.063,0.001,0.006,0.003,0.087
kin_test_track_a_00653,"umukuru w’igihugu yavuze ko nubwo bimeze bityo, usanga hakiri icyuho mu bijyanye n’ubutabera buhabwa abagore ndetse no kuba benshi bakiri mu mirimo itanditse cyangwa itinjiza amafaranga ugereranyije n’abagabo.",sadness,none,0.005,0.052,0.781,0.005,0.016,0.001
kin_test_track_a_00656,@<username> hanyuma ngo urubyiruko twiteze imbere kd aribo badusubiza inyuma🙄🙄 this country☹️😐,anger,joy,0.011,0.001,0.003,0.444,0.002,0.113
kin_test_track_a_00657,icyo gihe umutwe w’umurangangoma w’ingoma ye wari ingabo zitwaga “abaganda”.,none,sadness,0.003,0.001,0.002,0.004,0.953,0.027
kin_test_track_a_00658,julienne uwacu wayoboraga @<username> iheruka guseswa yahawe umwanya muri minisiteri y’ubumwe bw’abanyarwanda n’inshingano mboneragihugu nk’umuyobozi nshingwabikorwa w’ishami rishinzwe ukwiyubaka kw’umuryango. #rwanda @<username> ##url##,none,joy,0.001,0.001,0.001,0.154,0.013,0.001
kin_test_track_a_00659,uyu munsi ninde wakubeshye nturabukwe? cyangwa umunsi wo kubeshya waribagiranye!,none,anger,0.396,0.015,0.021,0.072,0.008,0.097
kin_test_track_a_00660,@<username> ni hahandi bavuga ko abapfa bazakomeza bagapfa😭😭😭,sadness,anger+sadness,0.809,0.001,0.077,0.001,0.948,0.005
kin_test_track_a_00661,"biden yavuze ko yanze ibyo perezida putin yasabaga mbere y’uko intambara itangira, by’uko ukraine itakwemererwa kwinjira muri nato, avuga ko uyu muryango ufunguye kuri buri wese.",anger,surprise,0.036,0.001,0.193,0.052,0.124,0.979
kin_test_track_a_00662,"uyu mugore abibwira undi uri mu bamukurikiye, akamusezeranya ubufasha ndetse akamubwira ati “reka kuri iyi nshuro, ntituze kureka ngo ibi bintu birangire gutyo gusa.’’",none,sadness,0.002,0.004,0.133,0.038,0.962,0.026
kin_test_track_a_00664,munyumvire abase biyemeje icyaha batakoze kandi banasjija banahamya abandi icyaha bataranabaho. ibi nabyo ni icyaha ubwabyo bakoze. ##url##,surprise,anger,0.947,0.0,0.157,0.006,0.272,0.005
kin_test_track_a_00667,@<username> @<username> kowagira ngo urumuhungu cg ubavukamo urumwe🤔😂😂 nibyo iyo ukabije 3 iya gatatu niyo kugutabara imvura yaguye😂😂,none,anger+sadness,0.595,0.003,0.046,0.001,0.881,0.001
kin_test_track_a_00668,akarere ka @<username> umurenge #tumba akagari ka #gitwa umudugudu #berwa habaye kwangirika kw'itiyo y'amazi bityo amazi ari kumeneka ku buryo bukabije. @<username> @<username> #tabara ##url##,fear,sadness,0.001,0.002,0.017,0.003,0.944,0.001
kin_test_track_a_00671,@<username> abantu batukana baba bagaragaza intege nke muguhangana kuko umuntu ntiyemezw ningano yibitutsi wamututse ndabashimiye,none,anger+sadness,0.162,0.001,0.16,0.003,0.906,0.0
kin_test_track_a_00673,youtubers rn: baguwe gitumo bari kunywa urumogi ba banyamakuru mukunda cyane ##url##,sadness,none,0.002,0.055,0.0,0.041,0.05,0.003
kin_test_track_a_00674,harigihe wibwira ko uri gutwika nyamara uri gushiririza 💀,anger,none,0.009,0.177,0.0,0.001,0.027,0.003
kin_test_track_a_00676,"iyi minisiteri itangaza ko mu gihe icyorezo cya covid-19 cyagenza make, icyizere cyo kuramba kizongera kuzamuka.",none,joy,0.0,0.0,0.117,0.548,0.066,0.031
kin_test_track_a_00677,"birasa n’aho abaturage bo muri ibyo bihugu banyuze muri byinshi kubera u bufaransa, magingo aya bakaba bashaka kubwigobotora bubi na bwiza.",anger,sadness,0.006,0.002,0.09,0.002,0.981,0.001
kin_test_track_a_00678,"mu rwanda, urumogi rushyirwa mu cyiciro cy’ibiyobyabwenge bihambaye, aho umuntu wese uhamijwe n’urukiko gukora, guhinga, guhindura, gutunda, kubika, guha undi, cyangwa kurugurisha mu gihugu, ahanishwa igifungo cya burundu n’ihazabu y’amafaranga y’u rwanda arenze miliyoni 20 ariko atarenze miliyoni 30.",surprise,none,0.002,0.001,0.008,0.003,0.005,0.029
kin_test_track_a_00680,inkuru zo gukubitwa kwa teta sandra zazamuwe n’amafoto ye yagiye hanze agaragaza ibikomere byinshi ku mubiri ndetse na rimwe mu menyo ye ryarahongotseho akantu.,sadness,surprise,0.016,0.017,0.046,0.025,0.194,0.783
kin_test_track_a_00681,@<username> @<username> nonese ko nawe ariho arira urumva yavuga nabi uwo bahuje umwuga,anger,anger+sadness,0.25,0.002,0.045,0.001,0.948,0.001
kin_test_track_a_00684,@<username> @<username> mujye mucisha make daa kuk ni 🔥,none,joy,0.038,0.001,0.007,0.131,0.009,0.009
kin_test_track_a_00685,yavuze ko uretse ko kwangiza ibidukikije ari n’icyaha ngo ubikora aba atifuriza ineza abaturage kuko ngo aba ashaka ko imvura ibura burundu.,anger,anger+sadness,0.367,0.003,0.846,0.001,0.868,0.001
kin_test_track_a_00686,"ariko, akenshi twirengagiza ababa banditse izi ndirimbo cyane ko umuhanzi uretse kugira ijwi ryiza aba akeneye ibitekerezo byinshi bituma akora igihangano gishitura benshi.",none,joy,0.004,0.0,0.006,0.301,0.005,0.091
kin_test_track_a_00687,"bitunguranye kuri ako gace yahasanze abandi bagabo batatu bose bategereza ko ubwo bwato buhaguruka, ariko ngo yari afite ubwoba ko abo bantu bashya bahuye bashoboraga kumwica cyangwa bakamusunika mu mazi.",fear,sadness,0.005,0.001,0.44,0.003,0.999,0.024
kin_test_track_a_00688,birasa n’ibigamije guca intege abandi ngo bataza kuko hari igihano gikomeye kibategereje.,none,sadness,0.003,0.004,0.16,0.027,0.784,0.106
kin_test_track_a_00691,@<username> @<username> @<username> @<username> @<username> @<username> @<username> @<username> @<username> @<username> uyu mugore ni umugome bikabije. ni ishitani neza neza! @<username> rwose mudufashe uyu mugore ahanwe by’intangarugero!!,anger,joy+sadness,0.006,0.0,0.014,0.166,0.457,0.001
kin_test_track_a_00692,"@<username> @<username> @<username> @<username> @<username> @<username> @<username> @<username> @<username> @<username> @<username> , humura grand frere. turi kumwe. amahoro asagambe muri wowe no mu bawe. rwose humura.",none,joy,0.001,0.0,0.001,0.914,0.001,0.008
kin_test_track_a_00694,ati “kenshi usanga imishinga idindira kubera ko inyigo zitaba zarakozwe ngo zirangire cyangwa umuntu udafite ubumenyi ari we wakoze ibarura no kugena ibiciro wagera aho ugiye kubaka ukibaza niba ibyanditswe mu mpapuro ari ibizakoreshwa aho bikakuyobera.,sadness,fear,0.031,0.001,0.929,0.005,0.299,0.002
kin_test_track_a_00695,"ni ku nshuro ya mbere, ikipe y’igihugu ya leta zunze ubumwe za amerika isezererwa mu gikombe cy’isi itageze muri ½.",surprise,none,0.004,0.0,0.134,0.092,0.01,0.714
kin_test_track_a_00696,amakuru avuga ko sam asghari yakomeje kwihanganira ibyabaga mu rugo rwabo ariko ibintu bikaba byarabaye bibi ubwo britney yatahurwagaho guca inyuma uyu wari umugabo we.,sadness,fear+sadness,0.035,0.001,0.905,0.004,0.992,0.011
kin_test_track_a_00698,@<username> @<username> @<username> karumye? 😂😂😂😂 niyompamvu njye mukangurira kwibwirira ikimama cyibizi (amazi) byinshi mumubili cya @<username> 😂😂😂😂😂,sadness,anger,0.294,0.001,0.005,0.026,0.004,0.175
kin_test_track_a_00699,"muri ayo majwi yabonywe bwa mbere na cnn, cbs na bbc, trump yumvikana asa nk’urambura izo nyandiko nka kumwe umuntu aba ari gusoma igitabo agahindura ipaji imwe ajya ku yindi, akagera aho avuga ati “izi zo zirimo amakuru y’ibanga akomeye.”",none,surprise,0.015,0.001,0.178,0.109,0.133,0.81
kin_test_track_a_00700,"madam wanjye bamwoherereje message ngo """"ya ngurube nigenda umbwire"""" kdi ntatungo tworoye😭😭😭 @<username> @<username> @<username> @<username>",sadness,anger,0.691,0.001,0.104,0.031,0.053,0.012
kin_test_track_a_00701,@<username> uyumugabo yanijajara byo reka hashye mazurebe ngo harashya byanyabyo noneho nurwanda maze rurahita rwisubiza ibyo rwaskwe,none,anger,0.986,0.001,0.015,0.001,0.139,0.007
kin_test_track_a_00702,"@<username> wapi ntabwo byoroshye, buriya ari wowe upfukamye, wakumva ko ari fight koko.",sadness,anger,0.991,0.007,0.029,0.0,0.141,0.002
kin_test_track_a_00703,turi kugana mu bihe by’umubano mubi hagati y’u bubiligi n’u rwanda tutazi neza igihe bizamara n’ubukana bizaba bifite ariko byashoboraga kwirindwa ukurikije amakuru ahari.,fear,sadness,0.014,0.002,0.754,0.01,0.608,0.099
kin_test_track_a_00704,‘goodlife health & beauty pharmacy’ ni farumasi yiyemeje kwita ku byo buri munyarwanda wese akeneye bijyanye n’ubuzima n’imibereho myiza.,none,joy,0.0,0.0,0.0,0.905,0.001,0.026
kin_test_track_a_00709,ariko ngo aho mwari muri babagaburiye ibyaboze,disgust,none,0.045,0.413,0.004,0.01,0.011,0.094
kin_test_track_a_00710,@<username> aka ka kane ushyizemo niko kabi urankomerekeje ubyumve. niwumva ufite ubumuntu unsabe imbabazi rwox,sadness,anger,0.267,0.004,0.03,0.015,0.037,0.007
kin_test_track_a_00711,iki gisebe cyawe kirirwa gitumaho amasazi umuntu ntiyarya akireba.,disgust,anger+disgust,0.092,0.997,0.002,0.001,0.0,0.007
kin_test_track_a_00713,"radio okapi yatangaje ko fayulu yasabye amahanga kumushyigikira, ntazigere yohereza indorerezi muri aya matora mu rwego rwo gushyigikira demokarasi n’uburenganzira bwa muntu.",anger,anger+sadness,0.438,0.0,0.579,0.01,0.834,0.02
kin_test_track_a_00714,@<username> @<username> iyo ni ruswa baguhaye kuko uri umunyamakuru ntakindi,anger,none,0.057,0.001,0.035,0.037,0.227,0.002
kin_test_track_a_00716,"uyu mukinnyi yavuze ko biramutse bibaye, byaba ari inzozi zibaye impamo.",none,anger+fear+joy,0.101,0.001,0.857,0.177,0.076,0.041
kin_test_track_a_00717,gifite mukanwa hanuka nk‘imbwa yaboreye mu mazi.,anger+disgust,disgust,0.024,0.93,0.001,0.001,0.231,0.004
kin_test_track_a_00719,"nitutarangiza iyi nyubako mu mwaka, ni ikimwaro kuri twebwe.""",none,anger+sadness,0.105,0.005,0.267,0.097,0.539,0.127
kin_test_track_a_00721,noneho shahu ukuntu bipfunira aho babonye?!,disgust,disgust+sadness,0.021,0.966,0.009,0.003,0.344,0.012
kin_test_track_a_00722,"yagaragaje ko kuba kabuga yari yarakorewe dosiye ajya no gushakishwa ndetse akaba yari yamaze guhakana icyaha, icyari gukurikiraho ari ukuburanishwa nta zindi mpaka.",none,sadness,0.024,0.001,0.066,0.006,0.952,0.014
kin_test_track_a_00725,💐💐💐 mwakire izi ndabyo n'iyi ndirimbo n'ibyanyu. turababaye no kuvuga bamwe biragoye. gusa ikivi cyanyu tuzacyusa nicyo twabizeza. #kwibuka27 #genocideagainsttutsi #neveragain ##url##,sadness,anger,0.36,0.003,0.012,0.006,0.019,0.008
kin_test_track_a_00729,ni nde wo kubibazwa?,none,anger,0.609,0.036,0.002,0.003,0.113,0.1
kin_test_track_a_00731,@<username> ese lata bakobwa nukubera iki aritwe bahungu duhangayika turi gushaka ghetto turaza kubariramo!? 💔😭 ese mwe ntimwayishaka.,anger,none,0.053,0.003,0.002,0.018,0.009,0.351
kin_test_track_a_00732,hari abatawe muri yombi bari kubazwa barimo n’umugabo we kuko ni we muntu uzwi bari bafitanye amakimbirane.”,none,sadness,0.006,0.001,0.034,0.003,0.998,0.007
kin_test_track_a_00733,"guhera mu mpera z’icyumweru gishize, hari inyandiko yakwirakwijwe ku mbuga nkoranyambaga, bigaragara ko ari paji imwe yafotowe ikuwe muri raporo nini.",fear,sadness+surprise,0.012,0.002,0.536,0.041,0.436,0.913
kin_test_track_a_00737,"mazimpaka arnold wamamaye nka sintex, mukunzi vivens usanzwe akinira gorilla fc, ndikumana yvan uzwi nka navy amaru akaba umuhanzi w’i burundi batawe muri yombi bakurikiranyweho kunywa ibiyobyabwenge.",sadness,none,0.0,0.0,0.001,0.071,0.078,0.617
kin_test_track_a_00738,@<username> nukuri darla iyo utaywa inzoga ntabwo biba byabaye....,sadness,anger,0.964,0.005,0.075,0.001,0.233,0.001
kin_test_track_a_00739,reba aya macandwe wujuje aha,anger+disgust,disgust,0.056,0.907,0.018,0.021,0.012,0.055
kin_test_track_a_00740,karye amazirantoki,disgust,anger+disgust,0.665,0.995,0.159,0.027,0.027,0.034
kin_test_track_a_00742,@<username> ikibazo ni umuriro waho😂😂😂💀!,sadness,none,0.026,0.001,0.01,0.006,0.06,0.009
kin_test_track_a_00743,@<username> mwiriwe neza ndimuhanga mumurenge wa rugendabari nibyiza kuba barimo gukingirwa kandi nubwo bari gukingirwa dukomeze gukaza ingamba ntakudohoka,joy,sadness,0.012,0.001,0.012,0.024,0.654,0.0
kin_test_track_a_00744,"abarwanyi ba wagner bazwi nk’abacanshuro, bamaze gukorera ibikorwa bya gisirikare mu bihugu bya afurika ndetse no muri syria, aho bivugwa ko barwanye bikomeye n’ingabo za leta zunze ubumwe za amerika mu 2018.",none,sadness,0.001,0.001,0.006,0.012,0.653,0.002
kin_test_track_a_00745,muhazi united na yo yatangiye guhusha uburyo bukomeye ariko abakinnyi bayo bagera imbere y’izamu bagakina nabi amahirwe bakayatakaza.,sadness,none,0.001,0.001,0.009,0.031,0.285,0.548
kin_test_track_a_00747,"wowe wahoze uri urubavu rwanjye, none warusize rurangaye 🎶 ##url##",sadness,anger,0.756,0.001,0.009,0.003,0.136,0.003
kin_test_track_a_00749,"niba wumva ko bf atazi maths, uzambwire ngo """"bae, i'm pregnant"""" 😂",none,anger,0.095,0.0,0.003,0.02,0.008,0.513
kin_test_track_a_00750,"ibi bije mu gihe batiri z’imodoka zikoresha amashanyarazi i burayi usanga iyo ubushyuhe buhindaguritse bituma zitakaza ingufu, bigatuma umuriro ushiramo vuba.",sadness,fear+sadness,0.001,0.006,0.882,0.008,0.486,0.015
kin_test_track_a_00751,uyu mugore usanzwe akora mu kagari ka tetero mu murenge wa muhima amakuru avuga ko intandaro yo kugira ngo atere icyuma n’icupa mu mutwe uwo mugabo ari uko yasohotse mu nzu bari barimo yiruka kandi atamwishyuye amafaranga bari bumvikanye.,anger+sadness,sadness,0.025,0.001,0.221,0.001,0.95,0.01
kin_test_track_a_00752,"nyina yasaga nk’ufite ikimwaro, yateraga ubwoba uwageragezaga kujyana uwo mwana w’umuhungu ku bitaro.",none,sadness,0.0,0.008,0.135,0.002,0.998,0.014
kin_test_track_a_00755,"mu gihe kunyuza imipira hagati byasaga n’ibyanze ndetse ukabona ko shaiboub ali akina afasha ab’inyuma ye kurusha uko ajya imbere, impande za apr fc zanyuragaho ruboneka bosco, apam bemol na ba myugariro ishimwe christian na omborenga fitina, na zo zagowe no kugeza imipira kuri rutahizamu mbaoma.",none,joy,0.0,0.0,0.004,0.208,0.091,0.486
kin_test_track_a_00757,@<username> humura. ibyiza biri imbere. kandi amahoro aganze kuri wowe.,none,joy,0.005,0.0,0.002,0.607,0.002,0.001
kin_test_track_a_00758,"iminsi ibiri nyuma yo kunganya na gorilla fc, ubuyobozi bwa rayon sports burangajwe imbere na uwayezu jean fidèle bwari bumaze kurangizanya n’abakinnyi kalisa rachid wakiniraga as kigali, nzinga héritier luvumbu wategewe indege yihuse imukura i kinshasa ndetse n’umurundi mvuyekure emmanuel wageze i kigali ku wa gatanu.",none,joy,0.0,0.0,0.001,0.231,0.043,0.081
kin_test_track_a_00759,ni uburyo bwubakiwe kugenzura no gucunga umutekano w’ikinyabiziga ndetse n’ugitwaye aho ishobora kubona ko hashobora kuba impanuka maze igahita ifata feri byihuse kuburyo bishobora kuyirinda cyangwa bikagabanya ibyago byayo.,joy,fear,0.01,0.01,0.998,0.006,0.222,0.015
kin_test_track_a_00763,"yagize ati “ubuyobozi bugomba gukora inshingano zabwo bugashaka amafaranga buhemba kuko ni uburenganzira bw’abakinnyi, ariko nawe agomba gukora akazi.”",anger,none,0.003,0.001,0.001,0.085,0.003,0.003
kin_test_track_a_00764,uretse mu ikinamico wari wabona ahandi hanu umukobwa yanze umusore wumukire agasanga uwumukene 😒😒,anger,surprise,0.019,0.397,0.0,0.003,0.047,0.743
kin_test_track_a_00765,@<username> nyihera follow back unansobanurire ubusobanuro bwa troll bukwapplyingaho naho kwishima byo ntabyo tuzashira agahinda nitugera kwa nyagasani umugani w'abacatholique ##url##,sadness,none,0.038,0.001,0.004,0.013,0.243,0.001
kin_test_track_a_00767,"@<username> turi abo yaremye ituremeye imirimo myiza muri kristo yesu, iyo yiteguriye kuva kera. abefeso 2:10",none,joy,0.01,0.001,0.006,0.768,0.004,0.005
kin_test_track_a_00768,ntibisanzwe! abagabo bafashwe n’irari bafatira ku ngufu abagore mu rusengero pasteri areba. nawe ushake amafoto😂😂😂 ##url##,sadness+surprise,anger+surprise,0.387,0.001,0.062,0.024,0.132,0.82
kin_test_track_a_00770,"ati ""umugore yahaye amakuru inzego z’umutekano agaragaza ko muri icyo kigo hari gutangwamo serivisi zishingiye ku butinganyi.",sadness,anger,0.107,0.002,0.728,0.033,0.097,0.003
kin_test_track_a_00772,iminsi ibaye itatu yikurikiranya u burusiya bwongeye kugaba ibitero bikomeye ku murwa mukuru wa ukraine kyiv no mu bice bitandukanye by’igihugu.,none,sadness,0.001,0.001,0.007,0.008,0.974,0.025
kin_test_track_a_00775,iyo bingezeho birambabaza cyane.,sadness,none,0.006,0.161,0.001,0.036,0.113,0.003
kin_test_track_a_00776,@<username> biriya yakoze byo gukubita umwari kuriya kabone nubwo yaba yanyweye izingana gute akabura ubwishyu ni amahano,sadness,anger+sadness,0.924,0.003,0.052,0.001,0.928,0.002
kin_test_track_a_00778,muri #centreafrica ibibanza biri kugura makeya. gusa n'akabanga mbibiye...😎,surprise,anger+joy+surprise,0.131,0.002,0.343,0.168,0.232,0.833
kin_test_track_a_00779,@<username> reba icyana hasi sha nkujyane nawe x,none,anger,0.308,0.013,0.029,0.004,0.006,0.046
kin_test_track_a_00781,"hari abagize ngo ibuye ryagaragaye ntiriba ricyishe isuka, ku buryo abakinnyi b’amavubi bagombaga guserukana imyenda mishya nk’uko byari byavuzwe ko bayihabwa.",none,sadness,0.001,0.0,0.003,0.047,0.587,0.025
kin_test_track_a_00784,umwe mu baturage wanze ko amazina ye atangazwa yagize ati “umva abajura batumereye nabi bakubita abantu bakabakomeretsa noneho ubu baduye ingeso yo kukwiba n’imyenda wambaye ugasigara wambaye ubusa.”,fear+sadness,none,0.052,0.081,0.161,0.002,0.151,0.526
kin_test_track_a_00786,"ahantu honyine guterres avuga u rwanda, ni aho agaragaza ko umubano warwo na congo wazambye nyuma y’uko m23 itangije intambara.",surprise,sadness,0.043,0.0,0.45,0.017,0.861,0.012
kin_test_track_a_00788,"seville ikimara gutsindwa, abakinnyi bayo bashyushye mu mutwe, byavuyemo guhabwa ikarita y’umuhondo ya and rafa mil wari ku ntebe y’abasimbura.",sadness,surprise,0.004,0.001,0.039,0.018,0.054,0.968
kin_test_track_a_00789,"@<username> ikiganiro cyiza. usibye no kuba abo baba babizi, hari n'ubwo abo wizeraga baba ari bo bamusambanya. ni hatari.",sadness,anger+sadness,0.299,0.0,0.184,0.006,0.465,0.003
kin_test_track_a_00791,nyuma yo kugobokwa n’abagiraneza uyu muhanzi yahise agaruka ku mbuga nkoranyambaga atangiza ubukangurambaga bwo gukusanya inkunga yo kuvuza umubyeyi we.,joy+sadness,sadness,0.002,0.0,0.015,0.006,0.995,0.007
kin_test_track_a_00795,ibobo bye bifite ibimeme bigenda bitonyoka,disgust,anger+disgust,0.826,0.749,0.039,0.02,0.031,0.24
kin_test_track_a_00798,ntugate umwanya wae wigisha cg uhanura udashaka guhinduka ... kuko ntibishoboka ko wahindura umuntu mudahuje imico😔,none,anger,0.995,0.009,0.432,0.001,0.014,0.059
kin_test_track_a_00799,"nk’ubu muri uyu mwaka wa 2023 muri werurwe bagabanye ubwasisi busaga miliyoni 339 frw ndetse babonye ingoboka zisaga miliyoni 12,4frw.”",joy,sadness,0.001,0.0,0.015,0.029,0.829,0.147
kin_test_track_a_00800,ati “nahuye n’impunzi zo mu bihugu byinshi zishima cyane ubufasha u rwanda rwazihaye.,joy,none,0.0,0.001,0.006,0.018,0.083,0.0
kin_test_track_a_00801,ati “ubwo rero turakeka ko impamvu bihekuye ari ubushobozi buke bwo gutunga abo bana nubwo bidakwiye na gato.”,sadness,fear+sadness,0.035,0.001,0.941,0.027,0.828,0.016
kin_test_track_a_00803,"ati “kugira ngo impfu n’indwara zigabanuke ndetse havuke abana bazima, iyi ni yo ntego yacu.",fear+joy,joy+sadness,0.001,0.001,0.793,0.154,0.481,0.009
kin_test_track_a_00805,ese ntagatsiko ka bagore cg abakobwa baba kire bagumiwe mwaba muzi ngo umuntu atagire abikundishweho?,none,anger+disgust,0.356,0.856,0.002,0.001,0.017,0.481
kin_test_track_a_00806,ibipimo ku bumwe n’ubwiyunge byerekana ko abanyarwanda 94% bumva neza ubumwe n’ubwiyunge ariko abagera kuri 27% bafite ibikomere bakomora ku mateka.,joy+sadness,sadness,0.033,0.002,0.224,0.021,0.82,0.001
kin_test_track_a_00807,"urupfu ruragapfa😭, uruhukire ijabiro kwa jambo💔. warakoze cyane ku bwa buri kimwe, nzagukumbura iteka ryose🙏. @<username> 👑 @<username> repubulika y'u rwanda ##url##",sadness,none,0.005,0.001,0.015,0.088,0.153,0.108
kin_test_track_a_00808,"yatanze urugero ku muhate w’inkotanyi zari zigizwe n’abana bato ziyobowe na perezida paul kagame zirokora abatutsi mu bice bitandukanye by’igihugu, asaba n’urubyiruko kwigira ku babohoye igihugu bakagira uruhare rutaziguye mu kubaka u rwanda.",joy,joy+sadness,0.001,0.001,0.001,0.227,0.766,0.001
kin_test_track_a_00811,"hari umwe mu bayobozi b’u rwanda wavuze ati ""aya masezerano mashya arerekana ko tshisekedi atarajwe ishinga no gushaka amahoro.",anger,sadness,0.008,0.0,0.212,0.02,0.805,0.222
kin_test_track_a_00813,gusa iyo bumaze gucya ubuzima buragaruka ukongera kubona umujyi kuzanzamuka.,none,disgust,0.009,0.616,0.111,0.013,0.031,0.002
kin_test_track_a_00814,waramutse rwanda ese namwe aho muri impeshyi yabatashyeho? mukomeze mugire umunsi mwiza wuzuye ubunyangamugayo no gukora cyane.,none,joy,0.002,0.002,0.001,0.919,0.001,0.007
kin_test_track_a_00815,bituma kandi abantu badahenda cyangwa ngo bahendwe cyane.”,none,anger+disgust,0.115,0.984,0.168,0.044,0.032,0.063
kin_test_track_a_00818,"@<username> @<username> @<username> oya nawe gabanya kumwubahuka dore ni ukuganira, mutavaho mufatana mu mashati bikarangira mubaye nka wa mudasso wasafarinze.",fear,none,0.039,0.004,0.005,0.026,0.002,0.203
kin_test_track_a_00819,"@<username> uyumunsi turaba turikumwe saa 15:30 live ku izuba tv, ubwo gahunda niyayindi....... turikumwe na @<username> &amp; @<username> mix by @<username> 📸 by @<username> @<username> kigali, rwanda ##url##",none,joy,0.002,0.001,0.001,0.129,0.003,0.027
kin_test_track_a_00821,@<username> 🤣🤣🤣🤣🤣uwanditse iyi message nawe ni umu satanist,anger,none,0.054,0.002,0.0,0.002,0.018,0.118
kin_test_track_a_00824,@<username> harigihe utanga message ukagirango warebaga neza mu mutima w'umuntu! thanks so much @<username> for that tweet ❤️,joy+surprise,joy,0.02,0.001,0.002,0.575,0.001,0.031
kin_test_track_a_00827,ishobora kuba yagira uruhare mu ididindira ry’ubwenge bigasaba kwitabwaho byihariye.,fear+sadness,none,0.088,0.039,0.796,0.031,0.133,0.041
kin_test_track_a_00829,"nubwo bigaragara ko ibyagezweho mu buryo bw’imibare mu gihe gito ari byiza, haracyari icyuho kinini ugereranyije no kuba abanyarwanda bageze kuri miliyoni hafi 14.",fear,joy,0.002,0.0,0.364,0.196,0.066,0.005
kin_test_track_a_00830,"duhari kubwanyu nkigisubizo mubya mudasobwa ,wifuza kugura cyangwa gukoresha iyo usanganwe ifite ikibazo waduhamagara kuri : 0787548223. @<username> @<username> @<username> @<username> @<username> ##url##",joy,anger,0.132,0.0,0.258,0.066,0.063,0.021
kin_test_track_a_00832,amashusho yasakajwe ku mbuga nkoranyambaga agaragaza uyu muraperi yagiye gushaka akazi ko gufasha abubatsi (ubuyede) ngo arebe ko yabona amaramuko.,none,anger+sadness,0.399,0.02,0.666,0.004,0.456,0.28
kin_test_track_a_00833,allah akbar ya allah🙏 komeza unyongere kwihangana @<username> nyagatare ##url##,sadness,joy,0.006,0.001,0.002,0.684,0.006,0.001
kin_test_track_a_00834,nyuma y'imyaka 12 nishimiye kuzongera guhagarara mu ishuli ryisumbuye nigisha ubumenyi bw'isi #geography isomo nahigishije imyaka irenga 4. ##url##,joy,sadness,0.0,0.001,0.002,0.039,0.694,0.004
kin_test_track_a_00836,impungurabigombyi,none,anger+disgust+joy,0.254,0.566,0.109,0.12,0.201,0.217
kin_test_track_a_00838,hakorwe iki koko ngo aho imyitwarire nk'iyi igaragara mu bana bacu icike? iyi video yashengura umutima w'umubyeyi😔 @<username> ##url##,fear+sadness,sadness,0.029,0.001,0.516,0.005,0.934,0.008
kin_test_track_a_00839,manayange guhabwa follow na big fish bisigaye bintera ubwoba an following uyu munsi ejo akanjugunya brock,fear,none,0.033,0.003,0.004,0.012,0.002,0.009
kin_test_track_a_00840,ngo ntabwo ari umukobwa? ibijya gucika bica amarenga. ejo azihakana ko atari umubyeyi nagira amahirwe akamuba.,anger,sadness,0.027,0.003,0.525,0.009,0.908,0.107
kin_test_track_a_00841,@<username> @<username> @<username> @<username> cyaze kabisa abasenzi barakubeshya ugashiduka shwiii bagukozemo akazi ako ubu narabamenye,anger,none,0.081,0.001,0.038,0.045,0.227,0.007
kin_test_track_a_00847,ubundi the so-called big fish idafite amafaranga kuri njye nyifata nk'ururagara. uko ni ukuri kandi twumve dukomeye dutekanye 👍👌,anger,none,0.03,0.002,0.002,0.099,0.005,0.069
kin_test_track_a_00848,"yagize ati ""ubu mfite inzu byibuze ihagaze miliyoni 9 frw, nashatse umugore, mfite ingurube n’inkoko ndoroye, ubwo se navuga ko ntabayeho neza nshingiye ku iki?""",joy,sadness,0.002,0.028,0.025,0.001,0.415,0.043
kin_test_track_a_00849,😁😁 ubu tuvugana hari abantu iminwa iri kurya. aho bari buvugire irakweduka bararwara ivutu ryamagambo 🤣🤜,anger,none,0.017,0.009,0.0,0.019,0.003,0.068
kin_test_track_a_00850,@<username> karakemutse wanguriye byel mumisi mike ko ndakuzanira umukiriya,none,anger,0.247,0.0,0.009,0.008,0.013,0.059
kin_test_track_a_00851,icyakora guverineri yavuze ko atizeye neza ko ingabo zizakomeza kubahiriza ayo masezerano.,fear,anger,0.098,0.001,0.059,0.039,0.015,0.002
kin_test_track_a_00854,uyu muyobozi yabajijwe uko uyu mukinnyi yabanyuze mu myanya y’intoki kandi kera rayon sports yaragiraga abantu bayifasha gukurikirana abakinnyi ishaka.,none,sadness,0.001,0.001,0.059,0.008,0.955,0.014
kin_test_track_a_00855,"ibihugu birimo u butaliyani, espagne n’u bugereki byo byatangiye guhura n’ubu bushyuhe budasanzwe, aho nk’inzego z’ubuzima mu butaliyani zatanze integuza y’ubu bushyuhe mu mijyi 16 yabwo irimo roma, bologna ndetse na florence.",fear+sadness,joy,0.015,0.001,0.711,0.154,0.075,0.111
kin_test_track_a_00856,uyu mugabo avuga ko yagiye kwiga muri kaminuza bikamunanira kwiga kubera imyitwarire ye mibi ariko yishimira ko yaje gusubira mu rugo rwe nubwo rwari rwarasenyutse n’imitungo yose yaramaze kuyoboka.,joy+sadness,none,0.05,0.006,0.01,0.01,0.255,0.498
kin_test_track_a_00857,"nubwo hari icyizere ariko hari n’impungenge zishobora gushingira ku biza biheruka kwibasira intara y’iburengerazuba n’amajyaruguru, byangije umusaruro ku rwego rukomeye, abantu barenga 135 bakahasiga ubuzima.",fear,fear+sadness,0.002,0.001,0.923,0.002,0.976,0.002
kin_test_track_a_00858,ubundi rata @<username> biradukwiye rwose kubwira umubyeyi umugongo uduhetse iyo ndamukanyo waramutse #rwanda ##url##,joy,none,0.054,0.005,0.016,0.009,0.181,0.001
kin_test_track_a_00859,"ati “nkurikije uko tuganira, icyizere kirahari cyo gutsinda.",none,joy,0.008,0.002,0.103,0.288,0.023,0.004
kin_test_track_a_00861,@<username> za nudes zanuza uzazima😂😭,none,anger,0.234,0.001,0.006,0.015,0.056,0.04
kin_test_track_a_00863,wa mugani nyamara @<username> uzi ubwenge urereunze 😂😂😂✌️✌️✌️✌️✌️✌️✌️✌️✌️😂😂😂😂🙌 ##url##,none,anger+joy,0.139,0.0,0.001,0.821,0.001,0.034
kin_test_track_a_00864,uteye isesemi nk'ubukurugutwa bamennyemo amazi.,anger+disgust,disgust,0.083,1.0,0.005,0.001,0.001,0.02
kin_test_track_a_00867,@<username> ahubwo iyi kipe ko ishaka gukwepa final bite byayo😂😂. turabategereje pe,fear,anger,0.537,0.001,0.051,0.006,0.18,0.025
kin_test_track_a_00869,"ati “ni imbogamizi zishingiye ku mpamvu zitandukanye haba mu mategeko mu ngo zabo, kutagira uburyo babona igishoro n’ibindi.",sadness,anger,0.873,0.009,0.16,0.001,0.063,0.006
kin_test_track_a_00872,"dore uburyo inkundo z'ubu zibeshya 🙈. baba bashaka amata gusa bagahita bigendera🏃, biratangaje🤸 🔥 ukore subscribe👇 ##url##",surprise,anger,0.111,0.001,0.001,0.023,0.009,0.005
kin_test_track_a_00873,ntakubeshye uranuka pe! ayo magaragamba si ay'abantu!,disgust,anger+disgust,0.668,0.927,0.014,0.001,0.018,0.008
kin_test_track_a_00874,"umuyobozi mukuru w’inama nkuru y’amashuri makuru na za kaminuza [hec], dr rose mukankomeje, aherutse gutangaza ko kuba amafaranga agenerwa kwishyurira abanyeshuri buruse yaragabanutse, bizagira ingaruka zikomeye ku mubare w’abajya muri kaminuza.",fear,sadness,0.003,0.003,0.036,0.009,0.428,0.0
kin_test_track_a_00876,imana ihe umugisha u rwanda.”,joy,anger+joy,0.155,0.004,0.008,0.334,0.01,0.006
kin_test_track_a_00877,@<username> uzashake umuntu inshuti nziza ajye agutwaza ku mutwaro ufite umutima uzaruhuka gake gake,none,anger+sadness,0.365,0.001,0.034,0.006,0.829,0.001
kin_test_track_a_00878,"towari marie louise uhagarariye umuryango ufite inkomoko mu buyapani, npo think about education in rwanda’, yavuze ko bashyize imbaraga mu burezi ndetse harimo no kwigisha amahoro hagati y’u rwanda n’u buyapani kuko ibihugu byombi byanyuze mu mateka akomeye.",sadness,joy,0.0,0.0,0.002,0.996,0.001,0.022
kin_test_track_a_00879,"szwaczyk yavuze ko nubwo bemeye guhindura nimero y’umuhanda, ubu ikibazo bafite ari ukwakira ibirego by’abatarishimiye ko nimero yahindutse.",fear,none,0.008,0.003,0.043,0.061,0.115,0.001
kin_test_track_a_00881,nkanamuha andi mahirwe ariko biba iby’ubusa.’’,sadness,anger+sadness,0.57,0.007,0.071,0.044,0.328,0.007
kin_test_track_a_00882,"igena yakomeje ati “kuko byaje kugaragazwa ko uzakora icyo kintu azagihanirwa mu buryo ubu n’ubu, byagiye birushaho koroshya.”",none,joy,0.004,0.001,0.268,0.552,0.054,0.025
kin_test_track_a_00883,ufite umwuka nk'uwu muntu urwawe mburugu kbsa.,anger+disgust,disgust,0.01,0.786,0.001,0.002,0.005,0.013
kin_test_track_a_00885,@<username> @<username> nyamara iki kibazo kirabareba nubwo mukirengagiza,sadness,anger,0.151,0.001,0.262,0.009,0.107,0.0
kin_test_track_a_00886,perezida #kagame yahaye imbabazi abagore 10 bari bafungiwe gukuramo inda ##url##,joy,anger+sadness,0.603,0.0,0.001,0.002,0.595,0.004
kin_test_track_a_00887,abamufashe bamugezeho saa kumi n’ebyiri z’umugoroba yemera ko ari we bigeze saa yine z’ijoro.,sadness,none,0.004,0.083,0.0,0.015,0.005,0.208
kin_test_track_a_00888,ese kucyi abahungu bicyigihe basigaye bumva ko kuryamana aringombwa wamuhakanira mugahita mutandukana urwo nurukundo koko🙄🤔?,sadness,anger+surprise,0.948,0.008,0.022,0.002,0.079,0.784
kin_test_track_a_00889,"nibura abantu 700 basaba ubuhungiro bari mu gihugu, babayeho nabi, kuko baryama mu bigo bashyiriweho ahantu hadafite matola cyangwa se ibindi bikoresho by’ibanze mu gace ka ter apel.",sadness,sadness+surprise,0.015,0.001,0.279,0.03,0.348,0.752
kin_test_track_a_00891,ase ubu kavunumuheto biracyari igitutsi🤔😅,none,anger,0.534,0.173,0.002,0.008,0.012,0.106
kin_test_track_a_00892,nta muntu waremye undi.”,anger,none,0.012,0.228,0.019,0.019,0.281,0.006
kin_test_track_a_00893,mfite ubwoba ko murugo nihafatwa ninkongi yumuriro nka vugango murugo harahiye 🔥 abantu bazansubiza ngo hadashya se 😭😤😭🔥🔥🔥🔥,fear,none,0.07,0.001,0.03,0.043,0.013,0.144
kin_test_track_a_00895,"luka :6:47 umuntu wese uza aho ndi, akumva amagambo yanjye akayakomeza, ndabereka uko asa: dukunde ijambo ry lman kuko rirazura ##url##",none,sadness,0.052,0.003,0.011,0.008,0.399,0.002
kin_test_track_a_00896,biteye ubwoba pe. ibi biterwa no gufata ingamba nibatange igihe cyokwitegura kuzishira mubikorwa ##url##,fear,anger,0.118,0.006,0.786,0.013,0.065,0.004
kin_test_track_a_00897,bimwe muri ibi byaha trump ashinjwa bimuhamye ashobora gufungwa.,fear,sadness,0.035,0.004,0.296,0.01,0.811,0.143
kin_test_track_a_00898,"umuyobozi wungirije ushinzwe imodoka zijya mu ntara muri volcano isingizwe eric, we avuga ko imodoka zitabuze ahubwo abagenzi babaye benshi kubera ko ari mu gihe cy’impeshyi.",none,sadness,0.017,0.015,0.019,0.017,0.395,0.001
kin_test_track_a_00899,avuga ata ibicandwe ku bantu ni cyo dupfa,disgust,sadness,0.01,0.026,0.027,0.01,0.765,0.027
kin_test_track_a_00900,ababonye ko wamwana womubakire arigukoresha computer ya nicole mumpe follow🤣🤣🤦 narumiwe @<username> @<username> @<username> ##url##,surprise,none,0.019,0.001,0.001,0.019,0.006,0.037
kin_test_track_a_00901,@<username> ushyireho ni zina ryawe ry' ukuri. ureke iryo watoraguye kuri iyi mihanda. nakuzaniye impano ndakubura bambwira ko batakuzi.,sadness,anger,0.143,0.001,0.013,0.103,0.009,0.038
kin_test_track_a_00905,ntabwo ibihugu kuleba azasura byatangajwe byose.,none,joy,0.048,0.009,0.074,0.16,0.059,0.09
kin_test_track_a_00906,"yagize ati “mucane amatara abantu bababone muri kure kubera ko umuhanda uba urimo abantu benshi, uba urimo imodoka harimo moto harimo amagare n’abanyamaguru, cana itara kugira ngo umuntu akubene ukiri kure.”",none,sadness,0.006,0.003,0.2,0.007,0.765,0.001
kin_test_track_a_00908,fally merci avuga ko mu rwanda hari ikibazo cy’uko atari ahantu henshi abana babona ho kwidagadurira.,sadness,none,0.016,0.014,0.539,0.043,0.172,0.021
kin_test_track_a_00909,@<username> @<username> ibaze nawe gutegereza ko umunyamerika ari we ukubwira ububi cg ubwiza bw'umuco wawe. ni cyo cyica abanyafurika.,anger+sadness,none,0.038,0.001,0.01,0.076,0.003,0.006
kin_test_track_a_00910,@<username> iriya co. yashinzwe nka today igahita ihabwa deal ako kanya niyo yanyemeje!!🙆‍♀️😅...aba tipe ntanisoni bagira kbsa!😅,anger,none,0.017,0.001,0.001,0.082,0.002,0.292
kin_test_track_a_00911,mwaramutse @<username> ese ejo hashize ko network zanyu zatumye mpomba ndetse nkashwana na benshi kubera ko ntahamagarwa murumva bishimishije? mwirirwe😫😩😩😫😩😩😫😩😩😩😩😫😩😩😩,anger+sadness,anger,0.999,0.004,0.003,0.001,0.004,0.022
kin_test_track_a_00912,@<username> umunwa wabo si ugirango ubarya gake ko baba baribwa boshye bamize sontec🤭😁😁😁😁,anger,joy,0.024,0.001,0.007,0.137,0.008,0.004
kin_test_track_a_00913,@<username> ko atayafite cg bimubihira or bimubabaza,none,anger,0.81,0.002,0.012,0.005,0.011,0.19
kin_test_track_a_00914,"#kwibuka28 iy'imvura muyireke igwe kuko hari benshi yabereye ingabo aho bahigwaga bukware, mana warakoze kumanura imvura icyo gihe. 😢 ##url##",joy,sadness,0.001,0.001,0.015,0.001,0.999,0.006
kin_test_track_a_00916,"ati “dufite ikibazo cy’ibitambaro cyane, usanga amahitamo ahari atari menshi ari na cyo gituma hari ubwo bihenda kuko ibintu byose dukoresha biva hanze.”",sadness,none,0.047,0.007,0.763,0.014,0.197,0.003
kin_test_track_a_00917,ibyo iyo bitavumbuwe hakiri kare bishobora guteza ubundi bumuga.”,fear,disgust,0.013,0.821,0.778,0.002,0.007,0.001
kin_test_track_a_00919,cyakoza abakire mubaho neza ibaze abantu bagire ubute bwo kujya kunnya hanze bakannya munzu 🤣🤣🤣🤣 murakaze #ntimumputaze nihitiraga🏃‍♂️🏃‍♂️🏃‍♂️🏃‍♂️🏃‍♂️🏃‍♂️🏃‍♂️,surprise,anger,0.222,0.002,0.0,0.0,0.264,0.117
kin_test_track_a_00923,@<username> @<username> gukubita umukobwa byo nta murava byagutera uri umusore. ni ugutera ingumi ikagenda muri rolanti yamugeraho ukicuza.,sadness,none,0.066,0.018,0.224,0.005,0.159,0.004
kin_test_track_a_00926,"amashusho yagiye asakara agaragaza intwaro za ukraine zitwikwa n’ibisasu byo mu butaka bizwi nka ‘mine’ ndetse hari abasirikare ba ukraine baherutse gutangaza ko buri uko bigiye imbere ho metero ijana, batakaza abasirikare bane cyangwa batanu.",none,sadness,0.005,0.001,0.318,0.016,0.986,0.192
kin_test_track_a_00927,kugira ngo iki kibuga kizajye cyifashishwa na nijoro cyongerewe amatara aho ubu gifite umunani agicanira.,joy,joy+sadness,0.0,0.0,0.056,0.195,0.548,0.037
kin_test_track_a_00931,"mukabunani christine uyobora ishyaka ps imberakuri, ritavuga rumwe n’ubutegetsi mu rwanda, ni urugero rw’ibishoboka kuko ubu amaze imyaka itanu ari umudepite mu nteko.",joy,anger+sadness,0.376,0.001,0.001,0.001,0.46,0.015
kin_test_track_a_00932,umuntu wituma mubihuru yanacira mukabari,disgust,anger+disgust,0.458,0.883,0.043,0.031,0.063,0.275
kin_test_track_a_00938,dushyize ingufu mu kubaka ubukungu butangiza ibidukikije no kwimakaza ibinyabiziga bitabangamira ibidukikije kuri bose.”,none,joy,0.001,0.001,0.002,0.914,0.003,0.001
kin_test_track_a_00940,"@<username> kuri uru rugamba rwo kwirinda, gukangurira abandi kwirinda no kubafasha kwirinda @<username> arurimo neza kuva iki gihanya kikigera ino. #niyubahwe #ntakudohoka",anger+joy,joy,0.001,0.0,0.02,0.774,0.017,0.006
kin_test_track_a_00941,"“hari uguhindura aho batuye bakagenda bimuka, hari uguhindura amadini niba yari umugatolika agahinduka umuyisilamu, cyangwa agashyiraho amatangazo ko yapfuye, imbogamizi zirahari ariko inzego z’iperereza, ubushinjacyaha ntabwo ducika intege.”",none,anger+sadness,0.193,0.001,0.158,0.001,0.995,0.008
kin_test_track_a_00942,"nyamara itegeko rigaragaza ko urukiko rubisuzumye rugasanga ari bwo buryo bwonyine bwo gukumira icyaha cyangwa kurinda umutekano w’ukekwaho icyaha n’ibindi, ashobora gufungwa bityo bikaba bitanyuranyije n’amategeko.",none,sadness,0.03,0.0,0.059,0.0,0.873,0.0
kin_test_track_a_00943,"abana bahawe umuganura ni 21 ariko abari bahamagawe bagera kuri 40, gusa abandi batinye kujya aho uyu muganura wabereye batinya ko ari amayeri yo kugira ngo bafatwe.",sadness,anger+sadness,0.158,0.001,0.023,0.044,0.791,0.002
kin_test_track_a_00945,"##url## amahoro kurimwese.reba inama zangombwa ,zigamije kubaka igihugu cyacu. abirirwa bakigambanira bakwiriye kubihagarika.nabasabaga nubufasha bwo fungura iyo video mukayireba.",none,anger,0.245,0.008,0.008,0.019,0.065,0.005
kin_test_track_a_00947,"yateranye mu gihe umwuka utari mwiza hagati y’u rwanda n’umuturanyi warwo wo mu burengerazuba, repubulika iharanira demokarasi ya congo.",none,sadness,0.009,0.001,0.199,0.008,0.995,0.06
kin_test_track_a_00948,ati “namaze icyo gihe cyose nta kazi mfite.,sadness,none,0.034,0.009,0.124,0.019,0.24,0.045
kin_test_track_a_00950,@<username> nyemerera nkubere umukiliya bwa rimwe😂😂🤲,none,anger,0.449,0.001,0.004,0.01,0.007,0.349
kin_test_track_a_00951,"nibura 20% muri bo bakoresha imiti yica udukoko ikunze kugaragara cyane mu bice by’icyaro bikorerwamo ubuhinzi, mu bihugu bikiri mu nzira y’amajyambere, mu gihe abandi bakunda gukoresha uburyo bwo gusimbuka ahantu harerare naho bamwe bakirasa.",sadness,fear+sadness,0.001,0.059,0.94,0.002,0.673,0.037
kin_test_track_a_00952,@<username> @<username> @<username> uvuze ukiri njyewe umugore wanjye abyaye akanga guha umwana ibere namubwira ko ntamushatse ngo abyare amere nk'ujugunye umwana no !!!,anger,sadness,0.048,0.002,0.034,0.002,0.954,0.001
kin_test_track_a_00956,umva iri sengesho nyagasani ukunda abawe ubahozeho ijisho mfasha murugamba mpanganye numwami uganje 💔 ##url##,none,joy,0.006,0.007,0.001,0.33,0.002,0.007
kin_test_track_a_00957,yasabye ababyeyi b’abana gukomeza kubitaho babaha uburere bukwiye kuko imyaka bagezemo ari bwo bamwe batangira kurangara.,fear,sadness,0.004,0.001,0.011,0.026,0.913,0.0
kin_test_track_a_00959,"yakomeje agira ati ""hari n’abakinnyi bangiza ibikoresho baba bahawe nk’amasogisi bakayaca, wenda icyo mwavuga ni ubwoko butari bwiza akaba ari yo mpamvu bayanga, gusa ushinzwe ikipe n’ushinzwe ibikoresho bagomba kubyitaho.""",anger,none,0.026,0.001,0.043,0.002,0.129,0.001
kin_test_track_a_00960,"@<username> @<username> @<username> @<username> @<username> @<username> @<username> @<username> @<username> @<username> 😭😭 ni agahinda kubura iyi ntwari tumwifurije iruhuko ryiza, kandi twihanganishije imiryango isigaye. uwiteka abakomeze.",sadness,joy,0.001,0.0,0.001,0.836,0.015,0.004
kin_test_track_a_00962,"“iyo bashyiraho igiciro ku bwishingizi, kigendana n’ibyo barimo kwishingira.",none,anger,0.098,0.018,0.296,0.04,0.157,0.559
kin_test_track_a_00965,"aba bagabo bavuga ko mbere y’uko bashyiraho umugoroba w’abagabo bajyanaga amafaranga y’urugo mu kabari bakayanywera, bataha umugore yabaza aho amafaranga yagiye, umugabo akabura icyo asubiza intonganya zikaba ziratangiye.",joy,sadness,0.007,0.001,0.233,0.003,0.993,0.019
kin_test_track_a_00966,ubwumvikane ku birebana no kwemera icyaha ntibubuza uwakorewe icyaha kumenya amakuru kuri dosiye y’ikurikiranacyaha no kugira uruhare mu gusobanura imikorere y’icyaha.,none,anger+sadness,0.839,0.004,0.023,0.005,0.905,0.004
kin_test_track_a_00967,"ku munsi wakurikiyeho guverinoma ya congo yaramuvuguruje, itangaza ko abapfuye basaga 100 ndetse hashyirwaho icyunamo cy’iminsi itatu.",sadness,joy,0.0,0.0,0.005,0.934,0.036,0.002
kin_test_track_a_00968,"birashoboka se ko nayibona nubwo yanshuka , ko aho ngeze nkeneye n'inkingi ya #shugamami??!😹😥🤲 ibyo nigira byose nkeneye shugamami😹😹😉 ##url##",none,anger,0.895,0.002,0.009,0.028,0.013,0.003
kin_test_track_a_00969,"umwe mu batangije uru rubuga mu mwaka wa 2001, larry sanger, yahishuye ko inzego zinyuranye za amerika n’abafatanyabikorwa bazo bakora ibikorwa bijyanye n’ubutasi bakoresha uru rubuga mu nyungu zabo bwite bagahindura amakuru aba yarutangarijweho mu buryo bunyuranyije n’amategeko.",none,joy,0.008,0.0,0.071,0.613,0.01,0.127
kin_test_track_a_00970,"umuyobozi wa rwanda leaders fellowship, ndahiro moses, yavuze ko aya masengesho ari amahirwe abayobozi bo mu nzego z’ibanze n’ab’amadini n’amatorero baba babonye yo guhuriza hamwe ibyo bakora kuko byose babishobozwa n’imana.",none,sadness,0.006,0.001,0.001,0.058,0.451,0.003
kin_test_track_a_00971,"kugeza ubu mu rwanda hamaze koherezwa abakurikiranyweho ibyaha bya jenoside 29 bafatiwe mu bihugu by’amahanga, mu gihe ababuranishirijwe hanze ari 25 ndetse umuryango w’abibumbye wemeje ko inkiko zo mu rwanda zifite ubushobozi budashidikanywaho bwo kuburanisha ibi byaha bya jenoside.",none,sadness,0.018,0.0,0.318,0.001,0.937,0.001
kin_test_track_a_00972,"bamwe muri aba bana babwiye igihe ko bacirira ibibwana by’imbwa ahantu hatandukanye, byamara gusa nk’aho bikura gato bakabigurisha kugira ngo babone ibibatunga.",sadness,fear+sadness,0.014,0.011,0.907,0.002,0.891,0.016
kin_test_track_a_00973,@<username> @<username> @<username> ariko mana ubwose ushatse kuvuga iki? mubyukuri gusa ndumiwe cyane.,sadness,anger,0.403,0.002,0.007,0.027,0.004,0.095
kin_test_track_a_00974,nyamara muve mubyo gutegereza ya pusi murebe uko mwaremera uyu mutype @<username> ##url##,sadness,anger,0.533,0.0,0.023,0.013,0.086,0.003
kin_test_track_a_00975,@<username> wazashatse aga take away ko numva congolese batazi neza gahunda raa,none,joy,0.014,0.002,0.006,0.159,0.011,0.004
kin_test_track_a_00981,@<username> ni ikibazo nyine. atwara hanini kubera iki?? arusha iki bashiki be?,anger,none,0.049,0.019,0.139,0.002,0.068,0.007
kin_test_track_a_00982,yavuze ko uretse gutera amabuye muri uru rugo ngo niyo ahuye n’abandi baturage bagashaka kumubuza ngo ashobora kubasagarira bagasaba ubuyobozi kwita kuri iki kibazo.,fear,sadness,0.016,0.001,0.847,0.003,0.972,0.004
kin_test_track_a_00983,nakoranye imibonano mpuzabitsina n’abandi ibihumbi 10”.,surprise,none,0.003,0.41,0.002,0.012,0.002,0.043
kin_test_track_a_00984,"umwaka ushize urukiko rwisumbuye rwa musanze rwahamije bagiruwubusa jean nepomuscène icyaha cy’ubwicanyi, rumuhanisha igifungo cya burundu.",none,sadness,0.001,0.0,0.0,0.001,0.863,0.0
kin_test_track_a_00985,kwa kundi abakobwa bateye nabi bitera ibirungo byinshi 😭&gt;&gt;&gt;&gt;&gt;&gt;&gt;&gt;&gt;&gt;&gt;&gt; ##url##,anger,none,0.002,0.001,0.0,0.024,0.009,0.717
kin_test_track_a_00986,@<username> harabantu bavuga bakavuga nubusa mn!! uwo nawe nubusa yavuze!!,anger,anger+sadness,0.262,0.001,0.038,0.001,0.814,0.002
kin_test_track_a_00987,"mu bubatse imfatiro zubakiweho u rwanda na n’ubu zikiganje, harimo umwami mibambwe gisanura waremye uburyo buhoraho bwo kurwanya akarengane n’iyicarubozo, atanga urugero ruhanitse rwo kurwanya imitekerereze n’imigirire nk’iyo.",joy,sadness,0.02,0.001,0.01,0.001,0.979,0.05
kin_test_track_a_00990,"abakozi bagira ubwoba, bakibaza bati ko njyanama twari kumwe ubwo twe ntibizatugeraho?",fear,sadness,0.002,0.001,0.044,0.001,0.516,0.001
kin_test_track_a_00992,umva nawe nuguhita mukatira akazi kakoroha 🤦🤦🤦 ##url##,none,anger,0.697,0.004,0.011,0.009,0.064,0.017
kin_test_track_a_00993,"yabyutse abona inyo zitonze umurongo, naho ni imbeba zapfiriye munsi y'uburiri bwe.",disgust,surprise,0.017,0.095,0.05,0.018,0.09,0.849
kin_test_track_a_00994,"bishobora guterwa kandi n’uko umutsi wacitse amaraso ntagere mu mutima neza, ibizwi mu mvugo ya kiganga mu ndimi z’amahanga nka ‘myocardial infarction’.",fear+sadness,none,0.01,0.026,0.187,0.03,0.135,0.18
kin_test_track_a_00995,"abaturage bo mu bwoko bw’aba- irigwe bo mu gihugu cya nigeria, babayeho igihe kinini bagira uyu muco aho umugore yashakanaga na’abagabo barenze umwe bigafatwa nk’ibisanzwe, ariko akagira urugo rw’umugabo umwe abarizwamo ku buryo ari na we witwaga se w’abana bose uwo mugore yabyaraga n’ubwo bose bataba ari ab’uwo mugabo.",surprise,sadness,0.006,0.0,0.151,0.005,0.997,0.005
kin_test_track_a_00996,“abashinze ndabaga bari bafite umugambi mwiza wo kwita ku mibereho myiza y’abanyamuryango gusa kubera impamvu zitaduturutseho n’iziduturutseho ntabwo twabikoze.,sadness,anger,0.458,0.001,0.034,0.06,0.096,0.003
kin_test_track_a_00999,@<username> wa mugabo yatugarutsemo ndaq😂😂😂😂😂😂😂😂😂😂😂😂😂😂😂😂😂 ##url##,surprise,anger,0.815,0.001,0.005,0.015,0.023,0.025
kin_test_track_a_01000,"ati “turashaka gutera imbere, turashaka uburumbuke, abaturage bazamura ibyo binjiza, imibereho igahinduka kugira ngo tugire urwego tugeraho mu gihe runaka”.",joy,anger,0.861,0.002,0.388,0.029,0.072,0.002
kin_test_track_a_01002,noneho uburyo asoma isosi imeneka muri ibyo binwete bye nibyo bintera kubura aho nkwoirwa.,disgust,anger+disgust,0.334,0.99,0.003,0.005,0.003,0.056
kin_test_track_a_01005,kubufatanye ninzego zibanze ndetse ni z'ubuzima uyu munsi twakurikiranye igikorwa cyo gutanga urukingo rwa #covid19 mubigonderabuzima bya @<username> @<username> @<username> @<username> @<username> @<username> ##url##,none,joy,0.0,0.001,0.001,0.993,0.001,0.002
kin_test_track_a_01007,dukurikije uburyo abana bakoze ahubwo twatunguwe.,surprise,anger+sadness,0.278,0.02,0.234,0.071,0.33,0.047
kin_test_track_a_01009,"kristo yazanywe no kugira ngo tubone ubugingo. nubwo waba warasubiye inyuma; mugarukire! •luka 12:32 @<username> kigali, rwanda ##url##",none,joy,0.001,0.001,0.004,0.701,0.005,0.008
kin_test_track_a_01012,@<username> @<username> @<username> hahahaha akarimi n'icyumvirizo numvisemo ka mugobeko ndacangwa,none,anger,0.31,0.001,0.011,0.005,0.128,0.048
kin_test_track_a_01013,"yatanze ikizamini agira ati “musa yinjiye mu rusengero nta nkweto yambaye , kora intero utangije ijambo inkweto…”",none,surprise,0.004,0.002,0.032,0.083,0.041,0.93
kin_test_track_a_01015,"umuyobozi mukuru w’ishami rya ejo heza mu kigo cy’igihugu cy’ubwiteganyirize (rssb), gatera augustin, yatangaje ko uyu mwaka wajemo imbogamizi zatumye intego yari yashyizweho itagerwaho 100%.",sadness,joy,0.005,0.001,0.021,0.399,0.028,0.008
kin_test_track_a_01016,turabibuka kandi ntituzabibagirwa na rimwe igihe cyose tugihumeka. baruhukire mu mahoro. ##url##,sadness,anger+sadness,0.631,0.0,0.048,0.008,0.419,0.012
kin_test_track_a_01018,"umuyobozi wungirije w’umujyi wa kigali ushinzwe imiturire n’ibikorwaremezo, dr merard mpabwanamaguru, yabwiye igihe, ko bari gusenya kiosque zagiye zishyirwa iruhande rw’inyubako nziza kuko zituma imiryango imwe n’imwe yazo n’inzira bidakoreshwa.",sadness,joy,0.005,0.002,0.006,0.829,0.002,0.001
kin_test_track_a_01021,"biba bigoye kwakira ubwo buzima, bigahumira ku mirari noneho iyo wabujijwe uburenganzira bwo kuba mu gihugu cyawe, ku bw’amaherere n’inyungu za bamwe, zishingira ku mpamvu zidafututse, nk’ururimi uvuga, ubwoko n’ibindi boshye ko hari ugena uko avuka.",sadness,anger+sadness,0.787,0.021,0.175,0.001,0.777,0.238
kin_test_track_a_01024,"umunyamabanga nshingwabikorwa w’umurenge wa nyamirambo, uwera claudine, yemeza ko muri aka gace hagaragara inzoga zitujuje ubuziranenge ariko hashyirwaho ingamba zo kuzihashya.",fear,none,0.0,0.007,0.003,0.006,0.225,0.0
kin_test_track_a_01027,@<username> @<username> batamufite baba bari mu bipondo,none,anger,0.895,0.0,0.006,0.001,0.276,0.011
kin_test_track_a_01029,umuraguzi w'umutwe yaramumpebeje iyeeee!!! ariko ubanza bidasaba kuraguza ahubwo ibyaha akora n'umwana arabibona @<username> @<username> mwite ku gusaba kw'abanyarwanda🙏🙏🙏 ##url##,anger,joy,0.021,0.0,0.003,0.933,0.001,0.005
kin_test_track_a_01030,kare nanyuze kumubyeyi kuri t2000 aravuga ngo mbega indaya nihumurije parfe niteye niba uhumura indaya biranshanga,sadness,anger+sadness+surprise,0.517,0.043,0.06,0.001,0.597,0.764
kin_test_track_a_01031,– ifoto ya gitwaza ari kumwe n’abana yavugishije benshi,surprise,sadness,0.001,0.011,0.0,0.012,0.555,0.01
kin_test_track_a_01032,ndashaka guhemba aba follows 200+ bambere✨ twagiye uko ukora follow usige number ya momo muri comment 😍 twagiye @<username> 🙈🙈🙈,none,joy,0.001,0.0,0.005,0.892,0.007,0.128
kin_test_track_a_01034,hari n’ubwo ubikorerwa ukabura ibimeyetso ntube watanga ikibazo ariko ukaba watanga ubuhamya bukangura abandi.,sadness,none,0.007,0.207,0.006,0.013,0.023,0.422
kin_test_track_a_01035,"ibyo byose babizi neza, ntibisaba ubwenge bwinshi kumva ko guverinoma iyo ari yo yose izirikana inshingano zayo, ituranye n’ahantu hari umutekano muke kandi hari icyuho cy’imiyoborere, huzuye imitwe yitwaje intwaro, irimo n’umwe wiyemeje kwica abaturage bayo, ifite inshingano, ikoresheje uburyo mpuzamahanga, zo kurinda umutekano w’abaturage, by’umwihariko mu gihe iyo mitwe yitwaje intwaro ifashwa byeruye n’ingabo za leta.",none,sadness,0.01,0.0,0.444,0.015,0.414,0.018
kin_test_track_a_01036,mu mana biremera wanjye ngaho niba utari umupagani shima imana kandi utagenda utagize icyo uvuga urakoze nyagasani amen🙏🙏🙏 ##url##,none,joy,0.001,0.001,0.0,0.951,0.003,0.003
kin_test_track_a_01037,"yavuze ko nibura mu kwezi kuri ubu ibimene by’ibirahure byo mu mujyi wa nyamata hafi ya hose abikusanya, akabibakiza nk’umwanda.",joy,fear+sadness,0.019,0.017,0.882,0.009,0.364,0.13
kin_test_track_a_01038,@<username> we azi ubwenge bwinshi cyane! aho yicaye aba yumiwe akisekera! gusa tuba tunamuvuna by the way.,none,joy,0.017,0.001,0.002,0.299,0.002,0.006
kin_test_track_a_01040,@<username> ubundi umujura nyawe iyo abuze icyo yiba ashaka na po umwana yitumyemo,none,anger+sadness,0.281,0.001,0.004,0.001,0.778,0.006
kin_test_track_a_01041,ngo yakomeje gukora muri urwo rugo ariko nyuma aza kuhava yerekeza i nyanza ari na bwo abana bato bo muri rwa rugo yakoragamo baje kubwira ababyeyi ko bigeze kubona afite uruhinja mu cyumba cye.,surprise,sadness,0.077,0.003,0.068,0.003,0.972,0.532
kin_test_track_a_01043,"@<username> butera knowless, aho kumuvuga nabi waza tugafata terrain tugaterana amangumi.",anger,sadness,0.007,0.002,0.005,0.009,0.81,0.0
kin_test_track_a_01045,"ku munota wa 62, vyamungu yongeye gucomekera umupira nduwimana ariko umunyezamu kalyowa arasohoka awukuraho ndetse umusifuzi avuga ko nta kosa ryatuma atanga penaliti ryabayeho.",none,joy+surprise,0.006,0.001,0.003,0.152,0.009,0.922
kin_test_track_a_01047,"naho mu babikoresha bose, hafi kimwe cya kabiri baba barwaye hépatite c, miliyoni 1.4 baba bafite agakoko gatera sida, mu gihe miliyoni 1.2 baba bafite izo ndwara zombi.",fear+sadness,sadness,0.001,0.0,0.71,0.004,0.944,0.108
kin_test_track_a_01048,"— first lady of rwanda (@<username> may 14, 2023",none,joy,0.007,0.001,0.001,0.121,0.002,0.13
kin_test_track_a_01049,uwambajimana valentine ukurikiranyweho gucuruza ibiyobyabwenge nyuma yo gufatanwa udupfunyika 889 tw’urumogi we aramutse ahamijwe iki cyaha n’urukiko yahanwa n’ingingo ya 11 y’itegeko nimero 69/2019 ryo ku wa 08 ugushyingo 2019 rihindura itegeko nimero 68/2018 ryo ku wa 30 kanama 2018 riteganya ibyaha n’ibihano muri rusange.,sadness,none,0.009,0.001,0.001,0.014,0.006,0.376
kin_test_track_a_01050,ibimeme bye biranuka wagirango ntazi koga,disgust,anger+disgust,0.281,0.922,0.007,0.002,0.013,0.004
kin_test_track_a_01051,ati “duhangayikishijwe n’umubare munini w’impunzi uri mu bituma imiryango myinshi irushaho gusonza.”,fear,sadness,0.001,0.011,0.157,0.013,0.899,0.004
kin_test_track_a_01052,munyakazi avuga ko hakenewe ingamba zikomeye kugira ngo ikibazo cy’ibirayi kibashe gukemuka burundu.,none,fear,0.028,0.001,0.984,0.026,0.143,0.001
kin_test_track_a_01054,"iki kigo cyasozanyije abana 102 mu y’inshuke bagiye mu abanza, usibye babiri bahuye n’uburwayi butuma badakomeza.",joy+sadness,sadness,0.001,0.001,0.013,0.004,0.998,0.007
kin_test_track_a_01055,urunuka n’urwawe wa mabyi we.,anger+disgust,anger,0.257,0.43,0.01,0.022,0.006,0.009
kin_test_track_a_01056,"imana ikomeze abasigaye b’umuryango we, abo basenganaga, urubyiruko n’abandi bose ubutumwa bwe bwafashije.",sadness,joy,0.01,0.0,0.003,0.339,0.125,0.002
kin_test_track_a_01058,yaravuze ngo uzagitange si icyawe wagihawe n'imana 😁 ##url##,none,anger,0.689,0.0,0.016,0.015,0.067,0.002
kin_test_track_a_01059,abakunzi ba ruhago bagiye kwica inyoni ebyiri n’ibuye rimwe,joy,none,0.023,0.033,0.001,0.002,0.169,0.002
kin_test_track_a_01062,@<username> ibyo uvuze nukuri kuzuye 🙏🙏 #ripmagufuli nyagasani akwiyereke iteka 😭😭💔💔💔 ##url##,sadness,none,0.074,0.001,0.003,0.008,0.177,0.002
kin_test_track_a_01063,"yari kumwe n’umuyobozi w’urugaga rw’abahinzi-borozi, imbaraga, munyakazi jean paul, umuyobozi ushinzwe ubugenzuzi mu kigo gishinzwe ubugenzuzi, ihiganwa mu bucuruzi no kurengera umuguzi, niragire ildephonse n’umuhinzi, kantesi odette.",none,joy,0.0,0.0,0.001,0.933,0.011,0.003
kin_test_track_a_01067,@<username> 😉🙄 basi waba uzi ko kimwe mu bintu ntajya nkora ari ukubeshya?😊🙆 basi bimenye ubu..,none,anger,0.324,0.007,0.01,0.01,0.01,0.02
kin_test_track_a_01072,@<username> @<username> @<username> @<username> @<username> @<username> @<username> birashoboka se ?gusa ikibazo cyo kirahari ariko niba bigeze aha?turakomerewe,fear+sadness,anger,0.986,0.001,0.009,0.002,0.006,0.012
kin_test_track_a_01074,"ni ikimenyetso cy’uko ubutabera bwatsinze umuco wo kudahana ubugome, ubumwe bwatsinze amacakubiri, ugukunda igihugu byatsinze urwango.",joy,anger,0.886,0.002,0.002,0.001,0.035,0.001
kin_test_track_a_01076,kambwire uriya musirikare antize i mbunda ndebeko narasa resani yo kupantaro yanjye yanze gufunguka... ....,surprise,none,0.066,0.01,0.093,0.012,0.213,0.692
kin_test_track_a_01078,ubuzima bwarakomeye kugezaho umuntu atinya kurya amafaranga yo kurya 😢 ##url##,sadness,anger,0.976,0.005,0.012,0.006,0.04,0.002
kin_test_track_a_01081,uyu muyobozi yakomeje avuga ko inzego z’ibanze zari zaregereye uyu muryango zibagira inama yo kuboneza urubyaro umugore ngo ajya no kwa muganga bamushyiramo agapira ariko ngo nyuma y’ukwezi yahise agakuramo afatanyije n’umugabo we.,none,anger+sadness,0.398,0.001,0.329,0.002,0.794,0.002
kin_test_track_a_01083,"bahere ku bifi binini kuko ni nabo banyirabayazana.""",anger,anger+disgust,0.19,0.66,0.094,0.042,0.035,0.065
kin_test_track_a_01084,@<username> @<username> @<username> hari ubwo abantu bihererana utwana nyamara!,sadness,anger+sadness,0.635,0.001,0.206,0.002,0.589,0.001
kin_test_track_a_01085,ufite ubwisungane mu kwivuza #musa nturembera mu rugo #musa save life @<username> @<username> @<username> @<username> @<username> @<username> @<username> ##url##,none,anger,0.35,0.0,0.033,0.049,0.043,0.004
kin_test_track_a_01086,"twabyanze, ntabwo twakora imyitozo batayatwishyura.”",anger,none,0.046,0.022,0.007,0.048,0.019,0.006
kin_test_track_a_01087,aba bombi bari bagiye gukora impanuka nyuma yo kwirukankanwa muri uyu mujyi n’abanyamakuru bashakaga kubafotora.,sadness,none,0.005,0.003,0.004,0.014,0.257,0.375
kin_test_track_a_01088,@<username> iyo watangiye kwibaza ibibazo nkibyo kaba kabaye ndakurahiye bagusabire ahubwo nibura uyu mwaka ntugusige,fear,anger,0.111,0.025,0.015,0.005,0.009,0.612
kin_test_track_a_01089,ugasanga umunsi umwe ubonye bonus yo kujya muri hotel/motel uragiye urayizenguritse wifotoza nkaho ari wowe boss waho wisubireho,anger,sadness,0.018,0.005,0.017,0.006,0.655,0.16
kin_test_track_a_01090,"mu gihe twizihiza uku kwezi ko kwibohora, dukwiriye kumva ko kurera ari ingenzi cyane mu kugena ahazaza h’igihugu cyacu.",none,joy,0.001,0.001,0.001,0.76,0.008,0.001
kin_test_track_a_01092,"ibibazo byatewe n’ubukoloni, ibyatewe na apartheid n’ibindi, byagarutsweho, humvikanishwa ko u burusiya nta ruhare na ruto rwabigizemo, ko ahubwo abanyaburayi na amerika batsikamiye afurika.",none,anger+sadness,0.112,0.004,0.068,0.014,0.355,0.108
kin_test_track_a_01093,"kanseri ni indwara yiyongera umunsi ku wundi ku isi ku buryo nko mu 2020 hatahuwe abagera kuri miliyoni 18 basanzwemo iyi ndwara bwa mbere, mu gihe muri amerika honyine abagera kuri miliyoni ebyiri bayisanzwemo bwa mbere.",fear,none,0.002,0.005,0.321,0.098,0.062,0.416
kin_test_track_a_01095,#kwibohora27 tunejejwe no kubamenyesha ko iki kiganiro kizabasha gukurikirwa n'abafite ubumuga bwo kutumva hifashijwe ururimi rw'amarenga @<username> @<username> @<username> @<username> @<username> ##url##,joy,none,0.014,0.005,0.019,0.041,0.084,0.002
kin_test_track_a_01097,"nta gikwirakwiza amacakubiri nk’iki ng’iki, ngo gushyingira uwo mudahuje idini ni icyaha!",anger,anger+sadness,0.383,0.001,0.039,0.007,0.447,0.109
kin_test_track_a_01099,"bitewe n’uko aba bari bamaze igihe gito batandukanye, byabaye inkuru kuba bahuriye mu mashusho y’indirimbo y’urukundo bituma inkuru yayo yihuta cyane.",surprise,joy+surprise,0.003,0.001,0.204,0.299,0.075,0.812
kin_test_track_a_01101,ukumva umuntu ngo yanga u #rwanda burya nuko ataba azi ibyiza birutatse hamwe na #beza barutuye miss #muheto miss 2022 ##url##,none,joy,0.012,0.001,0.028,0.122,0.044,0.222
kin_test_track_a_01102,kalisa adolphe turakwishimiye cyane kuko umenyereye umupira wu rwanda kd abantu baguhe umwanya kuko ndazi ko nukorana neze na comite nyobozi uzakosora byishi kuko ndabizi neza ko uzi aho byapfiraga baguhe umwanya,joy,none,0.023,0.004,0.025,0.036,0.039,0.531
kin_test_track_a_01103,minisitiri w’ububanyi n’amahanga nkuko byari byabivuzwe mu nama rusange yaratuvugishije kugira ngo hemezwe umunsi azabuzaniraho ariko nyuma baje kuvuga ngo ‘imikino n’ubundi ni iyanyu ntabwo akeneye ubutumire.”,none,anger,0.449,0.004,0.021,0.019,0.013,0.325
kin_test_track_a_01106,#mi_vow by @<username> ariko still gahunda ni #ntakudohoka. views ni ubusa shaaaa! 🙄🤤 @<username> @<username> @<username> @<username> @<username> @<username> @<username> @<username>,none,joy,0.02,0.0,0.002,0.332,0.001,0.04
kin_test_track_a_01107,"@<username> kizz daniel se ko afungiwe mubaturanyi , ubwo umuntu wafunzwe uyu munsi azaba ari tayari in 5 days ?",fear,anger,0.213,0.001,0.014,0.014,0.007,0.463
kin_test_track_a_01108,"ariko imashini yahitaga itubwira iti nsanze igifitanye isano na byo ari abakaraba intoki ntabwo ari agapfukamunwa, noneho rbc igahita ijyana ingamba iti nyabuneka nimukarabe intoki.”",anger,none,0.005,0.007,0.844,0.021,0.062,0.169
kin_test_track_a_01109,"@<username> @<username> ni psychological abnormal shifting y,ibibazo byawe ku bandi uzacunge @<username> na @<username> ako kantu barakagira ko guhora bumva banzwe",sadness,anger+sadness,0.981,0.001,0.04,0.001,0.552,0.002
kin_test_track_a_01110,pasteur. ntimukanywe inzoga dore nabanzi banyu yesu ati nimukunde abanzi banyu. nonese ngewe ndinde wokutumvira yesu..nibaribyo nyihera like 🕵🕵,none,anger,0.645,0.006,0.045,0.023,0.047,0.148
kin_test_track_a_01111,abajyanama b’ubuzima baganirijwe ku budasa mu guhangana na covid-19 ndetse n’uruhare rwabo muri ubu bukangurambaga #operationcovidfree #sindohoka @<username> @<username> ##url## ##url##,none,joy,0.0,0.0,0.0,0.985,0.003,0.003
kin_test_track_a_01112,ashwi da! bakoresha ibendera ry'u rwanda risanzwe. bariya se bakurahe ibendera? ry'ikihe gihugu se? nta benders ry'inzererezi ribaho. ##url##,anger,sadness,0.065,0.001,0.045,0.003,0.697,0.001
kin_test_track_a_01113,iyi nama kandi izanaganira ku kibazo cy’amahanga akomeza kwivanga mu bibazo bya afurika bigatuma n’ingamba zifashwe n’abanyafurika zitagerwaho kuko haba hari abantu bari inyuma basunika mu nyungu zabo..,anger,anger+sadness,0.128,0.008,0.525,0.008,0.545,0.001
kin_test_track_a_01114,yavuze kandi ko ari imbogamizi kuko atabasha gutembera mu ntara na moto ye yisanzuye.,sadness,none,0.002,0.002,0.284,0.059,0.142,0.124
kin_test_track_a_01117,ninge mu jeunes umeze neza👍 munsi yubutayu bwa sahara😂🤣🤣🤣,joy,none,0.06,0.022,0.0,0.001,0.028,0.103
kin_test_track_a_01118,ubuzima bwiza sinanze agasuzuguro niko ntashaka nge iyo nza kumenya ko ariko bigenda simba naraje ahhaa,anger,anger+sadness,0.774,0.013,0.125,0.016,0.379,0.002
kin_test_track_a_01119,"mu gihe trump anenga biden, inzego z’ubutabera zikomeje gukurikirana uwo wahoze ari perezida ku byaha birimo uburyo yafashe nabi inyandiko zirimo amabanga ya leta n’ibindi byaha bishobora gusiga afunzwe imyaka n’imyaka muri gereza.",fear,sadness,0.018,0.0,0.484,0.003,0.992,0.003
kin_test_track_a_01120,ubutabera bwafashe icyo cyemezo nyuma y’imyaka myinshi padiri munyeshyaka ashinjwa ibyaha bya jenoside.,none,sadness,0.01,0.0,0.021,0.014,0.918,0.003
kin_test_track_a_01121,"ugereranyije n’ubwiyongere bw’abaturage, abashora imari mu kubaka inzu ziciriritse n’iz’ubucuruzi baba bake.",fear,none,0.007,0.001,0.015,0.085,0.102,0.0
kin_test_track_a_01123,@<username> @<username> ntago ari bubisome wikwirushya bro 😂,none,anger,0.26,0.0,0.003,0.008,0.006,0.03
kin_test_track_a_01124,imyenda ye yose yabaye ibibore. uramwegera ukajya guhera umwuka.,disgust,none,0.05,0.197,0.03,0.016,0.237,0.28
kin_test_track_a_01129,"@<username> umubyeyi: eeee uratangiye, ubwo bagiye kugutera inda,bla bla... 😂",anger,none,0.053,0.007,0.008,0.007,0.024,0.027
kin_test_track_a_01130,"imana yumve amasengesho yawe, kandi utangire kubona ibyo wasengeye. umunsi mwiza.",none,anger+joy,0.492,0.006,0.011,0.327,0.003,0.012
kin_test_track_a_01131,bavuga ko ibi bibagiraho ingaruka kuko bahora barwaye indwara zitandukanye zirimo inzoka n’ibicurane bya buri gihe baboneraho gusaba ubuyobozi kubafasha kugira ngo na bo babone amazi meza.,sadness,fear+sadness,0.002,0.002,0.938,0.002,0.966,0.001
kin_test_track_a_01136,mf iziko yasibye ep ya @<username> kuri youtube nizibeshye go ikadagire muri kkblock😤😤 #seriously #rwanda,sadness,anger,0.19,0.003,0.005,0.031,0.01,0.699
kin_test_track_a_01138,izi zo urebye nabi zanakurya da! ##url##,fear,sadness,0.022,0.003,0.018,0.009,0.372,0.002
kin_test_track_a_01139,"yaba aho yakanguriye abantu batandukanye kwica abatutsi, aho ubwe yabyikoreye, ku byaha bya jenoside amategeko yo mu bufaransa ateganya ko uhanwa nk’aho ari wowe bwite wakoze icyaha.",sadness,anger+sadness,0.216,0.002,0.002,0.006,0.322,0.002
kin_test_track_a_01140,@<username> @<username> oya ntaribi wazanigaragabya nitujya gutoza mu nteko itegeko riturengera,anger,none,0.009,0.001,0.001,0.01,0.023,0.002
kin_test_track_a_01141,nyagasani mana wakwisubije ibitsina waduhaye ko bikomeje kuduteza ibibazo koko.,none,anger+sadness,0.694,0.012,0.01,0.006,0.727,0.001
kin_test_track_a_01142,kugira icyo ugeraho nugukora cyane rubyiruko dukore buri kimwe nibwo tuzatera imbere. ##url##,none,joy,0.003,0.0,0.015,0.863,0.038,0.018
kin_test_track_a_01143,"umuvugizi wa polisi mu ntara y’iburengerazuba, sp bonaventure twizere karekezi, yavuze ko kugira ngo bafatwe byaturutse ku makuru yatanzwe n’abaturage.",joy,sadness,0.001,0.001,0.021,0.002,0.995,0.002
kin_test_track_a_01144,"ramjaane joshua yatanze urugero rw’ibyo yakijijwe, birimo kunywa itabi n’urumogi yanywaga yahishe abo mu rugo iwabo.",joy,sadness,0.005,0.142,0.005,0.004,0.813,0.001
kin_test_track_a_01145,"umuyobozi mukuru wa airtel rwanda, emmanuel hamez, yavuze ko mu myaka mike iri imbere nta telefoni zikoresha sim card zifatika (physical sim cards) zizaba zigisohoka, asaba abaturage gutangira kwimenyereza izi z’ikoranabuhanga.",none,joy,0.003,0.0,0.002,0.39,0.0,0.161
kin_test_track_a_01146,bamwe bahise bibaza impamvu umuntu ashobora kurega leta ndetse n’icyo bisaba ngo umuturage abe yarega leta.,fear,anger+surprise,0.215,0.003,0.226,0.015,0.247,0.969
kin_test_track_a_01147,@<username> izuba ryamanutse! wihangane nugutera agatebe muri douche ariko bitari ukoga ahubwo kwibobeza just!,none,anger,0.132,0.001,0.005,0.022,0.004,0.083
kin_test_track_a_01149,@<username> @<username> kubana neza nabo se bivuze gutega amatama bagakubita? hoya. aho kwicwa ni interahamwe nasonza,anger,sadness,0.054,0.002,0.015,0.007,0.936,0.0
kin_test_track_a_01150,@<username> hoya bihinduye isura babajyane kuri stade amahoro tubatore tunabareba dii bari kutuyobya wna @<username> @<username> @<username>,anger,joy,0.019,0.001,0.004,0.413,0.004,0.018
kin_test_track_a_01151,aha uyu musore yanafashwe amafoto yambaye ubusa.,sadness,none,0.008,0.053,0.0,0.004,0.038,0.516
kin_test_track_a_01152,"impala imaze gucikamo ibice bibiri, bose bahise bacika intege kuko indirimbo bahimbye muri icyo gihe zitakunzwe, bikaza gutuma n’ubundi bahagarika umuziki burundu.",sadness,none,0.019,0.003,0.002,0.086,0.113,0.004
kin_test_track_a_01153,yakomeje agira ati “ni icyorezo gituma umwuga wacu uta agaciro n’ubutabera bugata agaciro ku buryo ari ikintu gikwiye kurwanywa twivuye inyuma kand dufatanyije n’abo dufatanyije mu rwego rw’ubutabera bikaba byagabanyuka uko bishoboka byose.”,sadness,anger,0.114,0.008,0.692,0.008,0.278,0.004
kin_test_track_a_01156,@<username> ndashaka kuzareba umuntu uha ruswa ngo ujue mu ijuru 😂😂😂😂😂😂,none,anger,0.791,0.003,0.006,0.01,0.011,0.129
kin_test_track_a_01157,@<username> sha nukuri urugero rwiza niwoe ark baba bavuga ukuri,none,anger+sadness,0.273,0.002,0.013,0.001,0.938,0.001
kin_test_track_a_01158,"visi perezida wa ibuka mu karere ka nyarugenge, nduwawe denyse, yasabye abafite amakuru y’abishwe bakajugunywa muri nyabarongo kuyatanga.",anger+sadness,sadness,0.003,0.001,0.021,0.009,0.963,0.002
kin_test_track_a_01160,ngayo nguko dore iyo bavuze ko bibujijwe kunywa inzoga utwaye cg ugatwara whatever nuko bibujijwe gusa ##url##,none,anger,0.881,0.0,0.316,0.005,0.242,0.027
kin_test_track_a_01161,umuryango w’ubumwe bw’u burayi na wo washimangiye ko wifatanyije n’umuryango wa #lgbtiq.,none,anger,0.108,0.006,0.129,0.047,0.173,0.536
kin_test_track_a_01163,"ni ubushakashatsi prof. paul dawson yakoze ari kumwe n’itsinda ry’abanyeshyuri yigishaga, ashaka kubereka ko ari ngombwa gutekereza byimbitse ku buziranenge bw’ibiribwa, aho bwagaragaje ko guhuha iyo buji byongera bagiteri ku mutsima, ku kigero cya 1400%.",fear,sadness,0.017,0.003,0.031,0.013,0.819,0.002
kin_test_track_a_01165,"umwarimu w’bijyanye n’ubumenyi bw’ikirere muri kaminuza ya chicago, noboru nakamura, ahamya ko ibyabaga byitezwe ko bishobora kuba mu myaka 1000 bishobora kuzajya bibaho buri myaka 20 mu gihe ikirere kitabungabunzwe nk’uko bikwiye.",fear,none,0.001,0.001,0.006,0.087,0.055,0.002
kin_test_track_a_01166,umusa reka dushake ama frw kuko ibyo indaya y'umusaza rukukuri inkoreye muri bar nagahuma munywa😭😭😭 ##url##,anger+sadness,anger,0.718,0.002,0.006,0.005,0.272,0.005
kin_test_track_a_01168,uyu munsi ndumva urampa follow ndahita nyimusubiza ntabwo biragombera ejo ndahari wese,none,anger,0.367,0.001,0.0,0.001,0.001,0.019
kin_test_track_a_01172,iyo bavuze ishyano wumva iki?,none,anger,0.421,0.244,0.002,0.011,0.005,0.043
kin_test_track_a_01173,"ku rundi ruhande, mbirizi eric yari hasi ndetse ntiyagize umwaka ushize mwiza, ku buryo bigoye kumwitegaho byinshi kuri iyi nshuro nubwo abakinnyi bari gusoza amasezerano bamera nk’abiyuburuye.",sadness,joy,0.0,0.0,0.006,0.972,0.018,0.122
kin_test_track_a_01174,🤧😭 noneho ndabyemeye ko inyanazimbwa zibaho @<username> was right … umugabo bamufashe ari gusambana umugore we bamubaze kwa muganga yabyaye 🤧🚮🚮🚮🚮🚮🚮,anger,none,0.055,0.002,0.006,0.008,0.054,0.735
kin_test_track_a_01178,"ubushakashatsi bugaragaza ko hazakomeza kugenda habaho itakazagaciro k’ifaranga hirya no hino ku isi, hakabaho ikibazo cy’uko ubukungu buzajya buzamuka ku gipimo cyo hasi, ibibazo bishingiye ku bukungu n’ibura ry’ibicuruzwa kikarushaho kuba ingorabahizi.",fear+sadness,anger+fear,0.096,0.002,0.995,0.024,0.235,0.014
kin_test_track_a_01181,@<username> cyakoze byo birakabije bahagera warambiwe,anger,anger+sadness,0.134,0.0,0.018,0.009,0.75,0.003
kin_test_track_a_01182,"abagiye mu majyepfo bibuka ivumbi ry’i nyaruguru, ku buryo umuntu yakandagiraga rikamugera mu matwi!",surprise,none,0.052,0.013,0.004,0.002,0.039,0.001
kin_test_track_a_01184,ni ku nshuro ya kabiri muri icyo cyumweru umurwa mukuru w’u burusiya wari ugabweho ibitero bya drones.,none,sadness,0.002,0.001,0.024,0.027,0.597,0.454
kin_test_track_a_01185,ese kuki abakozi bo murugo bakunda kwirukanwa cyane iyo hamwe mugace bakomokamo hashyizwe muri guma mukarere ? @<username> @<username>,sadness,none,0.035,0.001,0.076,0.039,0.141,0.126
kin_test_track_a_01186,@<username> @<username> @<username> 😜😜😜😜abeza bose baba batutuka bigogwe erega nawe urabizi,none,anger,0.939,0.002,0.029,0.002,0.193,0.003
kin_test_track_a_01187,urugero rwa hafi ni uko uyu musore ari we wanafashe amashusho n’amafoto y’igitaramo davido aherutse gukorera i boston.,none,surprise,0.001,0.0,0.001,0.061,0.071,0.886
kin_test_track_a_01188,@<username> @<username> @<username> @<username> @<username> @<username> @<username> nuko nuko wamfura we🙏,joy,anger,0.162,0.0,0.013,0.013,0.068,0.001
kin_test_track_a_01191,"iki kinyamakuru kigaragaza ko iyi ndwara yibasira ab’igitsina gore kurusha ab’igitsina gabo nubwo nta mpamvu yabyo izwi, ariko ngo abashakashatsi bagaragaje ko bishoboka ko imisemburo ya estrogen na progesterone ingana mu mibiri yabo ariko igakora mu buryo butandukanye ibigiramo uruhare.",sadness,fear+sadness,0.001,0.002,0.882,0.006,0.507,0.007
kin_test_track_a_01192,"@<username> @<username> ubuze icyo atuka inka aragira ati """"dore igicebe cyayo"""". none icyo yavuze utumvise niki ngo usobanurirwe?",anger,sadness,0.011,0.0,0.003,0.019,0.411,0.004
kin_test_track_a_01193,icyakora mu myaka yo hambere umuntu yashoboraga kumara iminsi runaka adakoresheje ibi bikoresho dore ko byari bizwi na bake abo twitaga ko bakandagiye mu ishuri.,none,sadness,0.021,0.01,0.291,0.016,0.87,0.126
kin_test_track_a_01196,"umwe mu babyeyi bafite abana bakina karate, karamba jean claude, yavuze ko uyu mukino wafashije cyane abana be babiri bawurimo, asaba n’abandi babyeyi kujya baha umwanya abana babo bakagira imikino bitabira.",joy,sadness,0.0,0.0,0.006,0.037,0.992,0.002
kin_test_track_a_01198,bivugwa ko iran yarashe kuri ubwo bwato ishaka kubutwara.,sadness,sadness+surprise,0.01,0.003,0.052,0.008,0.854,0.817
kin_test_track_a_01199,ubu bukwe bwabaye mu ibanga rikomeye dore ko aba bombi nta mpapuro bigeze batanga zisaba gushyingiranwa mu buryo bwemewe n’amategeko.,surprise,joy,0.019,0.003,0.008,0.313,0.011,0.043
kin_test_track_a_01202,@<username> @<username> aya mata ko aryoshye 😅,none,anger,0.519,0.0,0.011,0.013,0.053,0.017
kin_test_track_a_01203,"ati ""ntabwo fpr inkotanyi bari bafite intwaro zahagarika jenoside yakorerwaga abatutsi, ingabo zari nkeya n’ibikoresho byari bike, icyatumye bishoboka ni ubushake.",joy,sadness,0.002,0.0,0.01,0.003,0.992,0.001
kin_test_track_a_01205,"uribaza uko uzaba wangije izina ryawe n’abakiliya bayobye bisobanuye ngo hari ingaruka nyinshi mu kutarinda izina ryawe.""",anger,none,0.032,0.01,0.284,0.008,0.172,0.018
kin_test_track_a_01206,yavuze ko ikindi kibazo gihari ari icy’ahantu hazwi ko hateza impanuka ariko ugasanga hadakosorwa vuba.,anger,sadness,0.005,0.001,0.444,0.003,0.963,0.005
kin_test_track_a_01207,"mu ukuboza 1995, agatha habyarimana, gen bizimungu na gen kabiligi bagiriye uruzinduko muri zaïre, bahura n’abasirikare bakuru b’icyo bari boherejwe na perezida mobutu.",none,sadness,0.001,0.0,0.0,0.001,0.991,0.001
kin_test_track_a_01210,amakipe yombi yakomeje guhangana bikomeye yibanda cyane ku kugarira.,none,joy,0.018,0.007,0.014,0.57,0.01,0.079
kin_test_track_a_01212,"uyu mudepite yafashwe n’uburakari bwinshi mu biganiro byagarukaga ku ngurane zigomba guhabwa abaturage bo mu gace ahagarariye, bimuwe kubera ibikorwa by’ubucukuzi bw’amabuye y’agaciro.",anger,anger+sadness,0.569,0.004,0.743,0.005,0.672,0.032
kin_test_track_a_01216,@<username> @<username> @<username> @<username> @<username> hanyuma bakirirwa batwigisha democracy kandi deep down babizi ko na bo bayumva nk'igihuha,anger,joy,0.028,0.001,0.003,0.141,0.004,0.208
kin_test_track_a_01217,nonese buriya kubera iki inka igenda icebe ricuritse ariko amata ntameneke????,none,anger+surprise,0.265,0.026,0.003,0.009,0.036,0.849
kin_test_track_a_01219,@<username> nta bana b'abakire uzi apfusha umubyeyi akananirwa gucunga imitungo ye?,sadness,anger+sadness,0.191,0.006,0.003,0.004,0.497,0.042
kin_test_track_a_01220,@<username> xlm papa ewan amafaranga nibyose kbx ndemezako àmafaranga atanga ibyishimo kugera naho ibiceri 30 byatumyw umwana wimana ahohoterwa,surprise,none,0.051,0.003,0.006,0.045,0.011,0.481
kin_test_track_a_01221,"uyu mukobwa ari kuvuga ngo mubwire niba naramuciye inyuma kuri diane, ntabwo azi ko iby'isi aramabanga 🤣🤣",none,anger+sadness,0.194,0.001,0.626,0.002,0.384,0.147
kin_test_track_a_01222,"ati ""nibyo koko yatemye umugore we, na we anywa umuti wica udukoko mu myaka witwa tiyoda.",sadness,fear,0.001,0.048,0.87,0.004,0.121,0.414
kin_test_track_a_01226,@<username> ariko ko wifashe nka papa mbyitire bite? kankurwaneh nawe uzandwanaho kumunsi mubi.,joy,anger,0.986,0.001,0.017,0.001,0.04,0.017
kin_test_track_a_01227,"trump ari gukorwaho iperereza ku nyandiko zagaragaye umwaka ushize mu nyubako ye mar-a-lago iri muri leta ya florida, aho bivugwa ko izo nyandiko zirimo amabanga akomeye ya leta ku buryo atari yemerewe kuzitwara, ahubwo zagombaga kubikwa ahantu hizewe leta yahisemo.",none,joy,0.005,0.0,0.007,0.124,0.01,0.51
kin_test_track_a_01228,"abakinnyi 14 bakomeje umwiherero ni ndagijimana iris, uwera lea, uwiringiyimana albertine, dusabe flavia, musabyemariya donatha, musaniwabo hope, uwamahoro béatrice.",none,sadness,0.002,0.001,0.002,0.017,0.924,0.001
kin_test_track_a_01229,muri bk arena abenshi bari bitabiriye bari biganjemo igitsina gore ndetse ku buryo hari uwo wabazaga muri abo akakubwira atikandagira ko ari uyu muhanzi watumye ashamadukira kuza.,joy,none,0.001,0.001,0.001,0.027,0.25,0.013
