id,text,gold,pred,p_anger,p_disgust,p_fear,p_joy,p_sadness,p_surprise
kin_test_track_a_00004,@<username> mugerageze kunoza service. niba nagize ikibazo saa mbili mukagerageza kumbonera igisubizo saa kumi nimwe. nooo oyant rwose,anger+sadness,anger,0.887,0.003,0.052,0.025,0.145,0.027
kin_test_track_a_00005,yitabye imana aheruka kugaragara mu ruhame mu 2021.,sadness,surprise,0.033,0.018,0.03,0.016,0.562,0.468
kin_test_track_a_00006,biteye isoni n'ikimwaro kubona abantu bari gukorera imibonano mpuzabitsina ku gasozi.,disgust,surprise,0.059,0.06,0.233,0.041,0.49,0.953
kin_test_track_a_00007,"abazigize bakora imirimo y’ubuhinzi budatanga umusaruro ufatika, bafite ubumenyi buciriritse kandi bahora bimuka bashakisha ubuzima.",none,sadness,0.087,0.023,0.023,0.015,0.973,0.017
kin_test_track_a_00008,@<username> @<username> @<username> cyaze uramuhaye tsu nawe nuko yumva yayibye bruh,none,anger,0.762,0.009,0.01,0.012,0.056,0.031
kin_test_track_a_00009,@<username> mwaramutse neza mudufashe ko turimo gukatwa amafaranga igihe nkuye amafaranga kuri momo nyashyira kuri konte bimeze bite ko bidasobanutse?,anger+sadness,anger,0.661,0.005,0.165,0.005,0.509,0.088
kin_test_track_a_00011,niba ukundana numuntu agatangira kukubwira ukuntu aba ex be bari imbwa uzamenyeko ari wowe uzakurikiraho😒😂,anger,surprise,0.287,0.008,0.239,0.007,0.295,0.568
kin_test_track_a_00012,iyo imbuto itabonetse mu ntangiriro ngo ibe yujuje ubuziranenge usanga ari ikibazo.’’,fear,fear+sadness,0.033,0.012,0.691,0.021,0.749,0.009
kin_test_track_a_00013,"uwimana wahinduye izina ry’akabari ke akakita akabenzi avuga ko hari abashoramari babiri bamusanze i kamembe batwara bamwe mu bakozi be botsaga ibenzi i rusizi, umwe ajya gutangiza ubucuruzi bwo kotsa ibenzi ku muhima, undi ajya kuyitangiza i musanze.",joy,none,0.007,0.009,0.007,0.567,0.187,0.103
kin_test_track_a_00014,ni ibintu ahuza no kuba abagana ayo mashuri bakiri mbarwa gusa akavuga ko hari icyizere ko abanyarwanda bazakomeza kwitabira ayo mashuri.,fear,joy,0.009,0.021,0.049,0.962,0.025,0.031
kin_test_track_a_00016,iyo njyanama yemeje ko inka buka muzajya muyicisha inzara kuriya ifite ibibazo bikomeye🤨 ##url##,none,sadness,0.153,0.005,0.305,0.011,0.846,0.01
kin_test_track_a_00017,miliyoni nyinshi z’ #abanyarwa bahanze amaso #amavubi uyu munsi. ni umunsi ukwiriye kuba uw’ibyishimo! @<username> ##url##,none,joy,0.014,0.026,0.019,0.975,0.09,0.043
kin_test_track_a_00020,@<username> ahubwo c ahazaza haracyahari aha wapi kuva kera niga naza primary bajyaga bamuvuga ukuntu ashitura boro none dore ndashaje,none,sadness,0.263,0.005,0.012,0.008,0.836,0.067
kin_test_track_a_00024,"umuyobozi w’akarere ka nyaruguru, murwanashyaka emmanuel, yavuze ko umugoroba w’abagabo ari agashya keza, asaba ko bibaye byiza n’aho iyi gahunda itaragera bayigira iyabo kuko ifasha mu kugabanya amakimbirane yo mu ngo.",joy+surprise,joy,0.012,0.021,0.028,0.971,0.027,0.027
kin_test_track_a_00025,"umuyobozi w’umuryango hear us initiative organization, rukinga irene, yagaragaje ko ihohoterwa rikorerwa mu kazi riri mu byiciro bitandukanye aho hari ibikorwa haba mu buryo bukora ku mubiri, mu bitekerezo cyangwa ku gitsina.",sadness,fear+sadness,0.096,0.006,0.58,0.015,0.783,0.007
kin_test_track_a_00027,@<username> @<username> yigize igisambo ku ngufu kand izo yibye zigira likes 3 gusa,anger,sadness,0.414,0.003,0.022,0.008,0.871,0.043
kin_test_track_a_00029,@<username> @<username> reka nkuremere uzavuge ngo ngo,none,anger,0.838,0.01,0.215,0.006,0.074,0.011
kin_test_track_a_00030,@<username> none byit iki babe😥 kubu namaze nokurakara😡😡😡,anger,sadness,0.44,0.008,0.025,0.01,0.955,0.021
kin_test_track_a_00031,@<username> inshakura yafashe true story ya ndimbati iyigira iya bakame ? genda bakame waruzi ubwenge iyo utaba ikigoryi 😩,anger,anger+surprise,0.837,0.01,0.05,0.006,0.059,0.431
kin_test_track_a_00034,@<username> @<username> bro oe nuko utamuzi uburyo arenze,surprise,anger,0.814,0.006,0.026,0.007,0.346,0.008
kin_test_track_a_00037,petit frère ngukunda kubi!!!! aha wagaragaje mwibanga amahitamo yaweee. ohhhh @<username> ##url##,none,joy,0.022,0.007,0.007,0.799,0.052,0.042
kin_test_track_a_00038,ese uretse ikigare wigeze utera ibuye kukarere zirakonera cg ubyumva nkanjye aha!?😂😂nese kuki batavuze intara!?😂😂,none,anger,0.824,0.008,0.023,0.01,0.041,0.314
kin_test_track_a_00040,"umwuka mubi watangiye ubwo bari mu nama ya nato muri lithuania, minisitiri w’ingabo mu bwongereza, ben wallace avuga ko ukraine ikwiye gushimira igihugu cye kuko u bwongereza “ntawo ari amazon bagemurira intwaro.”",none,sadness,0.152,0.004,0.022,0.025,0.919,0.035
kin_test_track_a_00042,ububiko bw’intwaro budacunzwe neza bushobora kuba intandaro y’iturika ry’ibisasu bikomeretsa cyangwa bigahitana ubuzima ndetse no gusenya ibikorwaremezo n’ibikoresho n’ibikoresho bihenze.”,fear,fear+sadness,0.079,0.016,0.895,0.022,0.844,0.009
kin_test_track_a_00044,i am deeply saddened by the loss of tina turner.,none,sadness,0.088,0.075,0.026,0.072,0.874,0.03
kin_test_track_a_00046,fortunat biselele yatawe muri yombi muri mutarama uyu mwaka.,sadness,none,0.013,0.012,0.011,0.096,0.152,0.09
kin_test_track_a_00049,"ikoresha amashanyarazi izwi nka i5 edrive40 izaba igura 67.000$, asaga miliyoni 75 frw, aho ifite ubushobozi bwo kugenda ibilometero 470 mu gihe yuzuye.",none,surprise,0.028,0.019,0.036,0.374,0.036,0.621
kin_test_track_a_00051,@<username> @<username> bikwiye gukosorwa kugira ngo hatabaho gukoresha imvugo zitutuzuzanya pour ne pas dire ziviguruzanya,none,fear,0.407,0.009,0.746,0.024,0.114,0.007
kin_test_track_a_00055,@<username> hahhhh uriya mwanzuro n'inyamibwa kd nawe uzawufata,joy,none,0.164,0.005,0.019,0.065,0.013,0.028
kin_test_track_a_00056,"hari kandi kwakira, gusezerera no gusubiza mu buzima busanzwe uwari mu ngabo z’igihugu mbere ya tariki 19 nyakanga 1994 n’uwari mu mutwe witwara gisirikare utahutse.",none,joy,0.009,0.018,0.012,0.857,0.304,0.034
kin_test_track_a_00062,harigihe umuntu aba afite amahirwe yo kuza mubuzima bwawe ariko akirata nyuma kazifuza kuza utakimukeneye 😭😂😂🥱,anger,sadness,0.06,0.007,0.016,0.015,0.925,0.085
kin_test_track_a_00065,@<username> @<username> dutabare twese uyu mubyeyi jeanne 0788673956 murakoze ##url##,none,sadness,0.067,0.006,0.012,0.082,0.833,0.01
kin_test_track_a_00067,niba kwifuza ari icyaha ubwo abantu ba hano bagikora buri munota ngabo muri mwandemeye aba follow like retweet....😂😂😂,none,anger,0.93,0.007,0.037,0.01,0.046,0.08
kin_test_track_a_00069,@<username> woe wari unarenze ndaq,none,anger,0.557,0.03,0.013,0.008,0.241,0.009
kin_test_track_a_00071,nariye ibiryo bifite impumuro mbi,disgust+sadness,disgust,0.096,0.992,0.069,0.069,0.073,0.058
kin_test_track_a_00073,@<username> @<username> @<username> arifata agashyiraho umuntu wananiwe gusimbuka urukuramende rwa santimetero 50 koko?😏😏🤣😂,sadness,surprise,0.253,0.032,0.048,0.05,0.108,0.936
kin_test_track_a_00075,senateri murangwa yavuze ko kibazo kiri mu bikoma mu nkokora gahunda yo gukumira no kurwanya impanuka ari icyo kuba hari umubare munini w’ibinyabiziga bigenda mu muhanda bidafite ubwishingizi.,anger,fear+sadness,0.045,0.009,0.641,0.02,0.872,0.008
kin_test_track_a_00079,niyo mpamvu nsaba abazahugura aba bakobwa kujya babaha ibibazo bakifashisha ikoranabuhanga biga mu kubikemura kuko ikoranabuhanga ridakemura ibibazo by’abaturage ntacyo rimaze.”,anger,none,0.109,0.004,0.049,0.309,0.037,0.007
kin_test_track_a_00081,"@<username> @<username> ikibazo si aho byabereye , ibyabere i bigogwe byabera n'ahandi . ikibazo ni ubuzima bwatwawe , kandi ikiguzi giciriritse . memory card ? 😬",anger+sadness,sadness,0.455,0.003,0.037,0.008,0.886,0.016
kin_test_track_a_00082,mbere y’ibi kizz daniel witwaga kiss daniel mu 2018 yahaye abafana be amafoto ari kumwe na chidinma bafite ‘tattoos’ zisa ku mibiri yabo.,none,surprise,0.021,0.015,0.017,0.092,0.166,0.738
kin_test_track_a_00084,"@<username> @<username> niba ari njye ugira amarangamutima niba atari atari njye.....genda rwanda urakagira imana ,uragahoraho rwanda.@<username> wubahwe",joy,sadness,0.429,0.005,0.026,0.033,0.804,0.006
kin_test_track_a_00087,afite impumuro nk’iyumurwayi w’ibinyoro,disgust,disgust+sadness,0.033,0.663,0.014,0.028,0.696,0.036
kin_test_track_a_00088,mukwinyesebura ukumva ngo ndakwinginze😢ntuzitemo🍆🍑🙈 none bako muba mwumva byoroshye gusimbuka imodoka irimo igenda😳 @<username>,none,anger,0.659,0.009,0.031,0.01,0.032,0.339
kin_test_track_a_00094,@<username> @<username> @<username> @<username> usibye ko n'iyo wazisaba nta waziguha. ahubwo bagukubita inkoni miliyoni mirongo ine.,anger,anger+sadness,0.603,0.007,0.022,0.012,0.737,0.009
kin_test_track_a_00095,"ati “afurika ni igihangange, abanyafurika ni ibihangange ariko mu by’ukuri, igihe kirageze ntabwo mukeneye guhora mwibutswa, mugomba kubimenya, mukabyakira kandi tukaba ibihangange turi byo kandi tugomba kuba.”",anger,sadness,0.232,0.003,0.017,0.047,0.77,0.015
kin_test_track_a_00100,ngo ubu ko twari dufite ishyirahamwe ry’abagore turaba aba nde?,sadness,anger,0.609,0.029,0.015,0.013,0.044,0.104
kin_test_track_a_00103,"ati “nubwo navuze ko fdlr iri hano ariko noneho bari banafite umugambi wo gutera grenade muri uyu mujyi [wa rubavu], na ndetse batubwira ko zamaze no kwinjira.",fear,fear+sadness,0.31,0.004,0.515,0.006,0.754,0.027
kin_test_track_a_00104,@<username> @<username> @<username> harya nangahe ngo nyohereze,none,anger,0.804,0.008,0.124,0.011,0.128,0.004
kin_test_track_a_00105,@<username> nonex uzigute ko atarimo kwihorera 🤷🏾 wasanga baramwiciye umwana cgw ababyeyi nimugahubuke ngo muzanibinu namakuru yuzuye mufite,none,anger+sadness,0.777,0.006,0.033,0.004,0.825,0.087
kin_test_track_a_00111,"@<username> abana barahari bo kujya mu kibuga bakaba aribo batsindwa tukavugako wenda barimo gutegurwa, mashami se niki adafite?",anger,none,0.12,0.002,0.012,0.057,0.218,0.019
kin_test_track_a_00112,"nubwo mu rwanda imibare itoroshye kuyibona ariko usanga umubyeyi ufite telefone igendanwa, biba bishoboka ko umwana we azayikoresha kandi akaba yareba bimwe mu bidahuye n’imyaka ye, cyangwa amakuru ye agashyirwa ku karubanda mu bisa n’imikino.",fear,none,0.01,0.005,0.105,0.21,0.031,0.185
kin_test_track_a_00113,"musenyeri andré perraudin ni we mubyeyi wa parmehutu kuko yayireze kuva ikivuka arayikuza, kugeza inyigisho zayo zisenye u rwanda mu 1994.",anger+sadness,none,0.013,0.007,0.006,0.41,0.101,0.059
kin_test_track_a_00114,"@<username> @<username> yiiiii. akumva yagusebeje, rwose yakukubabaje. ukugirango abantu bari bazi ko umubiri wawe udakora! 😂😂😂 so stupid!",anger,sadness,0.44,0.011,0.03,0.013,0.975,0.034
kin_test_track_a_00117,ibi ni igihombo ku bazishaka kuko umuntu ayifashe itarajyanwa muri cyamunara itangwa kuri make.,sadness,fear+sadness,0.044,0.01,0.762,0.01,0.734,0.014
kin_test_track_a_00119,"@<username> @<username> @<username> umva mbese, wowe fata turuwasa zawe uzishore neza urebe ko utazagafata tukumirwa",none,anger,0.524,0.015,0.308,0.015,0.123,0.003
kin_test_track_a_00120,"iyo uganiriye n’abahanga mu myubakire bakwereka ko buriya ubukonje bwibasira inzu buturuka hasi mu butaka bityo iyo utabanje kwita ku musingi w’inzu yawe ngo iyo myuka ihere mu butaka, ntakabuza inzu irangirika.",none,fear,0.072,0.032,0.939,0.033,0.274,0.015
kin_test_track_a_00122,@<username> uriya ntajya atenguha abantu be,joy,anger,0.777,0.018,0.018,0.014,0.065,0.008
kin_test_track_a_00124,"we yagize ati ""hano naharwarije umuhungu wari wahuye n’impanuka none umudamu we nawe yaje kubyarira hano ku bitaro.",surprise,sadness,0.042,0.021,0.033,0.082,0.984,0.023
kin_test_track_a_00127,muri resitora twariragamo hari ikigabo kirya gifite ikimwira,disgust,disgust+surprise,0.035,0.553,0.019,0.033,0.253,0.58
kin_test_track_a_00129,@<username> @<username> wishyire wizane muri byose urangwe nishyaka uterimbere none uraganje mubwigenge tugukomeyeho uko turi tweseeeeeeeehhhhhh,joy,anger,0.951,0.004,0.037,0.012,0.207,0.015
kin_test_track_a_00130,"mu mpera z’icyumweru gishize, u burusiya bwatangaje ko bwaburijemo igitero cya drones cyari cyagabwe na ukraine mu kirere cy’umurwa mukuru, moscow.",none,sadness,0.037,0.003,0.116,0.019,0.795,0.266
kin_test_track_a_00134,coolest man on earth!,none,surprise,0.088,0.26,0.021,0.036,0.03,0.501
kin_test_track_a_00136,equipe y’u rwanda ihagaze neza muze tubashyigikire! dore abakinnyi bo guhanga amaso! ##url##,none,joy,0.012,0.022,0.02,0.974,0.028,0.054
kin_test_track_a_00139,n’iyo ubajije abaturage barakubwira bati ‘iyo umukozi ushinzwe gutanga ibyangombwa byo kubaka akubwira ngo dosiye ‘ntiragaruka’ aba ashaka kwaka ruswa.”,sadness,anger,0.631,0.004,0.038,0.007,0.385,0.284
kin_test_track_a_00141,@<username> aha ntacyo tubaveba. tubashyigikire tariki 26/01/2021 bazadutere gusimbuka tukajya mu bicu.,joy,none,0.087,0.006,0.014,0.496,0.02,0.01
kin_test_track_a_00143,@<username> ikigali ntitwabona umwanya wo guteka imitwe ngo tunabone uwo kotsa runonko 😒,none,anger+sadness,0.705,0.006,0.027,0.006,0.796,0.037
kin_test_track_a_00145,"ati “umusore yari inshuti y’urugo nkajya mubaza ngo ko watwanze ukakitureba akanyihorera, ubwo yamenyaga ko uwo mugabo asigaye afite undi musore baryamana byaramurakaje aza kumbwiza ukuri.”",sadness,sadness+surprise,0.124,0.016,0.139,0.016,0.876,0.85
kin_test_track_a_00146,"ngo iyo babonaga hari abantu bashobora kubasuhuza, aho hantu ntibahahagararaga mu kwirinda gutakaza igihe, ku buryo ngo hari n’umwana wabasabye kumusinyira ku ishati ye (autographe), babona ko byabakereza barakomeza.",none,joy,0.007,0.009,0.023,0.894,0.067,0.034
kin_test_track_a_00150,"banasobanuriwe ko kwanga kwishyura ku bushake bigira ingaruka kuko utishyuye bituma ashyirwa ku rutonde rwa ba bihemu, bigatuma nta kigo cy’imari gishobora kumuha inguzanyo.",none,fear+sadness,0.108,0.008,0.597,0.009,0.763,0.008
kin_test_track_a_00152,"ku gisenyi amafi yatangiye gupfa, ikirunga cyabaye ikirunga wallah! @<username> #gomavolcan #nyiragongo ##url##",fear,sadness,0.122,0.013,0.021,0.015,0.948,0.018
kin_test_track_a_00156,"n’ubwo kiyovu sports kuri ubu itemerewe kwandikisha abakinnyi nyamara hari abo yari yamaze gusinyisha barimo niyonzima olivier ‘seif’ wari usoje amasezerano muri as kigali, gakuru matata yakuye muri rutsiro fc, myugariro kazindu guy brian wavuye muri gasogi united, rutahizamu w’umunye-congo, jérémie basilua, umunya-angola utaha izamu, fofo cabungula, rutahizamu w’umunya-liberia, obediah freeman, abagande batatu, kalumba bryan, mulumba suleiman n’umunyezamu emmanuel kalyowa.",sadness,none,0.013,0.005,0.025,0.185,0.072,0.233
kin_test_track_a_00157,sinzibagirwa umunsi maman yanze ko nsiba ishuli kandi namusobanuriye neza ko umutima uri kundira mu mavi 😒😭😂😂,surprise,sadness,0.117,0.008,0.054,0.012,0.98,0.133
kin_test_track_a_00159,"u rwanda ni igihugu cyagiye cyubakira ku mateka akakakaye amaze imyaka isaga 1723 (30-2023), yose yabayemo ibikorwa byinshi byo kuruhanga, kurwubaka no kuruhengamura rugiye kuzima, rukongera rukajya mbere.",surprise,joy,0.011,0.014,0.01,0.795,0.03,0.033
kin_test_track_a_00160,@<username> ayiwe ! itahire n'ubundi ibi ni urupfu🤣! ubu se ni ukurya cg ni ukuzuza igifu mpaka uheze umwuka🙈,sadness+surprise,anger,0.918,0.005,0.026,0.005,0.201,0.035
kin_test_track_a_00161,"aline gloriose uwizigiye, umwe mu barokotse jenoside yakorewe abatutsi i nyanza ubu uba mu bufaransa, yatangaje ko ibikozwe kuri biguma byerekana ko aho umujenosideri wese ari azacirwa urubanza.",joy,none,0.015,0.005,0.016,0.598,0.349,0.011
kin_test_track_a_00162,niba ababyeyi bataguhaye icyo kintu cyo kumva ko uri umunyarwanda nawe bizakugora.,none,sadness,0.118,0.008,0.105,0.019,0.907,0.008
kin_test_track_a_00166,"ati “kuzimya biri kugorana kubera ikibazo cy’umuyaga, abaturage bari kwifashisha amasuka n’ibitiyo bagaca nyirantarengwa hakaba aho igiti gishya cyangwa kigakongeza umuriro hakurya y’aho abaturage baciye nyirantarengwa, indi mbogamizi ni umuyaga kuko nawo uri gutiza umurindi umuriro.”",fear,sadness,0.031,0.018,0.161,0.027,0.961,0.007
kin_test_track_a_00167,birazwi ko bene izo mvugo zenyegeza urugomo kandi zikabangamira imibanire myiza n’imikoranire y’abenegihugu.,sadness,fear,0.221,0.02,0.94,0.027,0.462,0.009
kin_test_track_a_00168,"ange, ngutirire speakers umbwirire n'abinyuma? uku ni ukuri 300% ##url##",none,anger,0.793,0.009,0.035,0.019,0.028,0.045
kin_test_track_a_00170,@<username> mwabantumwe harindi network yihuta kurusha mango mumbwire kabisa byarandenze ahubwo mango narabasabye ngo bazanyihere akazi 🤣 mbakorere kuko ndabakunda kabisa💪🙏💚💚💚 ##url##,none,joy,0.015,0.005,0.009,0.878,0.048,0.049
kin_test_track_a_00171,"rata mwe muzi byose, iyo uburozi bumaze igihe kinini nabwo butakaza ubuziranenge?",none,surprise,0.173,0.043,0.042,0.024,0.019,0.415
kin_test_track_a_00177,@<username> @<username> @<username> eka mwebwe muraturembeje nange barankata buri munsi ibi bintu nubujura kbs,anger+sadness,anger,0.885,0.005,0.114,0.006,0.67,0.034
kin_test_track_a_00180,yagaragaje ko ibibazo biri muri adepr bikeneye agacaca ko kubiganiriramo kugira ngo hahuzwe impande zirebana nabi.,anger,sadness,0.269,0.004,0.165,0.011,0.874,0.008
kin_test_track_a_00181,"amakuru igihe yahawe na bamwe mu bakobwa bavuga ko ukuntu imyambarire isigaye imeze, bigoye kwambara ikariso kuko bihita bigaragara nabi.",surprise,sadness,0.029,0.01,0.176,0.01,0.906,0.048
kin_test_track_a_00182,"nubwo abaturage batabyishimiye, abasesenguzi mu bukungu bemeza ko aribyo byiza kuko bizarinda leta gukomeza kongera amadeni.",none,joy,0.015,0.011,0.099,0.791,0.018,0.025
kin_test_track_a_00183,"umva se bantu banjye, niba ntaribi se mwantoreye umuvandimwe. kandi nukuri muraba mumfashije pe ❤❤❤ #amiresilienceprize. link: ##url## 🔥 ##url##",none,joy,0.012,0.014,0.014,0.963,0.041,0.047
kin_test_track_a_00185,biragoye ko hari ikipe yagura umukinnyi mu yindi,none,surprise,0.065,0.046,0.067,0.031,0.166,0.941
kin_test_track_a_00191,ari gusohora ururenda ruvanze n'amashyira kubera cya kirwara.,disgust,disgust+fear,0.051,0.772,0.486,0.019,0.157,0.038
kin_test_track_a_00192,@<username> hahahahh reka nicecekere sinjya ntukana gsa ubanza baba batarimo 2 hhhhh,none,anger,0.695,0.006,0.112,0.005,0.054,0.082
kin_test_track_a_00195,@<username> uwiteka ari ku ngoma niwe utubereye maso. humura. yesaya 41:10,joy,none,0.034,0.009,0.01,0.527,0.021,0.014
kin_test_track_a_00197,"ni ubwa kabiri bukozwe ku rwego rw’igihugu bugamije kureba ibishobora gutuma izo ndwara ziyongera, bikanatanga umurongo wo kuzikumira.",none,fear,0.024,0.014,0.766,0.195,0.05,0.039
kin_test_track_a_00202,"umutwe wa wagner watangaje ko wiyemeje gusenyura inzego z’igisirikare cy’u burusiya, ni mu gihe ibiro by’iperereza mu burusiya byatangaje ko byatangiye gukurikirana umuyobozi wa wagner, yevgeniy prigozhin ku byaha birimo gukangurira abantu kujya mu mutwe witwaje intwaro no gushaka guhirika ubutegetsi bwa vladimir putin.",anger,none,0.212,0.004,0.088,0.006,0.325,0.095
kin_test_track_a_00205,sosiyete y’ubucuruzi ikandika icyapa kinini cyane iti “guhamagara n’ubuntu” 🤔 kandi bashaka kuvuga ngo “guhamagara ni ubuntu”. birababaza. ##url##,anger,surprise,0.425,0.004,0.024,0.016,0.231,0.559
kin_test_track_a_00207,"ibi byose bigira ingaruka ku mihindagurikire y’ibihe aho hamwe imvura ibura burundu nko mu bihugu bya afurika y’amajyaruguru no mu ihembe rya afurika, imvura ishobora kumara imyaka ibiri itaragwa na rimwe.",sadness,fear+sadness,0.028,0.018,0.646,0.023,0.932,0.011
kin_test_track_a_00208,"wari umukino ukomeye kuko nta kipe yifuzaga kuwutakaza, kandi zifatwa nk’ikipe zihanganiye ibikombe byombi mu rwanda.",joy,surprise,0.017,0.009,0.015,0.266,0.1,0.676
kin_test_track_a_00216,"ati ""kabuye (uruganda nyarwanda rukora isukari) tuvuga nta nubwo ihaza igihugu kugeza ku 10%.",anger,none,0.373,0.003,0.132,0.018,0.243,0.074
kin_test_track_a_00219,"yakomeje avuga ko guhuza inkuru z’ibihe bikomeye aba kera babagamo byo ‘guterura’ n’uyu munsi byabanje kubagora, cyane ko atabibayemo.",none,sadness,0.03,0.007,0.053,0.012,0.938,0.13
kin_test_track_a_00220,ngo iyo ugerageje gutera inda umukobwa unanutse umubiri we uhita ukubwira ngo insufficient space 🤣😂😂,none,surprise,0.171,0.041,0.02,0.007,0.311,0.693
kin_test_track_a_00221,"ati “mbanje gushima imana ku bwa junior multisystem, nshima imana ibyo yamukoreye; akiri mu nda y’umubyeyi we umwanzi yaramurwanyije yifuza kumwambura ubuzima, imana izamuhe kubana na yo.”",sadness,joy,0.013,0.013,0.017,0.928,0.315,0.027
kin_test_track_a_00222,niba unyanga uriguta umwanya😂😂kereka amafaranga anyanze😐😐ahhooo naborogaaaaaa,anger,anger+fear,0.712,0.01,0.57,0.005,0.294,0.023
kin_test_track_a_00223,"*muri equity itm zipfa buri weekend * bk yakuyeho cheque ubu ntakwandikira umuntu cheque , service mbi..... ##url##",anger,anger+sadness,0.568,0.004,0.072,0.008,0.889,0.012
kin_test_track_a_00224,ntabwo twigeze twumva umwami arimo kuryanisha abarundi.,none,surprise,0.231,0.014,0.045,0.009,0.646,0.622
kin_test_track_a_00226,"@<username> @<username> gutera ibuye ahantu nk'aha, ni amahano mbambaroga. #rwot",none,anger,0.84,0.005,0.046,0.008,0.414,0.007
kin_test_track_a_00227,"iyi nkuru isa nk’iyaciye igikuba mu bakunzi b’urucaca bibazaga ukuntu iyi kipe igiye kwishyura aka kayabo ku bakinnyi batigeze bakinira ikipe yabo, kongeraho ko bari no mu bihe byo kugura abakinnyi bashya.",sadness,surprise,0.079,0.015,0.089,0.035,0.21,0.941
kin_test_track_a_00232,"“nyuma yaho gato, ahagana ku isaha ya saa mbiri, mu murenge wa matimba mu karere ka nyagatare haje gufatirwa andi mabalo ane ya magendu y’imyenda ya caguwa, ubwo nyirayo yari amaze kuyigeza mu rugo, abonye inzego z’umutekano aratoroka.”",none,sadness,0.043,0.012,0.066,0.009,0.93,0.055
kin_test_track_a_00233,"kuki usanga abitwa ba """"kavukire"""" batumvikana n'abitwa """"abimukira"""" ndetse ugasanga abapangayi batumvikana na ba nyir'amazu bakodesha? @<username>",fear,anger+surprise,0.645,0.005,0.035,0.007,0.17,0.428
kin_test_track_a_00237,"umwana ujya muri siporo bimufasha kugira ubuzima bwiza, akabona icyo ahugiraho aho kujya mu bindi bitamufitiye akamaro.""",none,joy,0.014,0.019,0.038,0.87,0.024,0.014
kin_test_track_a_00239,urukundo ruzacogora muri benshi kubera ko ubugome buzaba bwiganje.,sadness,fear,0.075,0.021,0.776,0.021,0.674,0.007
kin_test_track_a_00240,@<username> ndumva nanjye nanjoinga abo badafite ubwenge nuko nsanze ndi mubi😥,none,sadness,0.256,0.011,0.033,0.012,0.972,0.014
kin_test_track_a_00243,@<username> nonex uwo mwana nago azikubara amafaranga kombona yabishyuraga akibagirwa50 kuri burimuntu uyumwana yaradamaraye,anger,sadness,0.375,0.008,0.026,0.013,0.974,0.026
kin_test_track_a_00244,"ibi bifitanye isano no kuba abagore barahawe rugari bakiga ndetse bakaminuza, kuko ya mibare yerekana ko abagore babashije kwiga amashuri yisumbuye cyangwa kurenzaho bafite umubare uri hasi w’abana babyaye (abana 3.4 ku mugore), mu gihe abagore bize amashuri abanza gusa cyangwa arengaho gake babyaye abana benshi (abana 3.9 ku mugore.",fear,sadness,0.018,0.005,0.131,0.014,0.778,0.047
kin_test_track_a_00247,@<username> @<username> byo byo amaraso ntiwayaheza! n'ay'itungo arasama nkanswe ay'inzirakarengane itacumuye!!!,none,sadness,0.385,0.015,0.024,0.021,0.969,0.012
kin_test_track_a_00248,"amanota 23 yari abonye yatumye agira 55, yamuhesheje kuba umukandida ku gikombe.",joy,none,0.016,0.016,0.011,0.552,0.069,0.374
kin_test_track_a_00250,ejo nuriye igiti cyegeramye na gereza cyivunika ishami ngwa muri gereza none infumgwa zirikunyita mugenzi wabo🙄,none,anger,0.711,0.025,0.013,0.004,0.433,0.316
kin_test_track_a_00255,“biteye isoni kubona imitwe yitwaje intwaro yatumye ibyo bihe bidasanzwe bishyirwaho ubu yarahindutse abafatanyabikorwa ba guverinoma.”,anger+sadness,sadness+surprise,0.372,0.01,0.075,0.012,0.937,0.61
kin_test_track_a_00256,batatu bafunzwe bakurikiranyweho kugerageza gutwika inyubako yo mu gakiriro ka gisozi ##url##,none,sadness,0.056,0.015,0.05,0.015,0.973,0.041
kin_test_track_a_00257,abazi iyi dosiye bashobora kuba bari mu bataratunguwe n’icyemezo cyanyu.,none,fear,0.044,0.01,0.653,0.013,0.361,0.015
kin_test_track_a_00259,guhabwa ubuzima bw’umwaka wose ukabuhabwa ku gihe ni ikintu gishimishije.”,joy,joy+surprise,0.019,0.017,0.015,0.883,0.057,0.538
kin_test_track_a_00262,"very sad! umwana w'ukwezi 1 koko...😠, nyamara izi nyagabirama ziba zifite uburwayi bwo mumutwe! ntamuntu muzima wakora aya mahano❌ ##url##",anger+sadness,sadness,0.145,0.019,0.034,0.02,0.987,0.057
kin_test_track_a_00268,@<username> kubona abasore bashoboye gukoresha amaboko n'umutwe bari #kwimaringa ngo barashaka ikamba nanjye byanteye impungenge.,anger+fear,fear,0.061,0.014,0.898,0.019,0.297,0.088
kin_test_track_a_00271,umuntu uri gusaba umwanya ngo atange ibitekerezo 🤌🤌🤌🤌😂😂😂😂😂😂😂,none,anger+surprise,0.714,0.005,0.027,0.009,0.144,0.435
kin_test_track_a_00272,senateri mugisha yasabye abayobozi ba rura kwikubita agashyi kugira ngo ijye ibasha gufasha abaturage gushyira mu bikorwa amabwiriza ishyiraho cyangwa ashyirwaho n’izindi nzego zikorana na rura.,anger,none,0.038,0.006,0.012,0.616,0.021,0.021
kin_test_track_a_00273,yongeyeho ko adashimishwa n’ubuzima babayemo kuko ahuriramo n’ingorane umunsi ku wundi zirimo kwicwa n’inzara n’imbeho ya nijoro no guhohoterwa.,anger,sadness,0.056,0.019,0.1,0.028,0.976,0.011
kin_test_track_a_00274,umubiri wose wuzuye ibibembe ntawifuza kumureba kubera uko biba bizana amaraso,disgust,none,0.043,0.285,0.029,0.007,0.627,0.029
kin_test_track_a_00277,bene iyo mibare ngo yatumye awdo ishaka ibitera abangavu guterwa inda zitateganyijwe kugira ngo ifashe mu kubishakira umuti aho gutegereza guhangana n’ingaruka.,sadness,fear,0.032,0.008,0.634,0.026,0.685,0.013
kin_test_track_a_00278,@<username> none se uwo mwuka wera ko nta we ndi kubona?,none,anger,0.735,0.031,0.021,0.007,0.067,0.014
kin_test_track_a_00282,amakipe yose aregeranye buri imwe yatsinda indi n’amakipe ahangana cyane by’umwihariko gutsindira hanze biba bigoye.”,none,sadness,0.026,0.006,0.046,0.026,0.759,0.049
kin_test_track_a_00283,ati “ni ingenzi ko ibihugu byacu bigerageza gukuraho uko kwivanga kugira ngo ingaruka zabyo ziveho.,none,fear,0.177,0.012,0.84,0.042,0.131,0.009
kin_test_track_a_00286,ati “icyo numva tutakoze mu myaka icyenda iri serukiramuco rimaze ni uko tutageze kuri buri rwibutso hirya no hino mu gihugu tubasangiza ibyiza bya ubumuntu arts festival.”,none,joy,0.011,0.017,0.017,0.962,0.025,0.043
kin_test_track_a_00287,@<username> @<username> nawe singushira amakenga uroye!,anger,fear,0.211,0.071,0.951,0.032,0.075,0.015
kin_test_track_a_00288,#rwot aho kwicwa n'inzara no kwicwa na cya kovidi wakwicwa niki!?,none,sadness,0.343,0.024,0.013,0.011,0.922,0.034
kin_test_track_a_00290,"@<username> amahano?! ni impanuka, inkangu, inzara.... muyite izina rikwiye.",none,anger+sadness,0.631,0.005,0.037,0.009,0.801,0.008
kin_test_track_a_00293,@<username> @<username> @<username> @<username> @<username> uzi kubona umuturage anywa amazi yo mu dam cg avoma umuvumba muri iki gihugu! birababaje ababishinzwe nibatabare .,sadness,anger+sadness,0.52,0.009,0.04,0.009,0.975,0.045
kin_test_track_a_00294,"@<username> nizereko umutima mwiza wabanyarwanda, turabaremera! cg basige inkweto zabo nk'ingwate😂",none,anger,0.912,0.005,0.061,0.011,0.07,0.029
kin_test_track_a_00295,harya kunywa ni iki ni ukunywa ukagenda ugwirirana. oya rwose mureke kwiyandarika ##url##,anger,fear,0.289,0.025,0.875,0.025,0.093,0.009
kin_test_track_a_00297,gauthier yavuze ko benshi mu bakekwaho uruhare muri jenoside yakorewe abatutsi bihinduranyije haba amazina n’imyitwarire kugira ngo bajijishe hatagira ubakeka.,sadness,none,0.037,0.003,0.031,0.013,0.566,0.369
kin_test_track_a_00299,@<username> @<username> @<username> xlm ewan bushari na okama mubyuhahiro byabo nibubahwe kuko murinominsi barikudukoma san ndabemera,joy,anger,0.914,0.007,0.029,0.01,0.329,0.01
kin_test_track_a_00303,@<username> erega uzarebe ngo icyo umutima ukunda amata aguranwa itabi tubaterera amavi ark ahanini tuba twishakira batotizuba,none,anger,0.749,0.011,0.145,0.006,0.157,0.009
kin_test_track_a_00304,"yatanze urugero rw’uko yavukiye mu rwanda, agakurira muri uganda, madamu jeannette kagame akavukira i burundi, nyuma bakaza guhurira muri kenya.",surprise,none,0.014,0.004,0.008,0.155,0.234,0.285
kin_test_track_a_00305,twasaniraga abafite inzu ziri aho gutura ariko zagizweho ingaruka bitewe n’uko imeze.,none,sadness,0.025,0.017,0.024,0.075,0.925,0.011
kin_test_track_a_00306,"hari abo tujya gukina, bakumva ko ari ikipe y’i kamonyi bagahita bagira ubwoba tutarajya mu kibuga.”",sadness,fear+sadness,0.029,0.019,0.858,0.032,0.789,0.02
kin_test_track_a_00310,"ntamuntu mwiza ku buryo atakuyobya, ntan'umuntu mubi ku buryo atakuyobora. kuba hari ibyo utemeranya n'umuntu ntibivuze kwagana nawe.",none,anger,0.484,0.014,0.035,0.017,0.032,0.02
kin_test_track_a_00311,@<username> urumva se atari motivation yo kuba umukire se bro? wicika intege tu,joy,anger,0.874,0.005,0.092,0.008,0.061,0.025
kin_test_track_a_00317,@<username> cyakoze abantu turatandukanye pe. njye nabuze uwo mboloka kuko ntazi icyo namubolokera,none,sadness,0.042,0.014,0.017,0.04,0.967,0.024
kin_test_track_a_00318,hari ubwo umushinjacyaha uri kuburana kuri iyo dosiye abona ko ibimenyetso byakusanyijwe bidahagije ngo we ubwe abe yashinja ukurikiranyweho icyaha bigatuma ahitamo kumushinjura.,surprise,none,0.084,0.006,0.338,0.007,0.662,0.242
kin_test_track_a_00320,"ni imiterere itandukanye n’iyo mu mwaka ushize aho hari umuryango ufite umwana umwe, ubu waragutse kuko yabonye iyo biva inda .",none,sadness,0.015,0.005,0.043,0.049,0.837,0.089
kin_test_track_a_00321,"kidum yabivugiye mu gitaramo yakoreye i bruxelles mu bubiligi ubwo yari ku rubyiniro ku wa 6 gicurasi 2023, aho nyuma yo kuzongwa na shaddyboo wamubyinishaga amusiga umubiri, yasabye ko umuziki uhagarara arangije afata ijambo ati “erega shaddyboo yibagiwe ko ndi padiri mukuru!”.",anger+sadness+surprise,sadness,0.239,0.002,0.038,0.008,0.729,0.203
kin_test_track_a_00322,"umwarimu muri kaminuza y’u rwanda, ishami rya busogo dr didace ndahimana, yavuze ko mu bigenderewe harimo no kugabanya ingano y’inyanya zangirika nyuma yo kuzisarura.",joy,none,0.01,0.007,0.036,0.597,0.022,0.029
kin_test_track_a_00325,@<username> nukuri njyewe bingeze aha ngiye kwiyahura mu buriri😂😂😂,anger+sadness,sadness,0.222,0.008,0.056,0.008,0.955,0.017
kin_test_track_a_00326,tugeze mu gihe gikomeye aho ibitambo byatanzwe n’abatubanjirije bishobora gutakaza igisobanuro mu gihe twaba tunaniwe kurera neza abadukomokaho ngo bakurane iyo myumvire n’indangagaciro twahawe.,fear,none,0.026,0.007,0.016,0.365,0.016,0.118
kin_test_track_a_00327,"bakubwiye ko uzahembwa amafaranga yanditsemo hano, urabona wahembwa angahe?? cg nkurangire muganga!!! ##url##",none,anger,0.86,0.008,0.054,0.011,0.06,0.367
kin_test_track_a_00330,uburyo bwo kubyivanamo:,none,disgust,0.116,0.883,0.166,0.019,0.033,0.023
kin_test_track_a_00331,@<username> arashaka gukubita ruriya rubaho ariko amaboko ye ari muri opposition n ubwonko bwe 😂,none,anger,0.858,0.006,0.022,0.008,0.098,0.067
kin_test_track_a_00332,umwana uzi ubwenge bamusiîga nawe yinogereza,none,disgust,0.056,0.737,0.008,0.054,0.025,0.028
kin_test_track_a_00333,@<username> @<username> akajagari mwifuriza u rwanda muzajya kugakorera ikuzimu mu buturo bwanyu,anger,joy,0.022,0.009,0.016,0.914,0.031,0.014
kin_test_track_a_00334,"umuyobozi mukuru w’ishami rishinzwe afurika muri minisiteri y’ububanyi n’amahanga n’ubutwererane mpuzamahanga ya uae, fahad al taffaq, yavuze ko igihugu cye cyifatanyije n’u rwanda n’abarokotse jenoside yakorewe abatutsi bakomeje guhura n’ihungabana baterwa n’ibyababayeho mu 1994.",sadness,none,0.016,0.008,0.022,0.741,0.278,0.009
kin_test_track_a_00335,"muri mutarama umwaka ushize, capt sagahutu yagiranye ikiganiro kuri zoom n’urubyiruko rukomoka ku bakoze jenoside, bibumbira hamwe ngo bahakane ibyaha by’ababyeyi babo, akwirakwiza ingengabitekerezo asanganwe ababwira ko bafungiwe ubusa, ko abakoze jenoside bibereye i kigali.",sadness,sadness+surprise,0.159,0.003,0.052,0.011,0.738,0.685
kin_test_track_a_00336,@<username> @<username> @<username> ntakindi wibagiwe komba bishizemo mumutwe do hasigayemo ubusa jya kwa muganga bakurebere kuko ndabona mumutwe wawe hahise harangara weeee 😩😏😁😅🤣😭😠🙅 ##url##,anger,anger+fear,0.523,0.007,0.465,0.007,0.213,0.018
kin_test_track_a_00339,@<username> nureba se ....nuko kibondo.dore umukobwa (umutegarugori) ubereye u rwanda,joy,none,0.218,0.013,0.005,0.017,0.12,0.114
kin_test_track_a_00340,"iyo wubatse ubushobozi bw’umugore, uba wubatse umuryango, bityo ukaba uteje imbere igihugu.”",joy,none,0.043,0.01,0.033,0.375,0.015,0.018
kin_test_track_a_00342,"kuba hareguye bane muri bayigize, byatumye abasigaye badashobora gufata icyemezo nk’uko amategeko abigena.",none,sadness,0.041,0.013,0.021,0.012,0.805,0.048
kin_test_track_a_00343,"akumiro niki?! ni igihe uguze phone yaguhenze utaziko ari pirate😔🙄😢 uziko ari #samsung , ukayayatsa aho kwiyandikamo #samsung hakiyandikamo samuel 🙄😢😭😭😓😓😟😞😔",sadness+surprise,none,0.468,0.006,0.02,0.007,0.553,0.394
kin_test_track_a_00345,"abahanga bavuga ko imibonano mpuzabitsina ikozwe neza, ishobora kubera abayikoze urukingo rwo kwibasirwa n’umuhangayiko, agahinda gakabije ndetse n’ibindi bibazo bishingiye ku buzima bwo mu mutwe.",none,fear,0.055,0.05,0.978,0.049,0.44,0.022
kin_test_track_a_00348,ikomeza ivuga ko yibarutse mu ntangiro z’uku kwezi ariko we na a$ap rocky bagahitamo kubigira ubwiru bukomeye.,none,surprise,0.013,0.013,0.018,0.264,0.063,0.451
kin_test_track_a_00349,"nibihinduka igitekerezo cyiza kuri uyu muhungu w’imyaka itanu, uw’imyaka itandatu bikaba uko, ukareka n’uwa 12; bakaba bafata iki cyemezo cyo guhindura ubuzima bo ubwabo?”",none,anger+sadness,0.591,0.004,0.065,0.004,0.816,0.318
kin_test_track_a_00350,@<username> @<username> @<username> @<username> @<username> @<username> ni ukuvuga ko yamwogeje kugirango asibanganye ibimenyetso. mbese yamwogeje ku gitsina nka kwa kundi dukaraba mu ntoki n'amazi n'isabune.,fear+sadness,none,0.332,0.009,0.008,0.012,0.22,0.061
kin_test_track_a_00351,"abanyeshuri bajyaga kwiga hirya bakambuka imipaka, ariko kugeza ubu aho cyaziye baza hano, ntibakijya hirya no hino.’’",none,joy,0.008,0.008,0.031,0.838,0.13,0.02
kin_test_track_a_00354,leta y'urwanda numubyeyi kbs. itabaye abantu baribaraye batageze aho baba muri kigali.@<username> ##url##,joy,none,0.419,0.003,0.011,0.054,0.408,0.006
kin_test_track_a_00355,igitangaje n’ukuntu ibiryo byanyu bihora bisa nk’umususwe.,disgust+surprise,surprise,0.025,0.466,0.043,0.031,0.265,0.843
kin_test_track_a_00356,"yakomeje agira ati “ndabifata ubundi nkashushanya nk’umuntu ugiye gukora igihangano cye, hamwe mbishyiraho ku ruhande, ahandi nkahashushanya ikintu runaka ku buryo ubibonye asanga igishushanyo cyanjye gifite umwimerere.”",joy,none,0.038,0.008,0.016,0.129,0.019,0.352
kin_test_track_a_00359,ishuri rikuru rya gisirikare rya nyakinama ni ishuri mpuzamahanga uyu munsi ryigamo abaturutse mu bihugu 12.,joy,none,0.01,0.01,0.01,0.784,0.029,0.055
kin_test_track_a_00361,"ba “komisiyoneri” bose si abahemu, gusa umubare munini wabo akenshi uzamo akantu k’ubuhemu kuko nutanze amafaranga ku wo yari agenewe abanza gukuraho aye, akamuha ibisigarizwa.",anger,surprise,0.064,0.015,0.006,0.045,0.122,0.548
kin_test_track_a_00362,"@<username> kkubera ko mbona mwanyihoreye kukibazo cyanjye, nshaka ko muyemererako umunsi insinga zanyu zanteje impanuka muzabyirengera!",anger,none,0.395,0.003,0.082,0.024,0.194,0.005
kin_test_track_a_00364,"@<username> abikoze namukunda kurushaho. jya ugira critical thinking! umugabo afite umugongo kimwe n'umugore, kuba yaheka umwana rero ntacyo bitwaye!",anger,none,0.091,0.004,0.012,0.652,0.023,0.012
kin_test_track_a_00365,@<username> birababaje kubona sector commender wa police @<username> muri @<username> afunga umwana wiga p5 kasho bugacya ajya gukora ikizamini.ibyo bikwiye? turwanye ihihoterwa. @<username> @<username> @<username> @<username> @<username> @<username>,sadness,anger+sadness,0.555,0.005,0.032,0.007,0.945,0.064
kin_test_track_a_00369,@<username> ariko buriya nawe wagombye gukurikira abandi. kuko ndabona ukurikira bake pe!!! ibyo bagukorera nawe wagombye kubikorera abandi!!!,sadness,anger,0.897,0.008,0.024,0.008,0.083,0.023
kin_test_track_a_00371,"@<username> @<username> nagenda. byaba bidashoboka ko ampa freedom, nkajya ghetto, kubaho ni rimwe, ntawanshyushya ubwonko.",anger,anger+sadness,0.56,0.004,0.019,0.009,0.807,0.02
kin_test_track_a_00372,izajyimana umunsi umwe nijoro nzabyuka ntere ibuye mukigo cyagisirikare numve ukuntu bavuga ngo uradukanze 😂😂😂😂,sadness,anger,0.637,0.007,0.087,0.004,0.411,0.208
kin_test_track_a_00377,ni iminsi ibiri bari bihaye yo kureba no kuganira n’abaturage baturiye umupaka.,none,joy,0.005,0.016,0.03,0.827,0.039,0.081
kin_test_track_a_00382,"bivugwa ko muri iyo nama ""inkende yaje yicara mu idirishya rikinguye ry’icyumba cyaberagamo inama.",surprise,sadness,0.031,0.02,0.1,0.009,0.944,0.267
kin_test_track_a_00385,hari abantu bahisemo brain kuyikoresha nk’amasogisi mw’iyi minsi😂😂😂,anger,surprise,0.064,0.032,0.031,0.036,0.609,0.924
kin_test_track_a_00386,"ati “ubundi umutware yabaga afite agace atwara, umutware udafite aho atwaye aba atwaye iki, uwo aba ari bwoko ki?",none,anger,0.536,0.038,0.008,0.007,0.126,0.096
kin_test_track_a_00387,turagura cure-dents mu mahanga tukavuga ko twabohowe!twarabohowe amenyo yacu arasigara-kuko abashinwa ni bo badufasha kuyasukura!”,anger,none,0.018,0.005,0.009,0.672,0.043,0.132
kin_test_track_a_00388,gusa ntabwo bayinjije mu mubiri ahubwo barayimwegereje maze bahuza imitsi yayo n’iye hanyuma babona ihise itangira kuyungurura amaraso inasohora imyanda nk’ibisanzwe.,none,surprise,0.016,0.028,0.017,0.119,0.037,0.471
kin_test_track_a_00391,yagaragaje ko kubona umuganga yambura ubuzima uwamuhungiyeho ari ibintu biteye isoni nubwo bishimangira ubugome n’ubukana jenoside yakorewe abatutsi yakoranywe.,anger+sadness,sadness,0.099,0.02,0.045,0.052,0.989,0.063
kin_test_track_a_00392,gahunda ariko ngo nuko uyu munsi ntamahoro agomba kuboneka😂😂😂😂😂😂😂😂 ##url##,fear,anger+sadness,0.553,0.004,0.153,0.012,0.691,0.006
kin_test_track_a_00395,ibaze ukuntu mukanya kashize igihe narinsinziriye narindi muriyinzu nakanguka nkasanga ndi muri ghetto numuriro wabuze 😂 ##url##,sadness+surprise,sadness,0.479,0.006,0.021,0.005,0.836,0.135
kin_test_track_a_00396,"uyu muhanzi wagiye atamaze ipfa abari bamutegereje yakurikiwe n’abantu batandukanye biganjemo inkumi, bari banze ko agenda atabaramukije.",none,surprise,0.025,0.007,0.008,0.203,0.3,0.479
kin_test_track_a_00397,turi @<username> uwagenze na volcano yifuza guhora agenda nayo service nziza barayoboye mumajyepfo ntimwatanzwe rusizi ntimwatanzwe n'ahandi henshi ##url##,joy,none,0.046,0.005,0.007,0.727,0.018,0.029
kin_test_track_a_00401,ugasanga umu mama muturanye afite uruhungu rubi ariko yakubona ukumva aravuze ngo bite umukazana😏,none,surprise,0.109,0.09,0.073,0.029,0.457,0.968
kin_test_track_a_00403,"nyuma y’igihe arwaye kanseri, yaje kuyikira nta muntu umubaze, ahita akomerezaho urugendo rwe rwo gushima imana, atangira gukora ivugabutumwa.",joy+surprise,joy,0.006,0.013,0.018,0.942,0.118,0.046
kin_test_track_a_00405,"@<username> @<username> icyonzicyo ubunyiyenzaho, kandi ibibintu sibyiza!!! dore na chrie amaze kunkuraho amaboko😭😭😭",anger,sadness,0.243,0.011,0.051,0.016,0.985,0.02
kin_test_track_a_00406,uramutse ubariyemo n’ututazwi uyu mubare uziyongera cyane.,none,fear,0.037,0.015,0.746,0.016,0.341,0.011
kin_test_track_a_00407,biteye ubwoba.,fear,disgust+fear,0.112,0.856,0.551,0.023,0.071,0.023
kin_test_track_a_00408,yongeyeho ko ikibazo cya mwishywa we wagurishije isambu cyagejejwe mu nkiko.,none,sadness,0.045,0.015,0.022,0.012,0.962,0.055
kin_test_track_a_00413,ni yo mpamvu kadima n’itsinda rye banze ubugenzuzi bw’itsinda ryigenga batinya ko amakosa yabo ashyirwa ku karubanda.”,fear,none,0.019,0.005,0.115,0.229,0.04,0.017
kin_test_track_a_00420,maconco yigometse kuri mwezi.,none,disgust,0.084,0.992,0.046,0.062,0.039,0.045
kin_test_track_a_00424,ugasanga umutipe ariyemera ngo arya ibyana🛌...kdi atarigera abona umwobo w ifuku😂😂😂😂😂😂,anger+surprise,surprise,0.182,0.091,0.021,0.009,0.463,0.835
kin_test_track_a_00426,"yakomeje avuga ko niba ibihugu bya afurika bishobora kwanga kugira uruhande bihagararaho mu ntambara iri mu gihugu cye, bigaragaza ko “ijambo u burusiya bwari bufite muri afurika rigenda rigabanuka.”",fear,anger+fear+sadness,0.536,0.003,0.646,0.009,0.693,0.026
kin_test_track_a_00428,"umunyamategeko juan smuts yatangaje ko kongera guta muri yombi kayishema, byatunguye we n’umuryango w’uwo yunganira.",surprise,none,0.014,0.006,0.037,0.127,0.61,0.142
kin_test_track_a_00431,mbonye iriya station ya police yi remera nibuka le 1 jan tujyayo gutanga ikirego ko batwibye 😩 kwibwa kuri ny😭😭😭,sadness,anger+sadness,0.572,0.007,0.031,0.006,0.78,0.319
kin_test_track_a_00434,umuntu nkawe uri kugenda urebera amashusho y'urukozasoni mu modoka?,disgust,surprise,0.124,0.032,0.255,0.021,0.251,0.808
kin_test_track_a_00437,ntabwo twari tubimenyereye ariko twabonye twarakinnye neza.,joy,none,0.006,0.028,0.032,0.677,0.019,0.127
kin_test_track_a_00440,"ku rundi ruhande ngo mu basoje amasomo kuva mu 1980 kugeza mu 2016, abo bamaze kumenyera imyirondoro bashobora gukoresha uburyo bw’ikoranabuhanga bakamenya aho bari, bagera ku bihumbi 41.",joy,none,0.009,0.008,0.016,0.705,0.027,0.138
kin_test_track_a_00445,mu 2011 urukiko rushinzwe kurengera uburenganzira bwa muntu mu burayi rwanzuye ko abakekwaho ibyaha bya jenoside bari muri suède boherezwa mu rwanda kandi byarakozwe.,joy,none,0.084,0.004,0.01,0.099,0.048,0.078
kin_test_track_a_00446,@<username> habaho no kwirengagiza mwana kugira ngo batakuniga ndaqa😂😂😂😂,none,sadness,0.131,0.009,0.424,0.005,0.895,0.015
kin_test_track_a_00448,aya ni ayo bafatiye mu mujyi wa mombasa ho muri kenya umwaka ushize ubwo bari bahuriyeyo bagiye kwizihiza umunsi mukuru w’amavuko yabo.,none,joy,0.007,0.013,0.011,0.885,0.043,0.088
kin_test_track_a_00453,"muri iyi raporo avuga ko atigeze agaragarizwa inyandiko zisobanura umubare wa muvelo zizakorwa n’ingano yazo, ibishobora gutuma bimwe mu bikoresho bita agaciro bigahombya leta amafaranga atari make.",none,fear,0.06,0.017,0.924,0.034,0.409,0.015
kin_test_track_a_00456,"sha sinkubeshye nsigaye ngukemanga.""",fear,anger,0.532,0.01,0.036,0.021,0.025,0.124
kin_test_track_a_00457,"ese umuntu agusabye, ukamuha mukanya ukamubona ari kunywa biere wabifata ute???",none,anger+surprise,0.688,0.029,0.033,0.006,0.354,0.491
kin_test_track_a_00460,arko imbeba ko bazigeragerezaho inkingo mukaba mukomeje kuzica nizishira bizagenda bite,anger,anger+sadness,0.585,0.012,0.06,0.008,0.938,0.014
kin_test_track_a_00463,atanga urugero kuri nhica do rovuma yagize ati “ingabo ziyobowe na gen nkubito umwanzi zarahamuvanye.,none,sadness,0.068,0.005,0.01,0.062,0.844,0.026
kin_test_track_a_00464,ibyo byatumye hashyirwaho ihuriro ry’amashyaka ngo aganire ku bibazo binini bireba igihugu n’abaminisitiri babagezeho ibigiye gukorwa n’ingamba igihugu gifite.,fear,none,0.018,0.005,0.012,0.444,0.032,0.049
kin_test_track_a_00465,@<username> @<username> “ibitagira abakuru birumba ari indaru (indaro)” ariko kandi igihugu kiramutse kidafite abato bacyo cyakwizera kurimbuka vuba bidashidikanywaho.,none,anger,0.636,0.005,0.053,0.013,0.441,0.004
kin_test_track_a_00467,@<username> ndumva nkugiriye imbabazi gake twese ngo ntituresha pa sorry 😭😭😭,sadness,anger,0.558,0.004,0.02,0.013,0.522,0.01
kin_test_track_a_00468,abanyamakuru bige gukoresha amarenga (geste) ntiyabumvise neza 🤣🤣 akumiro ni ivunja 🥳🥳 ##url##,surprise,anger,0.866,0.005,0.03,0.014,0.048,0.091
kin_test_track_a_00469,ati “birakenewe ko uyu mugabane wiyubaka mu bitekerezo ukumva ko utagomba kugaburirwa n’abandi.,anger,none,0.147,0.004,0.081,0.077,0.07,0.007
kin_test_track_a_00470,"@<username> urakoze cyane. uzamenya umusonga wanjye tukawusangira, kandi ntisinzire kubera umusonga wanjye uko yaba asa kose uwo nzamunambaho .",none,joy,0.013,0.011,0.018,0.909,0.021,0.018
kin_test_track_a_00472,"@<username> 😂😂🤣🤣🤣🤣🤣🤣 kwifata biranze ndaseka, nanjye nidubura nzareba ko udafute inzāra nk'izinka!🇻🇺",joy,anger,0.523,0.005,0.013,0.013,0.044,0.096
kin_test_track_a_00474,"ni amakuru yakomeje no mu gitondo cyo kuri uyu wa kabiri, biba ikiganiro ku mbuga nkoranyambaga hirya no hino.",none,surprise,0.03,0.011,0.2,0.047,0.083,0.532
kin_test_track_a_00476,"😂 nari nicaye ahantu numva umwana abajije nyina ngo mbese kunyara bisobanuye ik …,kugeza nanubu ntabwo aramusubiza ndakomeza mbahe amakuru 😂🤌",none,surprise,0.259,0.007,0.09,0.007,0.349,0.422
kin_test_track_a_00477,"ibi biri mu bituma agababo n’abasore benshi bahitamo kutagaragaza intege nke zabo cyangwa ngo basabe ubufasha igihe biri ngombwa, bagahitamo guceceka no kujya kure y’abandi kugira ngo batabacira urubanza bakurikije ibihe bigoye bari kunyuramo.",none,sadness,0.051,0.009,0.241,0.008,0.955,0.018
kin_test_track_a_00480,umunsi umwe nibwo umujyanama wabo yabwiye schwarzenegger ko umugore we akeneye kumenye ukuri kose kuko yari amaze igihe amukeka amababa harimo no kubyarana n’undi mugore.,fear,sadness,0.049,0.009,0.026,0.016,0.971,0.177
kin_test_track_a_00481,@<username> @<username> @<username> @<username> @<username> @<username> @<username> @<username> @<username> @<username> @<username> @<username> nyihanganira man tubifate ko ari 1/1 twiyunge ntacyo dupfa mn,sadness,anger,0.849,0.005,0.217,0.013,0.184,0.006
kin_test_track_a_00483,"abatangabuhamya babwiye igihe ko uwo musore yari arimo gusangira inzoga na bagenzi be b’abahungu, aza kunyuzamo atangira gukorakora umwe muri bo amubwira ko yamukunze, undi ahita amukubita umugeri agwa hasi.",sadness,sadness+surprise,0.034,0.013,0.041,0.017,0.957,0.439
kin_test_track_a_00487,@<username> amahirwe menshi nuko yaba ari @<username> kuko ejo yarengeraga ndimbati nk'ufite uburambe mugutera inda 🏃🏃😂😂,anger,none,0.138,0.009,0.006,0.013,0.321,0.278
kin_test_track_a_00488,uwitwa batman yahize abandi bari bahatanye muri ibi bihembo kubera ko ari we watowe cyane kurusha bagenzi be.,joy,surprise,0.015,0.012,0.011,0.753,0.044,0.516
kin_test_track_a_00490,yongeyeho ko inzu yose igaragaye mu kajagari muri nyamirambo ikurwaho naho iby’abashinjwa kurya ruswa bikaba ari ubuzima bwabo ku giti cyabo.,anger,sadness,0.279,0.008,0.019,0.009,0.726,0.024
kin_test_track_a_00491,"mu ijoro ryo ku itariki ya 25 nzeri 2015 , umunsi umukinnyi wa filime saphine kirenga yizihizagaho isabukuru y’amavuko, mu buryo butunguranye umusore bakundanaga yazanye impeta y’urukundo [fiançailles] ayambika uyu mukobwa inshuti n’abavandimwe bose babireba.",joy+surprise,none,0.007,0.009,0.008,0.77,0.153,0.125
kin_test_track_a_00494,"ati “twumvaga ko hari abanyarwanda ntabwo twari tuzi inyenzi, urugamba rutangiye batangiye kutubwira ko ari abantu bafite amatwi atendera twari dufite amatsiko yo kumenya uko bateye.",none,sadness,0.206,0.003,0.045,0.006,0.895,0.148
kin_test_track_a_00497,@<username> mwaramutse! internet yanze rwose mudufashe mukemure ikibazo gihari iri kutwicira akazi murako,anger+sadness,sadness,0.471,0.005,0.37,0.014,0.89,0.005
kin_test_track_a_00500,bamushinjaga ivangura no guheza bamwe mu baturage ba thailand.,none,sadness,0.06,0.015,0.037,0.019,0.982,0.087
kin_test_track_a_00504,"yavuze ko nko mu myaka mike ishize nta watekerezaga nk’imodoka zikoresha amashanyarazi n’ibikomoka kuri peteroli (hybrid), ariko ubu mu rwanda zimaze kugwira, kubera amahirwe guverinoma yatanze, arimo kugabanya imisoro.",joy,none,0.008,0.009,0.027,0.758,0.016,0.175
kin_test_track_a_00505,"@<username> @<username> arazizi cyane, nakurangire rwose njya mbona ari umuseeenzi wa cyane",anger,joy,0.009,0.009,0.011,0.851,0.035,0.042
kin_test_track_a_00506,"ubushakashatsi bukomeza buti “mu murwa mukuru [kigali], ingo zisaga 61% z’abantu ku giti cyabo zibamo abantu bakodesha.”",none,sadness,0.028,0.005,0.289,0.02,0.821,0.019
kin_test_track_a_00513,ubundi nujya muri interview ugasanga irakoreshwa n'umugabo uzamubwire ngo nutampa akazi nzaguteretera umugore wae. interview izahita irangira shn,none,anger,0.688,0.006,0.369,0.006,0.341,0.048
kin_test_track_a_00515,"“umugore yatubwiye ko bageze mu rugo bakoze imibonano mpuzabitsina barangije bararyama, mu gitondo umugore yarabyutse amusiga mu buriri ajya gushaka icyo barya agarutse arebye asanga undi yapfuye ahita atangira gutabaza.”",sadness+surprise,sadness,0.062,0.022,0.047,0.014,0.986,0.102
kin_test_track_a_00518,"ati “nyuma yo guhabwa amakuru yizewe n’abaturage baturiye umupaka, ko hari magendu y’imyenda ya caguwa yinjijwe mu gihugu ivanywe mu bihugu by’abaturanyi, polisi yateguye ibikorwa byo kubafata, mu murenge wa kigarama wo mu karere ka kirehe, ku isaha ya saa kumi n’ebyiri za mu gitondo hafatirwa abantu batanu bari batwaye ku magare amabalo atanu.”",none,sadness,0.041,0.008,0.17,0.013,0.714,0.025
kin_test_track_a_00519,"ati “ndashaka nihere ubutumwa inshuti yanjye jean fidèle, ndashaka nkubwire ko bitamvuye mu mutwe igihe wishimaga ibyishimo byanjye.",anger,none,0.011,0.007,0.011,0.739,0.167,0.031
kin_test_track_a_00521,"hashize iminsi ikibazo cy’iyi ndwara gikurikiranwa cyane haba ku nzego z’ubuyobozi n’abahinzi ubwabo muri rusange, ariko ngo biranga bikaba iby’ubusa, uburwayi bugakomeza kwibasira umusaruro w’abahinzi.",sadness,fear+sadness,0.025,0.014,0.759,0.031,0.849,0.01
kin_test_track_a_00522,@<username> ubwo se si nko kuvugira #ishapure na rozari mu musigiti ku munsi w'iteraniro ra🙄🙄,none,anger,0.582,0.009,0.01,0.009,0.048,0.15
kin_test_track_a_00532,agahinda ka mbere nugufana arsenal uri umukene rwose,anger+sadness,sadness,0.038,0.025,0.033,0.067,0.982,0.042
kin_test_track_a_00533,"umva sister menya amazina ya boyfriend🙎‍♂️🙎‍♂️ wae ya nyayo ntagutera inda ntabwo tuzagufasha gushaka """" mane dreezy"""" 😂🤣🤣🤣🤣🤣🤣",none,anger,0.716,0.005,0.04,0.005,0.095,0.194
kin_test_track_a_00535,"imig 20:4 nzarimirana w'umunyabute ntiyihingira atinya imbeho, ni cyo gituma mu isarura azasabiriza kandi ntagire icyo abona.",anger,none,0.356,0.474,0.038,0.011,0.063,0.009
kin_test_track_a_00536,"kalisa callixte ni umwe mu bikorera uvuga ko yahamagajwe n’ikigo cy’imisoro n’amahoro, kugira ngo asobanure imvano y’ibicuruzwa bigeze kuri miliyoni 200 frw byagaragaraga mu ikoranabuhanga ry’imisoro ko byaranguriwe kuri tin ye, ariko ntabisorere nk’umuntu wabicuruje.",none,sadness,0.079,0.006,0.03,0.007,0.834,0.13
kin_test_track_a_00537,"yaramututse ngo ni imbwa, ngo na mama wawe ni imbwa.",sadness,none,0.348,0.247,0.01,0.006,0.164,0.038
kin_test_track_a_00538,"@<username> @<username> namba no kukuruma bwageze mu kanwa watangiye kumva ubunyunyusi bwabwo,uzi kukuruma umunwa ugiye gutamira,umunwa ugahita ubyimba!🤣🤣🤣",sadness,anger,0.523,0.028,0.011,0.007,0.064,0.111
kin_test_track_a_00541,"@<username> babyeyi amazi turayakumbuye, mukore geste wenda tubone ayo kunywa ibicurane bigiye kutwica",sadness,fear,0.199,0.052,0.942,0.036,0.239,0.008
kin_test_track_a_00545,urongoye umugore mwiza aganya ibyago nuteye igiti cyamapera mukigo cyamashuli ya primary😂❤️,sadness,joy,0.008,0.015,0.012,0.947,0.048,0.051
kin_test_track_a_00548,@<username> @<username> @<username> @<username> @<username> @<username> @<username> @<username> @<username> @<username> @<username> nari ngiye gushyira status kuri watsapp ivuga ko watsapp yanze gukora none byanze🙄,none,sadness+surprise,0.254,0.006,0.071,0.006,0.75,0.41
kin_test_track_a_00551,ai nyamara uba utubwiye nabi aba papa twirira udusendababoyi😅 ushatse wakwihana @<username> 🤣🤷🏾‍♂️ ##url##,sadness,anger,0.707,0.006,0.022,0.007,0.102,0.145
kin_test_track_a_00552,minecofin yo yagaragaje ko hari ibikorwa n’imishinga yarangiye ndetse amafaranga akaba ahari ariko abakoze ibyo bikorwa bakaba baratinze kwishyuza.,none,sadness,0.033,0.008,0.079,0.029,0.891,0.01
kin_test_track_a_00553,"🙃mani girl arambwiye ngo iyambarire byanze …, ndacyamusaba another round ndakomeza mbahe ikuru 😭😭😭",none,anger,0.671,0.004,0.046,0.007,0.457,0.114
kin_test_track_a_00557,@<username> @<username> @<username> ni agahomamunwa c? cg njye mbaza ibindeba?🤦🤸,none,anger,0.934,0.006,0.076,0.012,0.041,0.027
kin_test_track_a_00559,ubu buryo kandi bugabanya ibibazo bishobora kuvuka mu guhanahana amafaranga hagati y’abantu.,joy,none,0.013,0.011,0.284,0.263,0.026,0.038
kin_test_track_a_00560,"ubaye urumukobwa, ufite million 7 munzu, umujura akinjira, akagusaba ko mwakora sex, cg gutwara ayo amafaranga wahitamo iki?",sadness+surprise,surprise,0.123,0.008,0.035,0.01,0.673,0.468
kin_test_track_a_00561,"yagize ati ""mu bibazo bikibangamiye igihugu harimo igwingira kuko ubushakashatsi bwerekanye ko mu bafite imyaka itanu nibura umwe muri batatu aba agwingiye.”",sadness,fear+sadness,0.059,0.013,0.754,0.03,0.911,0.006
kin_test_track_a_00563,@<username> @<username> hari umukobwa wambwiye ngo iyo umunsi wije atabonye umugabo umureba ngo amukurikize ijisho amenya ko uwo munsi yambaye nabi.,surprise,sadness,0.158,0.009,0.047,0.008,0.826,0.372
kin_test_track_a_00565,byazanye amara ahubwo niyompamvu bivuga nk’ibijunditse umwanda,anger+disgust,disgust,0.082,0.893,0.014,0.016,0.039,0.09
kin_test_track_a_00566,@<username> ndabibona wakoreye imbere mzee . umwana ni uwijanja ##url##,none,joy,0.014,0.016,0.014,0.944,0.027,0.024
kin_test_track_a_00568,nyirashema yahakanye ibyo umusore we amushinja avuga ko yabivuze kuko ashaka kumutwara inzu.,anger,sadness,0.098,0.01,0.024,0.007,0.927,0.088
kin_test_track_a_00570,"manirarora vincent, wacikirije amashuri, ubu akora akazi ko gutwara abagenzi kuri moto mu karere ka karongi, avuga ko mu bituma urubyiruko rwangije amashuri rutabona akazi harimo no gusuzugura imirimo imwe n’imwe.",none,sadness,0.073,0.007,0.148,0.011,0.957,0.012
kin_test_track_a_00571,kwinjira muri iki gitaramo bisaba kwishyura ibihumbi 10frw ubundi ukayanywera wumva icyanga cya amstel.,joy,none,0.014,0.01,0.009,0.686,0.015,0.088
kin_test_track_a_00572,"inyubako y'umurenge wa @<username> yatwaye amafaranga y'u rwanda miliyoni 900 gusa, nyamara ni imwe mu nyubako zigezweho dufite. @<username> 👏🏾👏🏾👏🏾 @<username> @<username>",none,joy,0.008,0.009,0.013,0.897,0.041,0.124
kin_test_track_a_00579,ati mwana wanjye humura aho batari nzahababera.,joy+sadness,none,0.168,0.027,0.012,0.012,0.374,0.011
kin_test_track_a_00590,noneho ikibabaje n’ukuntu azinduka n’imituna ishoka ku maso nkaho aba mu ishamba.,disgust,sadness,0.044,0.035,0.026,0.016,0.982,0.136
kin_test_track_a_00592,@<username> @<username> @<username> @<username> @<username> @<username> @<username> @<username> @<username> @<username> @<username> nukwesa uyumuhigo wa musa kuko ningirakamaro mubuzima bw'umuturage tubigire ibyacu,none,joy,0.021,0.009,0.011,0.859,0.031,0.011
kin_test_track_a_00593,@<username> urumva kuba abana basoza amasomo bagaca amakayi abandi ukumva ngo batwitse ibitanda ni ibintu bisanzwe?,anger,surprise,0.42,0.008,0.029,0.006,0.14,0.418
kin_test_track_a_00597,mwana wa mama waje tukajya twivugira story zubusambanyi ko ntawe uzatwinjijirira ##url##,none,anger,0.912,0.007,0.03,0.012,0.062,0.05
kin_test_track_a_00601,bavuga ko umutangabuhamya mu rubanza yayobeje abacamanza avuga ko ataramenya neza niba azasaba indishyi z’amafaranga.,sadness,none,0.125,0.005,0.184,0.007,0.441,0.166
kin_test_track_a_00603,"@<username> bibiliya irakureba nawe, yubahe unayikurikize kugira ngo uzaramire mu gihugu uwiteka imana yawe iguha",none,joy,0.021,0.012,0.02,0.831,0.018,0.012
kin_test_track_a_00604,@<username> @<username> @<username> utarumva umwana asuhuza se amuhereza ingumi ati gongaho gee😁,none,anger,0.72,0.015,0.015,0.008,0.077,0.043
kin_test_track_a_00606,umvugiye ibintu rwose kandi neza! inabi ku isi imaze iki? kubiba amahoro bigoyeho iki? duharanire ku #baimfura 🙏🏾 ##url##,anger,none,0.13,0.002,0.046,0.182,0.314,0.005
kin_test_track_a_00609,"mu matariki 10 uku kwezi, ibitangazamakuru bitandukanye ku isi byatangiye kunuganuga ko rihanna, yaba yarabyaye ariko bifatwa nk’ibihuha kuko benshi ntibavugaga igitsina yibarutse cyangwa se amazina y’umwana cyangwa se ibindi byagaragaza ko koko haba hari abafite amakuru y’impamo.",none,surprise,0.017,0.01,0.12,0.04,0.154,0.69
kin_test_track_a_00610,yapfuye atabaye umwami.,sadness,disgust,0.107,0.768,0.013,0.018,0.265,0.018
kin_test_track_a_00612,yakomeje avuga ko uyu muryango bawohereje kuri rib ya kimisagara kugira ngo utazicana anashimangira ko uwo mugore wakabiri nawe yamaze kuva muri urwo rugo.,fear+sadness,none,0.032,0.004,0.241,0.05,0.665,0.007
kin_test_track_a_00615,@<username> hari umwana utaha iwabo uherutse kuntira ghetto ngo umwana azamusura ndanga ##url##,none,sadness,0.401,0.008,0.145,0.005,0.96,0.018
kin_test_track_a_00617,@<username> ntago ubeshye rwose ni indamutsa @<username> arakaguhama wamfura we,joy,anger,0.915,0.007,0.031,0.011,0.074,0.017
kin_test_track_a_00618,sha nukuri tubayimbwa birarangiye abasore barabakera koko nkaho mwakwiyandikishe mungabo zigihugu mwabusoremwe ngo mugiye kwimurika nano kubitekerezaho koko ##url##,anger,anger+sadness,0.932,0.004,0.105,0.007,0.708,0.058
kin_test_track_a_00620,"yakomeje abwira uyu muntu ko yizera ko nyuma y’ibi ameze neza kandi amusezeranya ko uwamwibasiye agiye kumukumira akanamukomanyiriza kuri instagram, kuko atakwihanganira imyitwarire nk’iyo yagaragaje.",anger,none,0.051,0.003,0.06,0.12,0.654,0.015
kin_test_track_a_00621,@<username> @<username> babwire ko bari kunywa mukaru kandi mu by'ukuri barimo kunywa umutobororo,none,anger,0.933,0.006,0.056,0.005,0.191,0.037
kin_test_track_a_00625,"ba nyiribikamyo: banyonzi, birabujijwe gufata ku modoka kuko biteza impanuka. abanyonzi: ##url##",fear,anger+fear,0.554,0.01,0.451,0.012,0.135,0.005
kin_test_track_a_00627,emeran na we yamusubije yifashishije akamenyetso k’igipfunsi wasobanura nko gushyigikira ibyo avuze.,none,surprise,0.235,0.014,0.017,0.013,0.062,0.572
kin_test_track_a_00628,icyo mwapfuye nyine nuko nawe washakaga kuba umu oligarchs akabyanga yabonye inda nini yanyu mbere ##url##,anger,anger+sadness,0.846,0.008,0.021,0.01,0.733,0.033
kin_test_track_a_00630,nizere ko babantu bafashaga mama kumfata agiye kunkubita ubu bakora muri cia na fbi😭😭 ibigome gusa😩,anger,sadness,0.45,0.007,0.038,0.008,0.956,0.146
kin_test_track_a_00636,"@<username> @<username> @<username> ntabwo ndubaka ariko ndumva imvune z’umubyeyi n’inshingano zo kurinda ubuzima bw’umwana, nkurikije ibyo uvuga @<username> .",sadness,anger,0.525,0.005,0.063,0.039,0.056,0.006
kin_test_track_a_00642,ibi ni byo bituma mvuga ko twiteguye neza.”,joy,none,0.014,0.028,0.031,0.656,0.008,0.023
kin_test_track_a_00644,@<username> @<username> @<username> @<username> @<username> ariko ngo hari n'abananiwe ingo basigaye bigisha abandi kwigumura mu rushako. ntibizoroha.,anger,sadness,0.124,0.018,0.048,0.017,0.981,0.01
kin_test_track_a_00646,mu cyumweru cyabanjirije igishize ni bwo davis d yagaragaraye yambaye inkweto za big red boots zigezweho mu ruganda rw’imideli.,none,surprise,0.015,0.017,0.021,0.234,0.037,0.818
kin_test_track_a_00652,ark c musore ni gute uteka igikoma cyakubunnye cyamara gushya aho kugishyira muri teremusi ukakimena hasi koko🙄🙄🙄,anger+sadness,anger+surprise,0.678,0.045,0.068,0.009,0.094,0.79
kin_test_track_a_00653,"umukuru w’igihugu yavuze ko nubwo bimeze bityo, usanga hakiri icyuho mu bijyanye n’ubutabera buhabwa abagore ndetse no kuba benshi bakiri mu mirimo itanditse cyangwa itinjiza amafaranga ugereranyije n’abagabo.",sadness,fear+sadness,0.029,0.012,0.717,0.034,0.819,0.007
kin_test_track_a_00655,"kayibanda yaranzwe no gutuka abatutsi, abereka ko ntacyo bavuze mu rwanda ndetse ko kugaragaza ko barengana byatuma bicwa bose bagashira.",sadness,anger+sadness,0.547,0.008,0.026,0.01,0.922,0.045
kin_test_track_a_00658,julienne uwacu wayoboraga @<username> iheruka guseswa yahawe umwanya muri minisiteri y’ubumwe bw’abanyarwanda n’inshingano mboneragihugu nk’umuyobozi nshingwabikorwa w’ishami rishinzwe ukwiyubaka kw’umuryango. #rwanda @<username> ##url##,none,joy,0.011,0.01,0.012,0.915,0.029,0.054
kin_test_track_a_00659,uyu munsi ninde wakubeshye nturabukwe? cyangwa umunsi wo kubeshya waribagiranye!,none,anger,0.559,0.016,0.013,0.007,0.401,0.074
kin_test_track_a_00661,"biden yavuze ko yanze ibyo perezida putin yasabaga mbere y’uko intambara itangira, by’uko ukraine itakwemererwa kwinjira muri nato, avuga ko uyu muryango ufunguye kuri buri wese.",anger,none,0.289,0.003,0.022,0.036,0.334,0.081
kin_test_track_a_00662,"uyu mugore abibwira undi uri mu bamukurikiye, akamusezeranya ubufasha ndetse akamubwira ati “reka kuri iyi nshuro, ntituze kureka ngo ibi bintu birangire gutyo gusa.’’",none,sadness,0.106,0.005,0.184,0.012,0.947,0.021
kin_test_track_a_00664,munyumvire abase biyemeje icyaha batakoze kandi banasjija banahamya abandi icyaha bataranabaho. ibi nabyo ni icyaha ubwabyo bakoze. ##url##,surprise,anger,0.828,0.019,0.023,0.015,0.038,0.022
kin_test_track_a_00665,@<username> bisanzwe bizwi nubundi ko ferwafa ikora nabi wagira ngoyo na reb biba biri kurushanwa,anger+sadness,sadness,0.447,0.003,0.036,0.005,0.76,0.054
kin_test_track_a_00667,@<username> @<username> kowagira ngo urumuhungu cg ubavukamo urumwe🤔😂😂 nibyo iyo ukabije 3 iya gatatu niyo kugutabara imvura yaguye😂😂,none,anger,0.725,0.007,0.014,0.008,0.078,0.052
kin_test_track_a_00668,akarere ka @<username> umurenge #tumba akagari ka #gitwa umudugudu #berwa habaye kwangirika kw'itiyo y'amazi bityo amazi ari kumeneka ku buryo bukabije. @<username> @<username> #tabara ##url##,fear,sadness,0.053,0.018,0.207,0.018,0.94,0.007
kin_test_track_a_00669,@<username> mhn nakarye nyina nnx azi amafranga zitwara ngo maze numwanda 🧐🧐 mureke wne,anger,anger+sadness,0.694,0.008,0.018,0.004,0.82,0.044
kin_test_track_a_00673,youtubers rn: baguwe gitumo bari kunywa urumogi ba banyamakuru mukunda cyane ##url##,sadness,none,0.017,0.013,0.006,0.724,0.017,0.067
kin_test_track_a_00674,harigihe wibwira ko uri gutwika nyamara uri gushiririza 💀,anger,surprise,0.073,0.047,0.102,0.008,0.309,0.845
kin_test_track_a_00676,"iyi minisiteri itangaza ko mu gihe icyorezo cya covid-19 cyagenza make, icyizere cyo kuramba kizongera kuzamuka.",none,joy,0.011,0.022,0.083,0.894,0.017,0.02
kin_test_track_a_00677,"birasa n’aho abaturage bo muri ibyo bihugu banyuze muri byinshi kubera u bufaransa, magingo aya bakaba bashaka kubwigobotora bubi na bwiza.",anger,sadness,0.231,0.007,0.046,0.01,0.98,0.049
kin_test_track_a_00678,"mu rwanda, urumogi rushyirwa mu cyiciro cy’ibiyobyabwenge bihambaye, aho umuntu wese uhamijwe n’urukiko gukora, guhinga, guhindura, gutunda, kubika, guha undi, cyangwa kurugurisha mu gihugu, ahanishwa igifungo cya burundu n’ihazabu y’amafaranga y’u rwanda arenze miliyoni 20 ariko atarenze miliyoni 30.",surprise,none,0.152,0.014,0.106,0.012,0.456,0.042
kin_test_track_a_00684,@<username> @<username> mujye mucisha make daa kuk ni 🔥,none,anger,0.831,0.009,0.033,0.013,0.042,0.012
kin_test_track_a_00685,yavuze ko uretse ko kwangiza ibidukikije ari n’icyaha ngo ubikora aba atifuriza ineza abaturage kuko ngo aba ashaka ko imvura ibura burundu.,anger,fear+sadness,0.454,0.007,0.517,0.013,0.769,0.008
kin_test_track_a_00687,"bitunguranye kuri ako gace yahasanze abandi bagabo batatu bose bategereza ko ubwo bwato buhaguruka, ariko ngo yari afite ubwoba ko abo bantu bashya bahuye bashoboraga kumwica cyangwa bakamusunika mu mazi.",fear,sadness,0.023,0.022,0.354,0.015,0.955,0.075
kin_test_track_a_00688,birasa n’ibigamije guca intege abandi ngo bataza kuko hari igihano gikomeye kibategereje.,none,fear+sadness,0.415,0.016,0.514,0.009,0.731,0.006
kin_test_track_a_00690,"mu gihe yari ategereje kuririmba, uyu muhanzi w’umunya-nigeria yasohokeye ahantu hatandukanye muri kigali ari nabwo amashusho umukundwa yashyize hanze bari kumwe yafashwe.",none,surprise,0.013,0.008,0.009,0.337,0.074,0.498
kin_test_track_a_00691,@<username> @<username> @<username> @<username> @<username> @<username> @<username> @<username> @<username> @<username> uyu mugore ni umugome bikabije. ni ishitani neza neza! @<username> rwose mudufashe uyu mugore ahanwe by’intangarugero!!,anger,sadness,0.461,0.006,0.026,0.008,0.848,0.021
kin_test_track_a_00692,"@<username> @<username> @<username> @<username> @<username> @<username> @<username> @<username> @<username> @<username> @<username> , humura grand frere. turi kumwe. amahoro asagambe muri wowe no mu bawe. rwose humura.",none,sadness,0.044,0.013,0.013,0.201,0.836,0.01
kin_test_track_a_00693,reba iyo photo? mu bigogwe ni hamwe mu hantu ha mbere haba amafoto meza muri iki gihugu ##url##,joy,none,0.028,0.004,0.011,0.138,0.099,0.224
kin_test_track_a_00698,@<username> @<username> @<username> karumye? 😂😂😂😂 niyompamvu njye mukangurira kwibwirira ikimama cyibizi (amazi) byinshi mumubili cya @<username> 😂😂😂😂😂,sadness,anger,0.486,0.016,0.011,0.007,0.078,0.204
kin_test_track_a_00699,"muri ayo majwi yabonywe bwa mbere na cnn, cbs na bbc, trump yumvikana asa nk’urambura izo nyandiko nka kumwe umuntu aba ari gusoma igitabo agahindura ipaji imwe ajya ku yindi, akagera aho avuga ati “izi zo zirimo amakuru y’ibanga akomeye.”",none,surprise,0.138,0.018,0.045,0.057,0.092,0.946
kin_test_track_a_00701,@<username> uyumugabo yanijajara byo reka hashye mazurebe ngo harashya byanyabyo noneho nurwanda maze rurahita rwisubiza ibyo rwaskwe,none,anger,0.95,0.007,0.089,0.008,0.124,0.064
kin_test_track_a_00703,turi kugana mu bihe by’umubano mubi hagati y’u bubiligi n’u rwanda tutazi neza igihe bizamara n’ubukana bizaba bifite ariko byashoboraga kwirindwa ukurikije amakuru ahari.,fear,sadness,0.051,0.005,0.171,0.016,0.944,0.031
kin_test_track_a_00704,‘goodlife health & beauty pharmacy’ ni farumasi yiyemeje kwita ku byo buri munyarwanda wese akeneye bijyanye n’ubuzima n’imibereho myiza.,none,joy,0.011,0.02,0.027,0.922,0.019,0.029
kin_test_track_a_00710,@<username> aka ka kane ushyizemo niko kabi urankomerekeje ubyumve. niwumva ufite ubumuntu unsabe imbabazi rwox,sadness,anger+sadness,0.88,0.006,0.042,0.008,0.704,0.024
kin_test_track_a_00713,"radio okapi yatangaje ko fayulu yasabye amahanga kumushyigikira, ntazigere yohereza indorerezi muri aya matora mu rwego rwo gushyigikira demokarasi n’uburenganzira bwa muntu.",anger,none,0.053,0.005,0.03,0.472,0.018,0.019
kin_test_track_a_00717,gifite mukanwa hanuka nk‘imbwa yaboreye mu mazi.,anger+disgust,disgust,0.071,0.979,0.035,0.042,0.025,0.114
kin_test_track_a_00729,ni nde wo kubibazwa?,none,disgust+fear,0.086,0.861,0.501,0.021,0.054,0.096
kin_test_track_a_00730,"iyo bitaba amahirwe n’umunyezamu pavelh ndzila werekanye ko ari ku rundi rwego, iyi kipe y’ingabo yashobora kwinjizwa ibitego bitatu aho mukura vs yayisatiriye bikomeye mu minota 45 ibanza.",none,sadness,0.036,0.006,0.063,0.022,0.811,0.129
kin_test_track_a_00731,@<username> ese lata bakobwa nukubera iki aritwe bahungu duhangayika turi gushaka ghetto turaza kubariramo!? 💔😭 ese mwe ntimwayishaka.,anger,anger+sadness,0.928,0.007,0.054,0.008,0.703,0.021
kin_test_track_a_00732,hari abatawe muri yombi bari kubazwa barimo n’umugabo we kuko ni we muntu uzwi bari bafitanye amakimbirane.”,none,sadness,0.046,0.015,0.02,0.016,0.911,0.039
kin_test_track_a_00733,"guhera mu mpera z’icyumweru gishize, hari inyandiko yakwirakwijwe ku mbuga nkoranyambaga, bigaragara ko ari paji imwe yafotowe ikuwe muri raporo nini.",fear,sadness+surprise,0.027,0.009,0.096,0.016,0.711,0.632
kin_test_track_a_00738,@<username> nukuri darla iyo utaywa inzoga ntabwo biba byabaye....,sadness,none,0.25,0.004,0.062,0.008,0.383,0.008
kin_test_track_a_00739,reba aya macandwe wujuje aha,anger+disgust,disgust,0.186,0.852,0.024,0.026,0.018,0.054
kin_test_track_a_00742,@<username> ikibazo ni umuriro waho😂😂😂💀!,sadness,anger,0.568,0.006,0.013,0.006,0.138,0.028
kin_test_track_a_00749,"niba wumva ko bf atazi maths, uzambwire ngo """"bae, i'm pregnant"""" 😂",none,surprise,0.447,0.012,0.257,0.005,0.101,0.649
kin_test_track_a_00750,"ibi bije mu gihe batiri z’imodoka zikoresha amashanyarazi i burayi usanga iyo ubushyuhe buhindaguritse bituma zitakaza ingufu, bigatuma umuriro ushiramo vuba.",sadness,fear+sadness,0.019,0.012,0.599,0.012,0.882,0.053
kin_test_track_a_00751,uyu mugore usanzwe akora mu kagari ka tetero mu murenge wa muhima amakuru avuga ko intandaro yo kugira ngo atere icyuma n’icupa mu mutwe uwo mugabo ari uko yasohotse mu nzu bari barimo yiruka kandi atamwishyuye amafaranga bari bumvikanye.,anger+sadness,sadness,0.098,0.017,0.045,0.011,0.97,0.076
kin_test_track_a_00752,"nyina yasaga nk’ufite ikimwaro, yateraga ubwoba uwageragezaga kujyana uwo mwana w’umuhungu ku bitaro.",none,fear+sadness,0.025,0.021,0.445,0.021,0.966,0.018
kin_test_track_a_00753,byabaye akarusho ku butegetsi bwa perezida tshisekedi.,none,sadness,0.027,0.007,0.034,0.018,0.91,0.078
kin_test_track_a_00754,ubu buso na bwo ngo byagaragaye ko ari bunini kuko usanga umuntu ushaka inzu yo guturamo yubaka nko kuri metero kare 80 ahandi hagasigara imbuga n’igikari.,none,sadness+surprise,0.025,0.009,0.04,0.014,0.757,0.501
kin_test_track_a_00757,@<username> humura. ibyiza biri imbere. kandi amahoro aganze kuri wowe.,none,joy,0.013,0.02,0.03,0.893,0.022,0.017
kin_test_track_a_00758,"iminsi ibiri nyuma yo kunganya na gorilla fc, ubuyobozi bwa rayon sports burangajwe imbere na uwayezu jean fidèle bwari bumaze kurangizanya n’abakinnyi kalisa rachid wakiniraga as kigali, nzinga héritier luvumbu wategewe indege yihuse imukura i kinshasa ndetse n’umurundi mvuyekure emmanuel wageze i kigali ku wa gatanu.",none,joy,0.007,0.008,0.012,0.844,0.071,0.06
kin_test_track_a_00759,ni uburyo bwubakiwe kugenzura no gucunga umutekano w’ikinyabiziga ndetse n’ugitwaye aho ishobora kubona ko hashobora kuba impanuka maze igahita ifata feri byihuse kuburyo bishobora kuyirinda cyangwa bikagabanya ibyago byayo.,joy,none,0.011,0.011,0.108,0.537,0.012,0.034
kin_test_track_a_00763,"yagize ati “ubuyobozi bugomba gukora inshingano zabwo bugashaka amafaranga buhemba kuko ni uburenganzira bw’abakinnyi, ariko nawe agomba gukora akazi.”",anger,none,0.281,0.002,0.013,0.062,0.075,0.022
kin_test_track_a_00764,uretse mu ikinamico wari wabona ahandi hanu umukobwa yanze umusore wumukire agasanga uwumukene 😒😒,anger,sadness+surprise,0.074,0.024,0.023,0.012,0.906,0.699
kin_test_track_a_00765,@<username> nyihera follow back unansobanurire ubusobanuro bwa troll bukwapplyingaho naho kwishima byo ntabyo tuzashira agahinda nitugera kwa nyagasani umugani w'abacatholique ##url##,sadness,anger,0.904,0.003,0.044,0.017,0.074,0.015
kin_test_track_a_00769,"yagize iti “intare nshya mu nzu, @<username>",none,joy,0.011,0.014,0.013,0.802,0.013,0.047
kin_test_track_a_00770,"ati ""umugore yahaye amakuru inzego z’umutekano agaragaza ko muri icyo kigo hari gutangwamo serivisi zishingiye ku butinganyi.",sadness,fear+sadness,0.042,0.011,0.633,0.01,0.772,0.032
kin_test_track_a_00772,iminsi ibaye itatu yikurikiranya u burusiya bwongeye kugaba ibitero bikomeye ku murwa mukuru wa ukraine kyiv no mu bice bitandukanye by’igihugu.,none,fear+sadness,0.133,0.009,0.672,0.012,0.781,0.035
kin_test_track_a_00776,@<username> biriya yakoze byo gukubita umwari kuriya kabone nubwo yaba yanyweye izingana gute akabura ubwishyu ni amahano,sadness,anger,0.779,0.011,0.015,0.008,0.686,0.028
kin_test_track_a_00778,muri #centreafrica ibibanza biri kugura makeya. gusa n'akabanga mbibiye...😎,surprise,none,0.177,0.008,0.048,0.008,0.083,0.393
kin_test_track_a_00779,@<username> reba icyana hasi sha nkujyane nawe x,none,anger,0.678,0.005,0.025,0.013,0.062,0.016
kin_test_track_a_00781,"hari abagize ngo ibuye ryagaragaye ntiriba ricyishe isuka, ku buryo abakinnyi b’amavubi bagombaga guserukana imyenda mishya nk’uko byari byavuzwe ko bayihabwa.",none,sadness,0.017,0.006,0.06,0.02,0.796,0.239
kin_test_track_a_00783,ubu se uwaraye muri stade ko itegeko ryasohotse yamaze kuhagera ubwo ntaribuhite afata icyumba?,none,anger,0.49,0.016,0.017,0.011,0.028,0.152
kin_test_track_a_00784,umwe mu baturage wanze ko amazina ye atangazwa yagize ati “umva abajura batumereye nabi bakubita abantu bakabakomeretsa noneho ubu baduye ingeso yo kukwiba n’imyenda wambaye ugasigara wambaye ubusa.”,fear+sadness,sadness,0.159,0.015,0.042,0.024,0.986,0.031
kin_test_track_a_00786,"ahantu honyine guterres avuga u rwanda, ni aho agaragaza ko umubano warwo na congo wazambye nyuma y’uko m23 itangije intambara.",surprise,sadness,0.048,0.004,0.049,0.014,0.867,0.108
kin_test_track_a_00791,nyuma yo kugobokwa n’abagiraneza uyu muhanzi yahise agaruka ku mbuga nkoranyambaga atangiza ubukangurambaga bwo gukusanya inkunga yo kuvuza umubyeyi we.,joy+sadness,sadness,0.025,0.005,0.021,0.057,0.904,0.048
kin_test_track_a_00796,imvura yejo yaguye kuva (6:00pm-2:09am) aho itaguye mumenyeko hagiye kuba ubutayu 😂,none,fear,0.046,0.06,0.87,0.035,0.534,0.009
kin_test_track_a_00798,ntugate umwanya wae wigisha cg uhanura udashaka guhinduka ... kuko ntibishoboka ko wahindura umuntu mudahuje imico😔,none,anger,0.901,0.005,0.119,0.009,0.173,0.041
kin_test_track_a_00801,ati “ubwo rero turakeka ko impamvu bihekuye ari ubushobozi buke bwo gutunga abo bana nubwo bidakwiye na gato.”,sadness,fear,0.269,0.003,0.521,0.006,0.569,0.016
kin_test_track_a_00803,"ati “kugira ngo impfu n’indwara zigabanuke ndetse havuke abana bazima, iyi ni yo ntego yacu.",fear+joy,none,0.026,0.008,0.076,0.594,0.024,0.012
kin_test_track_a_00804,utabeshye murusengero bateretse imbere uduseke kamwe arako gushyiramo amaturo yo gushimira pasitoro akandi perezida akandi google...nakahe kakuzura mbere?,surprise,anger,0.548,0.012,0.008,0.022,0.037,0.362
kin_test_track_a_00805,ese ntagatsiko ka bagore cg abakobwa baba kire bagumiwe mwaba muzi ngo umuntu atagire abikundishweho?,none,anger,0.832,0.02,0.014,0.007,0.052,0.059
kin_test_track_a_00806,ibipimo ku bumwe n’ubwiyunge byerekana ko abanyarwanda 94% bumva neza ubumwe n’ubwiyunge ariko abagera kuri 27% bafite ibikomere bakomora ku mateka.,joy+sadness,none,0.026,0.006,0.305,0.081,0.566,0.007
kin_test_track_a_00808,"yatanze urugero ku muhate w’inkotanyi zari zigizwe n’abana bato ziyobowe na perezida paul kagame zirokora abatutsi mu bice bitandukanye by’igihugu, asaba n’urubyiruko kwigira ku babohoye igihugu bakagira uruhare rutaziguye mu kubaka u rwanda.",joy,sadness,0.083,0.007,0.028,0.035,0.972,0.03
kin_test_track_a_00811,"hari umwe mu bayobozi b’u rwanda wavuze ati ""aya masezerano mashya arerekana ko tshisekedi atarajwe ishinga no gushaka amahoro.",anger,none,0.016,0.004,0.012,0.755,0.053,0.058
kin_test_track_a_00812,"izi ntumwa mu minsi igera kuri irindwi zizamara mu rwanda zizasura ibikorwa n’inzego zitandukanye hagamijwe kumenya ibizikorerwamo nk’uko byatangajwe n’umunyamabaga wa leta muri minisiteri y’ububanyi n’amahanga ushinzwe umuryango wa afurika y’iburasirazuba, prof nshuti manasseh.",none,joy,0.009,0.015,0.038,0.85,0.016,0.038
kin_test_track_a_00813,gusa iyo bumaze gucya ubuzima buragaruka ukongera kubona umujyi kuzanzamuka.,none,joy,0.008,0.014,0.031,0.915,0.028,0.038
kin_test_track_a_00814,waramutse rwanda ese namwe aho muri impeshyi yabatashyeho? mukomeze mugire umunsi mwiza wuzuye ubunyangamugayo no gukora cyane.,none,joy,0.012,0.015,0.019,0.938,0.027,0.022
kin_test_track_a_00815,bituma kandi abantu badahenda cyangwa ngo bahendwe cyane.”,none,fear,0.056,0.007,0.623,0.007,0.601,0.033
kin_test_track_a_00818,"@<username> @<username> @<username> oya nawe gabanya kumwubahuka dore ni ukuganira, mutavaho mufatana mu mashati bikarangira mubaye nka wa mudasso wasafarinze.",fear,anger,0.946,0.005,0.047,0.013,0.196,0.016
kin_test_track_a_00824,@<username> harigihe utanga message ukagirango warebaga neza mu mutima w'umuntu! thanks so much @<username> for that tweet ❤️,joy+surprise,joy,0.014,0.014,0.009,0.939,0.034,0.052
kin_test_track_a_00826,"maze iminsi mbyibaza, kuki ugize imbaraga zo kugaragaza ihohoterwa yakorewe, ahindukira akaba ari we ushingwa ibikwasi? yataka bati arasakuza🤔 ##url##",anger,anger+surprise,0.728,0.007,0.069,0.015,0.316,0.716
kin_test_track_a_00827,ishobora kuba yagira uruhare mu ididindira ry’ubwenge bigasaba kwitabwaho byihariye.,fear+sadness,fear,0.044,0.019,0.751,0.01,0.659,0.017
kin_test_track_a_00828,ubu bushakashatsi bwagaragaje ko sosiyete ikunze kwirengagiza uruhuri rw’ibibazo abagabo bahura na byo nyuma ya gatanya.,sadness,fear,0.018,0.006,0.482,0.017,0.431,0.075
kin_test_track_a_00829,"nubwo bigaragara ko ibyagezweho mu buryo bw’imibare mu gihe gito ari byiza, haracyari icyuho kinini ugereranyije no kuba abanyarwanda bageze kuri miliyoni hafi 14.",fear,none,0.008,0.004,0.174,0.222,0.156,0.028
kin_test_track_a_00830,"duhari kubwanyu nkigisubizo mubya mudasobwa ,wifuza kugura cyangwa gukoresha iyo usanganwe ifite ikibazo waduhamagara kuri : 0787548223. @<username> @<username> @<username> @<username> @<username> ##url##",joy,none,0.079,0.004,0.033,0.388,0.024,0.012
kin_test_track_a_00832,amashusho yasakajwe ku mbuga nkoranyambaga agaragaza uyu muraperi yagiye gushaka akazi ko gufasha abubatsi (ubuyede) ngo arebe ko yabona amaramuko.,none,surprise,0.014,0.011,0.027,0.157,0.133,0.724
kin_test_track_a_00833,allah akbar ya allah🙏 komeza unyongere kwihangana @<username> nyagatare ##url##,sadness,joy,0.012,0.013,0.015,0.934,0.029,0.024
kin_test_track_a_00836,impungurabigombyi,none,disgust,0.164,0.707,0.022,0.014,0.06,0.022
kin_test_track_a_00845,"kuko sinumva ukuntu umuntu ukurusha byinshi byiza umwita umuswa kandi yarageze ku byo utarageraho, ushobora no kutazageraho.",anger,surprise,0.328,0.007,0.03,0.013,0.578,0.478
kin_test_track_a_00847,ubundi the so-called big fish idafite amafaranga kuri njye nyifata nk'ururagara. uko ni ukuri kandi twumve dukomeye dutekanye 👍👌,anger,none,0.156,0.002,0.089,0.037,0.052,0.03
kin_test_track_a_00848,"yagize ati ""ubu mfite inzu byibuze ihagaze miliyoni 9 frw, nashatse umugore, mfite ingurube n’inkoko ndoroye, ubwo se navuga ko ntabayeho neza nshingiye ku iki?""",joy,none,0.051,0.003,0.015,0.363,0.134,0.071
kin_test_track_a_00849,😁😁 ubu tuvugana hari abantu iminwa iri kurya. aho bari buvugire irakweduka bararwara ivutu ryamagambo 🤣🤜,anger,none,0.334,0.01,0.023,0.004,0.239,0.251
kin_test_track_a_00850,@<username> karakemutse wanguriye byel mumisi mike ko ndakuzanira umukiriya,none,joy,0.015,0.013,0.011,0.864,0.013,0.046
kin_test_track_a_00854,uyu muyobozi yabajijwe uko uyu mukinnyi yabanyuze mu myanya y’intoki kandi kera rayon sports yaragiraga abantu bayifasha gukurikirana abakinnyi ishaka.,none,surprise,0.037,0.014,0.025,0.046,0.293,0.852
kin_test_track_a_00855,"ibihugu birimo u butaliyani, espagne n’u bugereki byo byatangiye guhura n’ubu bushyuhe budasanzwe, aho nk’inzego z’ubuzima mu butaliyani zatanze integuza y’ubu bushyuhe mu mijyi 16 yabwo irimo roma, bologna ndetse na florence.",fear+sadness,fear,0.017,0.019,0.834,0.024,0.515,0.025
kin_test_track_a_00856,uyu mugabo avuga ko yagiye kwiga muri kaminuza bikamunanira kwiga kubera imyitwarire ye mibi ariko yishimira ko yaje gusubira mu rugo rwe nubwo rwari rwarasenyutse n’imitungo yose yaramaze kuyoboka.,joy+sadness,joy,0.008,0.012,0.018,0.915,0.305,0.034
kin_test_track_a_00858,ubundi rata @<username> biradukwiye rwose kubwira umubyeyi umugongo uduhetse iyo ndamukanyo waramutse #rwanda ##url##,joy,anger,0.651,0.004,0.022,0.021,0.115,0.006
kin_test_track_a_00861,@<username> za nudes zanuza uzazima😂😭,none,anger,0.596,0.015,0.02,0.008,0.514,0.012
kin_test_track_a_00863,wa mugani nyamara @<username> uzi ubwenge urereunze 😂😂😂✌️✌️✌️✌️✌️✌️✌️✌️✌️😂😂😂😂🙌 ##url##,none,anger,0.71,0.005,0.011,0.014,0.105,0.052
kin_test_track_a_00864,uteye isesemi nk'ubukurugutwa bamennyemo amazi.,anger+disgust,disgust,0.094,0.991,0.036,0.049,0.032,0.052
kin_test_track_a_00867,@<username> ahubwo iyi kipe ko ishaka gukwepa final bite byayo😂😂. turabategereje pe,fear,anger,0.779,0.003,0.033,0.015,0.039,0.053
kin_test_track_a_00868,urwego rw’ubugenzacyaha ubu ruri mu butabera ntabwo tukiri mu mutekano.,none,sadness,0.109,0.01,0.135,0.018,0.9,0.004
kin_test_track_a_00873,ntakubeshye uranuka pe! ayo magaragamba si ay'abantu!,disgust,anger,0.873,0.012,0.046,0.004,0.295,0.032
kin_test_track_a_00875,"ati ""dushingiye ku mubano w’ibihugu byacu, turashaka kurushaho kunoza ubufatanye mu nzego zigamije inyungu.",joy,none,0.028,0.014,0.032,0.683,0.014,0.015
kin_test_track_a_00877,@<username> uzashake umuntu inshuti nziza ajye agutwaza ku mutwaro ufite umutima uzaruhuka gake gake,none,joy,0.017,0.011,0.017,0.864,0.023,0.018
kin_test_track_a_00878,"towari marie louise uhagarariye umuryango ufite inkomoko mu buyapani, npo think about education in rwanda’, yavuze ko bashyize imbaraga mu burezi ndetse harimo no kwigisha amahoro hagati y’u rwanda n’u buyapani kuko ibihugu byombi byanyuze mu mateka akomeye.",sadness,joy,0.01,0.017,0.017,0.951,0.031,0.032
kin_test_track_a_00879,"szwaczyk yavuze ko nubwo bemeye guhindura nimero y’umuhanda, ubu ikibazo bafite ari ukwakira ibirego by’abatarishimiye ko nimero yahindutse.",fear,none,0.016,0.004,0.046,0.347,0.067,0.017
kin_test_track_a_00882,"igena yakomeje ati “kuko byaje kugaragazwa ko uzakora icyo kintu azagihanirwa mu buryo ubu n’ubu, byagiye birushaho koroshya.”",none,joy,0.013,0.009,0.013,0.875,0.02,0.06
kin_test_track_a_00883,ufite umwuka nk'uwu muntu urwawe mburugu kbsa.,anger+disgust,anger,0.629,0.164,0.01,0.006,0.103,0.031
kin_test_track_a_00887,abamufashe bamugezeho saa kumi n’ebyiri z’umugoroba yemera ko ari we bigeze saa yine z’ijoro.,sadness,none,0.055,0.004,0.025,0.013,0.634,0.168
kin_test_track_a_00888,ese kucyi abahungu bicyigihe basigaye bumva ko kuryamana aringombwa wamuhakanira mugahita mutandukana urwo nurukundo koko🙄🤔?,sadness,surprise,0.176,0.024,0.062,0.019,0.318,0.938
kin_test_track_a_00892,nta muntu waremye undi.”,anger,sadness,0.307,0.019,0.021,0.006,0.766,0.02
kin_test_track_a_00894,"yagize ati “hamaze kuboneka imibiri ine, yabonetse ejo ku wa kabiri ariko igikorwa cyo kirakomeje cyo gushakisha indi.”",sadness,none,0.015,0.007,0.1,0.161,0.558,0.013
kin_test_track_a_00897,bimwe muri ibi byaha trump ashinjwa bimuhamye ashobora gufungwa.,fear,none,0.128,0.015,0.113,0.008,0.366,0.035
kin_test_track_a_00898,"umuyobozi wungirije ushinzwe imodoka zijya mu ntara muri volcano isingizwe eric, we avuga ko imodoka zitabuze ahubwo abagenzi babaye benshi kubera ko ari mu gihe cy’impeshyi.",none,joy,0.008,0.023,0.027,0.967,0.027,0.04
kin_test_track_a_00899,avuga ata ibicandwe ku bantu ni cyo dupfa,disgust,sadness,0.159,0.015,0.044,0.027,0.983,0.015
kin_test_track_a_00900,ababonye ko wamwana womubakire arigukoresha computer ya nicole mumpe follow🤣🤣🤦 narumiwe @<username> @<username> @<username> ##url##,surprise,anger,0.789,0.005,0.026,0.013,0.078,0.141
kin_test_track_a_00901,@<username> ushyireho ni zina ryawe ry' ukuri. ureke iryo watoraguye kuri iyi mihanda. nakuzaniye impano ndakubura bambwira ko batakuzi.,sadness,anger,0.871,0.003,0.028,0.016,0.212,0.009
kin_test_track_a_00903,"yagize ati “ ejo bundi nka saa mbili z’ijoro nibwo umugabo w’imyaka 63 yagiye ahantu anywa inzoga arasinda, atahana n’umugore wari inshoreke ye kuko si ubwa mbere bari batahanye.”",none,sadness,0.055,0.009,0.05,0.011,0.979,0.17
kin_test_track_a_00904,si ubwa mbere perezida wa gasogi united yavuze kuri ibi bibazo bihora bitangwa muri ferwafa ariko abasifuzi bakabyitambika ntibigire aho bigera kubera izindi nyungu bakuramo.,anger+sadness,surprise,0.212,0.003,0.053,0.011,0.188,0.501
kin_test_track_a_00906,"yagize ati “mucane amatara abantu bababone muri kure kubera ko umuhanda uba urimo abantu benshi, uba urimo imodoka harimo moto harimo amagare n’abanyamaguru, cana itara kugira ngo umuntu akubene ukiri kure.”",none,fear,0.09,0.018,0.841,0.024,0.287,0.011
kin_test_track_a_00908,fally merci avuga ko mu rwanda hari ikibazo cy’uko atari ahantu henshi abana babona ho kwidagadurira.,sadness,fear+sadness,0.018,0.012,0.6,0.031,0.83,0.009
kin_test_track_a_00909,@<username> @<username> ibaze nawe gutegereza ko umunyamerika ari we ukubwira ububi cg ubwiza bw'umuco wawe. ni cyo cyica abanyafurika.,anger+sadness,anger,0.972,0.009,0.129,0.016,0.295,0.022
kin_test_track_a_00910,@<username> iriya co. yashinzwe nka today igahita ihabwa deal ako kanya niyo yanyemeje!!🙆‍♀️😅...aba tipe ntanisoni bagira kbsa!😅,anger,anger+surprise,0.61,0.01,0.031,0.024,0.036,0.691
kin_test_track_a_00911,mwaramutse @<username> ese ejo hashize ko network zanyu zatumye mpomba ndetse nkashwana na benshi kubera ko ntahamagarwa murumva bishimishije? mwirirwe😫😩😩😫😩😩😫😩😩😩😩😫😩😩😩,anger+sadness,anger+surprise,0.734,0.005,0.038,0.018,0.046,0.425
kin_test_track_a_00913,@<username> ko atayafite cg bimubihira or bimubabaza,none,sadness,0.387,0.014,0.038,0.008,0.881,0.008
kin_test_track_a_00914,"#kwibuka28 iy'imvura muyireke igwe kuko hari benshi yabereye ingabo aho bahigwaga bukware, mana warakoze kumanura imvura icyo gihe. 😢 ##url##",joy,sadness,0.098,0.02,0.021,0.03,0.967,0.012
kin_test_track_a_00918,aha hantu ni inde wahaneye?,disgust,none,0.292,0.455,0.16,0.009,0.066,0.014
kin_test_track_a_00919,cyakoza abakire mubaho neza ibaze abantu bagire ubute bwo kujya kunnya hanze bakannya munzu 🤣🤣🤣🤣 murakaze #ntimumputaze nihitiraga🏃‍♂️🏃‍♂️🏃‍♂️🏃‍♂️🏃‍♂️🏃‍♂️🏃‍♂️,surprise,anger,0.744,0.004,0.107,0.006,0.156,0.027
kin_test_track_a_00923,@<username> @<username> gukubita umukobwa byo nta murava byagutera uri umusore. ni ugutera ingumi ikagenda muri rolanti yamugeraho ukicuza.,sadness,anger,0.954,0.007,0.047,0.011,0.152,0.019
kin_test_track_a_00926,"amashusho yagiye asakara agaragaza intwaro za ukraine zitwikwa n’ibisasu byo mu butaka bizwi nka ‘mine’ ndetse hari abasirikare ba ukraine baherutse gutangaza ko buri uko bigiye imbere ho metero ijana, batakaza abasirikare bane cyangwa batanu.",none,sadness+surprise,0.032,0.01,0.201,0.016,0.802,0.503
kin_test_track_a_00930,"n’iyo wakihisha ubutabera imyaka na nyakaka ugakomeza kubiba urwango n’ingengabitekerezo ya jenoside, amateka azabibabaza. ##url##",anger+sadness,anger,0.581,0.004,0.043,0.024,0.67,0.009
kin_test_track_a_00931,"mukabunani christine uyobora ishyaka ps imberakuri, ritavuga rumwe n’ubutegetsi mu rwanda, ni urugero rw’ibishoboka kuko ubu amaze imyaka itanu ari umudepite mu nteko.",joy,none,0.013,0.007,0.015,0.701,0.018,0.199
kin_test_track_a_00935,@<username> rwandan media: wa mukobwa na none yananiwe guhisha amarangamutima ye yereka amakurikira ko atwitwe😂😂,none,sadness+surprise,0.232,0.018,0.038,0.006,0.757,0.666
kin_test_track_a_00940,"@<username> kuri uru rugamba rwo kwirinda, gukangurira abandi kwirinda no kubafasha kwirinda @<username> arurimo neza kuva iki gihanya kikigera ino. #niyubahwe #ntakudohoka",anger+joy,joy,0.013,0.011,0.019,0.89,0.021,0.014
kin_test_track_a_00941,"“hari uguhindura aho batuye bakagenda bimuka, hari uguhindura amadini niba yari umugatolika agahinduka umuyisilamu, cyangwa agashyiraho amatangazo ko yapfuye, imbogamizi zirahari ariko inzego z’iperereza, ubushinjacyaha ntabwo ducika intege.”",none,sadness,0.062,0.005,0.206,0.008,0.929,0.035
kin_test_track_a_00942,"nyamara itegeko rigaragaza ko urukiko rubisuzumye rugasanga ari bwo buryo bwonyine bwo gukumira icyaha cyangwa kurinda umutekano w’ukekwaho icyaha n’ibindi, ashobora gufungwa bityo bikaba bitanyuranyije n’amategeko.",none,anger,0.681,0.006,0.07,0.007,0.11,0.088
kin_test_track_a_00943,"abana bahawe umuganura ni 21 ariko abari bahamagawe bagera kuri 40, gusa abandi batinye kujya aho uyu muganura wabereye batinya ko ari amayeri yo kugira ngo bafatwe.",sadness,none,0.009,0.004,0.023,0.308,0.211,0.028
kin_test_track_a_00945,"##url## amahoro kurimwese.reba inama zangombwa ,zigamije kubaka igihugu cyacu. abirirwa bakigambanira bakwiriye kubihagarika.nabasabaga nubufasha bwo fungura iyo video mukayireba.",none,anger,0.771,0.004,0.064,0.029,0.163,0.006
kin_test_track_a_00947,"yateranye mu gihe umwuka utari mwiza hagati y’u rwanda n’umuturanyi warwo wo mu burengerazuba, repubulika iharanira demokarasi ya congo.",none,sadness,0.038,0.007,0.056,0.026,0.959,0.064
kin_test_track_a_00950,@<username> nyemerera nkubere umukiliya bwa rimwe😂😂🤲,none,joy,0.017,0.011,0.01,0.886,0.019,0.044
kin_test_track_a_00951,"nibura 20% muri bo bakoresha imiti yica udukoko ikunze kugaragara cyane mu bice by’icyaro bikorerwamo ubuhinzi, mu bihugu bikiri mu nzira y’amajyambere, mu gihe abandi bakunda gukoresha uburyo bwo gusimbuka ahantu harerare naho bamwe bakirasa.",sadness,none,0.017,0.009,0.217,0.014,0.512,0.041
kin_test_track_a_00952,@<username> @<username> @<username> uvuze ukiri njyewe umugore wanjye abyaye akanga guha umwana ibere namubwira ko ntamushatse ngo abyare amere nk'ujugunye umwana no !!!,anger,anger+sadness,0.764,0.009,0.03,0.004,0.866,0.045
kin_test_track_a_00957,yasabye ababyeyi b’abana gukomeza kubitaho babaha uburere bukwiye kuko imyaka bagezemo ari bwo bamwe batangira kurangara.,fear,none,0.089,0.007,0.248,0.058,0.594,0.003
kin_test_track_a_00959,"yakomeje agira ati ""hari n’abakinnyi bangiza ibikoresho baba bahawe nk’amasogisi bakayaca, wenda icyo mwavuga ni ubwoko butari bwiza akaba ari yo mpamvu bayanga, gusa ushinzwe ikipe n’ushinzwe ibikoresho bagomba kubyitaho.""",anger,none,0.46,0.002,0.207,0.004,0.652,0.199
kin_test_track_a_00962,"“iyo bashyiraho igiciro ku bwishingizi, kigendana n’ibyo barimo kwishingira.",none,anger,0.645,0.015,0.053,0.016,0.014,0.044
kin_test_track_a_00965,"aba bagabo bavuga ko mbere y’uko bashyiraho umugoroba w’abagabo bajyanaga amafaranga y’urugo mu kabari bakayanywera, bataha umugore yabaza aho amafaranga yagiye, umugabo akabura icyo asubiza intonganya zikaba ziratangiye.",joy,sadness,0.048,0.007,0.087,0.009,0.96,0.089
kin_test_track_a_00969,"umwe mu batangije uru rubuga mu mwaka wa 2001, larry sanger, yahishuye ko inzego zinyuranye za amerika n’abafatanyabikorwa bazo bakora ibikorwa bijyanye n’ubutasi bakoresha uru rubuga mu nyungu zabo bwite bagahindura amakuru aba yarutangarijweho mu buryo bunyuranyije n’amategeko.",none,fear,0.328,0.005,0.701,0.013,0.285,0.042
kin_test_track_a_00970,"umuyobozi wa rwanda leaders fellowship, ndahiro moses, yavuze ko aya masengesho ari amahirwe abayobozi bo mu nzego z’ibanze n’ab’amadini n’amatorero baba babonye yo guhuriza hamwe ibyo bakora kuko byose babishobozwa n’imana.",none,joy,0.009,0.019,0.015,0.944,0.021,0.031
kin_test_track_a_00971,"kugeza ubu mu rwanda hamaze koherezwa abakurikiranyweho ibyaha bya jenoside 29 bafatiwe mu bihugu by’amahanga, mu gihe ababuranishirijwe hanze ari 25 ndetse umuryango w’abibumbye wemeje ko inkiko zo mu rwanda zifite ubushobozi budashidikanywaho bwo kuburanisha ibi byaha bya jenoside.",none,joy,0.011,0.007,0.02,0.83,0.031,0.022
kin_test_track_a_00972,"bamwe muri aba bana babwiye igihe ko bacirira ibibwana by’imbwa ahantu hatandukanye, byamara gusa nk’aho bikura gato bakabigurisha kugira ngo babone ibibatunga.",sadness,none,0.014,0.021,0.01,0.036,0.658,0.154
kin_test_track_a_00973,@<username> @<username> @<username> ariko mana ubwose ushatse kuvuga iki? mubyukuri gusa ndumiwe cyane.,sadness,none,0.219,0.006,0.011,0.045,0.061,0.203
kin_test_track_a_00974,nyamara muve mubyo gutegereza ya pusi murebe uko mwaremera uyu mutype @<username> ##url##,sadness,anger,0.87,0.015,0.034,0.014,0.033,0.017
kin_test_track_a_00975,@<username> wazashatse aga take away ko numva congolese batazi neza gahunda raa,none,anger,0.934,0.006,0.071,0.014,0.06,0.039
kin_test_track_a_00978,"nyuma y’ibi byabaye umugore uri mu bari begereye uyu muntu wajugunye ikinyobwa kuri cardi b, yagiye kuri polisi yo muri las vegas kurega uyu muraperikazi avuga ko na we iyi micro yajugunywe na cardi b yamwikubiseho nk’uko tmz yabitangaje.",surprise,sadness,0.058,0.008,0.033,0.009,0.938,0.163
kin_test_track_a_00981,@<username> ni ikibazo nyine. atwara hanini kubera iki?? arusha iki bashiki be?,anger,none,0.389,0.005,0.015,0.018,0.035,0.123
kin_test_track_a_00982,yavuze ko uretse gutera amabuye muri uru rugo ngo niyo ahuye n’abandi baturage bagashaka kumubuza ngo ashobora kubasagarira bagasaba ubuyobozi kwita kuri iki kibazo.,fear,sadness,0.136,0.009,0.293,0.005,0.902,0.013
kin_test_track_a_00983,nakoranye imibonano mpuzabitsina n’abandi ibihumbi 10”.,surprise,none,0.016,0.018,0.026,0.142,0.066,0.379
kin_test_track_a_00984,"umwaka ushize urukiko rwisumbuye rwa musanze rwahamije bagiruwubusa jean nepomuscène icyaha cy’ubwicanyi, rumuhanisha igifungo cya burundu.",none,sadness,0.025,0.015,0.017,0.033,0.911,0.045
kin_test_track_a_00985,kwa kundi abakobwa bateye nabi bitera ibirungo byinshi 😭&gt;&gt;&gt;&gt;&gt;&gt;&gt;&gt;&gt;&gt;&gt;&gt; ##url##,anger,sadness,0.115,0.012,0.013,0.009,0.946,0.029
kin_test_track_a_00987,"mu bubatse imfatiro zubakiweho u rwanda na n’ubu zikiganje, harimo umwami mibambwe gisanura waremye uburyo buhoraho bwo kurwanya akarengane n’iyicarubozo, atanga urugero ruhanitse rwo kurwanya imitekerereze n’imigirire nk’iyo.",joy,none,0.015,0.011,0.011,0.719,0.09,0.025
kin_test_track_a_00988,@<username> uri umugome ni ukuri watera umuntu depression 😂😂😂😂🤦🏾,anger,none,0.265,0.007,0.346,0.004,0.499,0.039
kin_test_track_a_00992,umva nawe nuguhita mukatira akazi kakoroha 🤦🤦🤦 ##url##,none,anger,0.728,0.013,0.035,0.01,0.037,0.03
kin_test_track_a_00994,"bishobora guterwa kandi n’uko umutsi wacitse amaraso ntagere mu mutima neza, ibizwi mu mvugo ya kiganga mu ndimi z’amahanga nka ‘myocardial infarction’.",fear+sadness,sadness,0.019,0.027,0.269,0.008,0.695,0.057
kin_test_track_a_00995,"abaturage bo mu bwoko bw’aba- irigwe bo mu gihugu cya nigeria, babayeho igihe kinini bagira uyu muco aho umugore yashakanaga na’abagabo barenze umwe bigafatwa nk’ibisanzwe, ariko akagira urugo rw’umugabo umwe abarizwamo ku buryo ari na we witwaga se w’abana bose uwo mugore yabyaraga n’ubwo bose bataba ari ab’uwo mugabo.",surprise,none,0.023,0.012,0.012,0.018,0.647,0.202
kin_test_track_a_00996,“abashinze ndabaga bari bafite umugambi mwiza wo kwita ku mibereho myiza y’abanyamuryango gusa kubera impamvu zitaduturutseho n’iziduturutseho ntabwo twabikoze.,sadness,none,0.303,0.002,0.02,0.033,0.65,0.014
kin_test_track_a_00999,@<username> wa mugabo yatugarutsemo ndaq😂😂😂😂😂😂😂😂😂😂😂😂😂😂😂😂😂 ##url##,surprise,anger,0.856,0.004,0.028,0.015,0.099,0.014
kin_test_track_a_01005,kubufatanye ninzego zibanze ndetse ni z'ubuzima uyu munsi twakurikiranye igikorwa cyo gutanga urukingo rwa #covid19 mubigonderabuzima bya @<username> @<username> @<username> @<username> @<username> @<username> ##url##,none,joy,0.009,0.019,0.023,0.965,0.029,0.038
kin_test_track_a_01008,ati “bigaragara ko inganda z’itunganya zikanatubura imbuto zazamutse.,joy,sadness,0.03,0.008,0.378,0.015,0.827,0.008
kin_test_track_a_01012,@<username> @<username> @<username> hahahaha akarimi n'icyumvirizo numvisemo ka mugobeko ndacangwa,none,anger,0.847,0.008,0.023,0.009,0.049,0.021
kin_test_track_a_01013,"yatanze ikizamini agira ati “musa yinjiye mu rusengero nta nkweto yambaye , kora intero utangije ijambo inkweto…”",none,anger+surprise,0.549,0.02,0.052,0.005,0.096,0.78
kin_test_track_a_01019,"yagize ati ""mu by’ukuri bijya gutangira, nagiye kumva numva umukozi w’ikigo cy’imisoro arampamagaye, ati ’turagushaka ku kimihurura uzaze gufata ibaruwa yawe’.",none,sadness+surprise,0.028,0.006,0.051,0.02,0.852,0.44
kin_test_track_a_01020,izi nkweto zirashaka 10k zombi inbox dore nabuze aho nzishyira kdi inzara niyose ##url##,sadness,anger,0.633,0.004,0.024,0.008,0.449,0.018
kin_test_track_a_01026,ni urukingo rushobora gutangwa rukaba rwafasha mu buzima bw’umushwi bwose.”,joy,none,0.011,0.016,0.068,0.739,0.011,0.028
kin_test_track_a_01027,@<username> @<username> batamufite baba bari mu bipondo,none,sadness,0.309,0.032,0.016,0.014,0.885,0.006
kin_test_track_a_01032,ndashaka guhemba aba follows 200+ bambere✨ twagiye uko ukora follow usige number ya momo muri comment 😍 twagiye @<username> 🙈🙈🙈,none,joy,0.022,0.013,0.009,0.86,0.019,0.096
kin_test_track_a_01034,hari n’ubwo ubikorerwa ukabura ibimeyetso ntube watanga ikibazo ariko ukaba watanga ubuhamya bukangura abandi.,sadness,none,0.011,0.008,0.011,0.177,0.324,0.334
kin_test_track_a_01037,"yavuze ko nibura mu kwezi kuri ubu ibimene by’ibirahure byo mu mujyi wa nyamata hafi ya hose abikusanya, akabibakiza nk’umwanda.",joy,none,0.006,0.01,0.015,0.486,0.046,0.072
kin_test_track_a_01039,"ati “ibyo narabimenyereye cyane, no mu mupira w’amaguru byaravugwaga, na ko biravugwa.",none,surprise,0.022,0.008,0.016,0.037,0.317,0.471
kin_test_track_a_01040,@<username> ubundi umujura nyawe iyo abuze icyo yiba ashaka na po umwana yitumyemo,none,anger,0.741,0.018,0.015,0.016,0.04,0.014
kin_test_track_a_01041,ngo yakomeje gukora muri urwo rugo ariko nyuma aza kuhava yerekeza i nyanza ari na bwo abana bato bo muri rwa rugo yakoragamo baje kubwira ababyeyi ko bigeze kubona afite uruhinja mu cyumba cye.,surprise,sadness,0.031,0.011,0.046,0.012,0.943,0.335
kin_test_track_a_01042,"ibyo iyo bije turunguka nk’igihugu, tukagira amabanki akora kinyamwuga.”",joy,none,0.031,0.014,0.043,0.716,0.011,0.015
kin_test_track_a_01047,"naho mu babikoresha bose, hafi kimwe cya kabiri baba barwaye hépatite c, miliyoni 1.4 baba bafite agakoko gatera sida, mu gihe miliyoni 1.2 baba bafite izo ndwara zombi.",fear+sadness,sadness,0.027,0.01,0.375,0.027,0.923,0.011
kin_test_track_a_01049,uwambajimana valentine ukurikiranyweho gucuruza ibiyobyabwenge nyuma yo gufatanwa udupfunyika 889 tw’urumogi we aramutse ahamijwe iki cyaha n’urukiko yahanwa n’ingingo ya 11 y’itegeko nimero 69/2019 ryo ku wa 08 ugushyingo 2019 rihindura itegeko nimero 68/2018 ryo ku wa 30 kanama 2018 riteganya ibyaha n’ibihano muri rusange.,sadness,none,0.032,0.015,0.016,0.023,0.552,0.066
kin_test_track_a_01051,ati “duhangayikishijwe n’umubare munini w’impunzi uri mu bituma imiryango myinshi irushaho gusonza.”,fear,fear+sadness,0.054,0.027,0.78,0.039,0.917,0.007
kin_test_track_a_01052,munyakazi avuga ko hakenewe ingamba zikomeye kugira ngo ikibazo cy’ibirayi kibashe gukemuka burundu.,none,fear,0.065,0.006,0.617,0.094,0.136,0.007
kin_test_track_a_01054,"iki kigo cyasozanyije abana 102 mu y’inshuke bagiye mu abanza, usibye babiri bahuye n’uburwayi butuma badakomeza.",joy+sadness,joy,0.008,0.018,0.016,0.929,0.141,0.032
kin_test_track_a_01055,urunuka n’urwawe wa mabyi we.,anger+disgust,disgust,0.141,0.986,0.036,0.041,0.04,0.032
kin_test_track_a_01056,"imana ikomeze abasigaye b’umuryango we, abo basenganaga, urubyiruko n’abandi bose ubutumwa bwe bwafashije.",sadness,joy,0.009,0.018,0.016,0.899,0.218,0.019
kin_test_track_a_01059,abakunzi ba ruhago bagiye kwica inyoni ebyiri n’ibuye rimwe,joy,none,0.026,0.024,0.024,0.034,0.39,0.094
kin_test_track_a_01061,"muri make, himbara araburana urwa ndanze!",none,disgust,0.298,0.943,0.029,0.018,0.026,0.025
kin_test_track_a_01066,"umuryango uhuza ibihugu byo mu burengerazuba bwa afurika, cedeao uherutse kugaragaza ko ibiganiro bya dipolomasi bisakunze ushobora kohereza ingabo zawo muri niger gusubiza ku butegetsi perezida mohamed bazoum.",none,fear,0.297,0.01,0.835,0.01,0.371,0.019
kin_test_track_a_01068,"hari amakuru avuga ko bijoux yambitswe iyi mpeta atunguwe bityo akanga gusebya uyu musore bari basanzwe baziranye ariko bitaragera ku rwego rwo kubana, uyu mukobwa nyuma yo kuyambikwa yagerageje gukundana na abijuru bya nyabyo biza kwanga.",sadness,surprise,0.04,0.008,0.027,0.034,0.478,0.843
kin_test_track_a_01072,@<username> @<username> @<username> @<username> @<username> @<username> @<username> birashoboka se ?gusa ikibazo cyo kirahari ariko niba bigeze aha?turakomerewe,fear+sadness,anger,0.536,0.005,0.348,0.012,0.092,0.013
kin_test_track_a_01076,kambwire uriya musirikare antize i mbunda ndebeko narasa resani yo kupantaro yanjye yanze gufunguka... ....,surprise,none,0.466,0.283,0.027,0.003,0.305,0.108
kin_test_track_a_01080,abato batari gito batanze ubuzima bwabo batizigama badushingiye ubuzima bwaganaga ibuzimu ni ukuri mwarakoze nkotanyi #inkotanyiniubuzima #kwibohora27 ##url##,joy,none,0.031,0.006,0.007,0.382,0.528,0.016
kin_test_track_a_01081,uyu muyobozi yakomeje avuga ko inzego z’ibanze zari zaregereye uyu muryango zibagira inama yo kuboneza urubyaro umugore ngo ajya no kwa muganga bamushyiramo agapira ariko ngo nyuma y’ukwezi yahise agakuramo afatanyije n’umugabo we.,none,joy,0.007,0.009,0.016,0.895,0.049,0.033
kin_test_track_a_01084,@<username> @<username> @<username> hari ubwo abantu bihererana utwana nyamara!,sadness,none,0.211,0.013,0.011,0.006,0.622,0.032
kin_test_track_a_01089,ugasanga umunsi umwe ubonye bonus yo kujya muri hotel/motel uragiye urayizenguritse wifotoza nkaho ari wowe boss waho wisubireho,anger,surprise,0.036,0.026,0.018,0.176,0.196,0.899
kin_test_track_a_01091,ibi ntibivuze ko abakunzi ba apr fc bagiye kuryoherwa n’ibyo mvuze?,none,fear,0.467,0.007,0.512,0.014,0.035,0.042
kin_test_track_a_01092,"ibibazo byatewe n’ubukoloni, ibyatewe na apartheid n’ibindi, byagarutsweho, humvikanishwa ko u burusiya nta ruhare na ruto rwabigizemo, ko ahubwo abanyaburayi na amerika batsikamiye afurika.",none,sadness,0.112,0.005,0.041,0.011,0.949,0.03
kin_test_track_a_01093,"kanseri ni indwara yiyongera umunsi ku wundi ku isi ku buryo nko mu 2020 hatahuwe abagera kuri miliyoni 18 basanzwemo iyi ndwara bwa mbere, mu gihe muri amerika honyine abagera kuri miliyoni ebyiri bayisanzwemo bwa mbere.",fear,fear+sadness,0.017,0.015,0.749,0.023,0.77,0.032
kin_test_track_a_01095,#kwibohora27 tunejejwe no kubamenyesha ko iki kiganiro kizabasha gukurikirwa n'abafite ubumuga bwo kutumva hifashijwe ururimi rw'amarenga @<username> @<username> @<username> @<username> @<username> ##url##,joy,none,0.01,0.006,0.051,0.672,0.109,0.016
kin_test_track_a_01103,minisitiri w’ububanyi n’amahanga nkuko byari byabivuzwe mu nama rusange yaratuvugishije kugira ngo hemezwe umunsi azabuzaniraho ariko nyuma baje kuvuga ngo ‘imikino n’ubundi ni iyanyu ntabwo akeneye ubutumire.”,none,anger,0.622,0.003,0.038,0.011,0.123,0.118
kin_test_track_a_01107,"@<username> kizz daniel se ko afungiwe mubaturanyi , ubwo umuntu wafunzwe uyu munsi azaba ari tayari in 5 days ?",fear,anger,0.709,0.008,0.023,0.01,0.05,0.145
kin_test_track_a_01108,"ariko imashini yahitaga itubwira iti nsanze igifitanye isano na byo ari abakaraba intoki ntabwo ari agapfukamunwa, noneho rbc igahita ijyana ingamba iti nyabuneka nimukarabe intoki.”",anger,fear+sadness,0.111,0.004,0.474,0.005,0.715,0.07
kin_test_track_a_01109,"@<username> @<username> ni psychological abnormal shifting y,ibibazo byawe ku bandi uzacunge @<username> na @<username> ako kantu barakagira ko guhora bumva banzwe",sadness,none,0.413,0.007,0.188,0.008,0.234,0.01
kin_test_track_a_01110,pasteur. ntimukanywe inzoga dore nabanzi banyu yesu ati nimukunde abanzi banyu. nonese ngewe ndinde wokutumvira yesu..nibaribyo nyihera like 🕵🕵,none,anger,0.847,0.006,0.024,0.014,0.051,0.019
kin_test_track_a_01111,abajyanama b’ubuzima baganirijwe ku budasa mu guhangana na covid-19 ndetse n’uruhare rwabo muri ubu bukangurambaga #operationcovidfree #sindohoka @<username> @<username> ##url## ##url##,none,joy,0.011,0.01,0.024,0.816,0.026,0.017
kin_test_track_a_01113,iyi nama kandi izanaganira ku kibazo cy’amahanga akomeza kwivanga mu bibazo bya afurika bigatuma n’ingamba zifashwe n’abanyafurika zitagerwaho kuko haba hari abantu bari inyuma basunika mu nyungu zabo..,anger,fear,0.173,0.01,0.903,0.021,0.548,0.009
kin_test_track_a_01116,@<username> umugabo ukubitwa n'umugore ntakwiye kurega. ubwo c aba yabuze n'amaguru yo kwiruka?,anger,anger+sadness,0.702,0.012,0.018,0.007,0.839,0.018
kin_test_track_a_01117,ninge mu jeunes umeze neza👍 munsi yubutayu bwa sahara😂🤣🤣🤣,joy,surprise,0.054,0.009,0.012,0.031,0.33,0.652
kin_test_track_a_01118,ubuzima bwiza sinanze agasuzuguro niko ntashaka nge iyo nza kumenya ko ariko bigenda simba naraje ahhaa,anger,fear,0.25,0.018,0.872,0.022,0.326,0.007
kin_test_track_a_01119,"mu gihe trump anenga biden, inzego z’ubutabera zikomeje gukurikirana uwo wahoze ari perezida ku byaha birimo uburyo yafashe nabi inyandiko zirimo amabanga ya leta n’ibindi byaha bishobora gusiga afunzwe imyaka n’imyaka muri gereza.",fear,none,0.07,0.007,0.064,0.012,0.656,0.058
kin_test_track_a_01120,ubutabera bwafashe icyo cyemezo nyuma y’imyaka myinshi padiri munyeshyaka ashinjwa ibyaha bya jenoside.,none,sadness,0.022,0.01,0.016,0.042,0.836,0.054
kin_test_track_a_01121,"ugereranyije n’ubwiyongere bw’abaturage, abashora imari mu kubaka inzu ziciriritse n’iz’ubucuruzi baba bake.",fear,none,0.012,0.007,0.116,0.039,0.489,0.043
kin_test_track_a_01123,@<username> @<username> ntago ari bubisome wikwirushya bro 😂,none,anger,0.861,0.007,0.024,0.016,0.034,0.016
kin_test_track_a_01125,"ibaruwa kaminuza y’u rwanda yanyujije ku rubuga rwayo rwa twitter yashyizweho umukono n’umuyobozi mukuru wayo, dr didas kayihura muganga, ivuga ko aba banyeshuri bimuwe ku mpamvu z’uko ari ryo shuri ribarizwa muri cbe ryari risigaye ryonyine i nyagatare.",none,sadness,0.15,0.006,0.022,0.009,0.874,0.024
kin_test_track_a_01126,@<username> oya. ndizera ko na we yabyumva kuko byaba bimeze nko gusimbukira mu mazi arimo ingona uri kuzibona zasamye,none,sadness,0.097,0.014,0.026,0.005,0.9,0.104
kin_test_track_a_01130,"imana yumve amasengesho yawe, kandi utangire kubona ibyo wasengeye. umunsi mwiza.",none,joy,0.009,0.03,0.019,0.915,0.024,0.022
kin_test_track_a_01135,@<username> @<username> eeeh imana izagutwika ku munsi w'imperuka pe,none,anger,0.663,0.007,0.116,0.01,0.453,0.004
kin_test_track_a_01136,mf iziko yasibye ep ya @<username> kuri youtube nizibeshye go ikadagire muri kkblock😤😤 #seriously #rwanda,sadness,anger,0.895,0.006,0.043,0.008,0.079,0.099
kin_test_track_a_01138,izi zo urebye nabi zanakurya da! ##url##,fear,anger,0.841,0.06,0.039,0.013,0.084,0.007
kin_test_track_a_01141,nyagasani mana wakwisubije ibitsina waduhaye ko bikomeje kuduteza ibibazo koko.,none,fear+sadness,0.068,0.01,0.489,0.024,0.779,0.006
kin_test_track_a_01143,"umuvugizi wa polisi mu ntara y’iburengerazuba, sp bonaventure twizere karekezi, yavuze ko kugira ngo bafatwe byaturutse ku makuru yatanzwe n’abaturage.",joy,none,0.014,0.005,0.025,0.126,0.078,0.037
kin_test_track_a_01144,"ramjaane joshua yatanze urugero rw’ibyo yakijijwe, birimo kunywa itabi n’urumogi yanywaga yahishe abo mu rugo iwabo.",joy,none,0.035,0.004,0.051,0.057,0.314,0.025
kin_test_track_a_01145,"umuyobozi mukuru wa airtel rwanda, emmanuel hamez, yavuze ko mu myaka mike iri imbere nta telefoni zikoresha sim card zifatika (physical sim cards) zizaba zigisohoka, asaba abaturage gutangira kwimenyereza izi z’ikoranabuhanga.",none,fear,0.071,0.01,0.669,0.071,0.096,0.007
kin_test_track_a_01146,bamwe bahise bibaza impamvu umuntu ashobora kurega leta ndetse n’icyo bisaba ngo umuturage abe yarega leta.,fear,surprise,0.34,0.027,0.1,0.019,0.069,0.908
kin_test_track_a_01148,"@<username> @<username> umusaza ninawe waduhaga show kera mu muziki akazana ibyamamare, bivuzeko za gishuti z'amavubi zajya ziba zikaze.",joy,none,0.015,0.004,0.008,0.402,0.131,0.044
kin_test_track_a_01150,@<username> hoya bihinduye isura babajyane kuri stade amahoro tubatore tunabareba dii bari kutuyobya wna @<username> @<username> @<username>,anger,none,0.052,0.005,0.011,0.767,0.018,0.016
kin_test_track_a_01151,aha uyu musore yanafashwe amafoto yambaye ubusa.,sadness,surprise,0.038,0.076,0.053,0.022,0.349,0.858
kin_test_track_a_01153,yakomeje agira ati “ni icyorezo gituma umwuga wacu uta agaciro n’ubutabera bugata agaciro ku buryo ari ikintu gikwiye kurwanywa twivuye inyuma kand dufatanyije n’abo dufatanyije mu rwego rw’ubutabera bikaba byagabanyuka uko bishoboka byose.”,sadness,fear+sadness,0.145,0.006,0.546,0.023,0.933,0.007
kin_test_track_a_01156,@<username> ndashaka kuzareba umuntu uha ruswa ngo ujue mu ijuru 😂😂😂😂😂😂,none,anger,0.896,0.006,0.051,0.005,0.114,0.115
kin_test_track_a_01158,"visi perezida wa ibuka mu karere ka nyarugenge, nduwawe denyse, yasabye abafite amakuru y’abishwe bakajugunywa muri nyabarongo kuyatanga.",anger+sadness,sadness,0.116,0.012,0.019,0.02,0.929,0.012
kin_test_track_a_01160,ngayo nguko dore iyo bavuze ko bibujijwe kunywa inzoga utwaye cg ugatwara whatever nuko bibujijwe gusa ##url##,none,anger,0.814,0.008,0.027,0.013,0.036,0.064
kin_test_track_a_01163,"ni ubushakashatsi prof. paul dawson yakoze ari kumwe n’itsinda ry’abanyeshyuri yigishaga, ashaka kubereka ko ari ngombwa gutekereza byimbitse ku buziranenge bw’ibiribwa, aho bwagaragaje ko guhuha iyo buji byongera bagiteri ku mutsima, ku kigero cya 1400%.",fear,none,0.019,0.004,0.094,0.158,0.036,0.181
kin_test_track_a_01166,umusa reka dushake ama frw kuko ibyo indaya y'umusaza rukukuri inkoreye muri bar nagahuma munywa😭😭😭 ##url##,anger+sadness,anger,0.928,0.006,0.031,0.008,0.329,0.018
kin_test_track_a_01167,ni inyito ikura ibirari byayo ahasaga mu wa 1120.,none,disgust,0.045,0.93,0.017,0.021,0.039,0.106
kin_test_track_a_01171,@<username> abibwiye namucira mu maso nkahita cyaho🏃‍♀️,anger,none,0.249,0.005,0.008,0.009,0.209,0.099
kin_test_track_a_01172,iyo bavuze ishyano wumva iki?,none,disgust,0.321,0.624,0.017,0.009,0.025,0.038
kin_test_track_a_01173,"ku rundi ruhande, mbirizi eric yari hasi ndetse ntiyagize umwaka ushize mwiza, ku buryo bigoye kumwitegaho byinshi kuri iyi nshuro nubwo abakinnyi bari gusoza amasezerano bamera nk’abiyuburuye.",sadness,none,0.011,0.004,0.036,0.069,0.452,0.101
kin_test_track_a_01174,🤧😭 noneho ndabyemeye ko inyanazimbwa zibaho @<username> was right … umugabo bamufashe ari gusambana umugore we bamubaze kwa muganga yabyaye 🤧🚮🚮🚮🚮🚮🚮,anger,sadness,0.27,0.005,0.047,0.004,0.886,0.07
kin_test_track_a_01178,"ubushakashatsi bugaragaza ko hazakomeza kugenda habaho itakazagaciro k’ifaranga hirya no hino ku isi, hakabaho ikibazo cy’uko ubukungu buzajya buzamuka ku gipimo cyo hasi, ibibazo bishingiye ku bukungu n’ibura ry’ibicuruzwa kikarushaho kuba ingorabahizi.",fear+sadness,fear,0.088,0.035,0.973,0.073,0.366,0.012
kin_test_track_a_01179,umva nubwo inzonzi zibeshya ariko haribyo zitakwereka wari warota umukobwa yaguhaye amafaranga mbajije abasore?,none,surprise,0.381,0.065,0.116,0.007,0.066,0.702
kin_test_track_a_01181,@<username> cyakoze byo birakabije bahagera warambiwe,anger,none,0.193,0.005,0.005,0.077,0.032,0.033
kin_test_track_a_01182,"abagiye mu majyepfo bibuka ivumbi ry’i nyaruguru, ku buryo umuntu yakandagiraga rikamugera mu matwi!",surprise,sadness,0.032,0.031,0.014,0.018,0.93,0.085
kin_test_track_a_01184,ni ku nshuro ya kabiri muri icyo cyumweru umurwa mukuru w’u burusiya wari ugabweho ibitero bya drones.,none,surprise,0.035,0.016,0.435,0.023,0.302,0.61
kin_test_track_a_01186,@<username> @<username> @<username> 😜😜😜😜abeza bose baba batutuka bigogwe erega nawe urabizi,none,anger,0.835,0.006,0.014,0.012,0.073,0.035
kin_test_track_a_01187,urugero rwa hafi ni uko uyu musore ari we wanafashe amashusho n’amafoto y’igitaramo davido aherutse gukorera i boston.,none,surprise,0.01,0.008,0.039,0.091,0.259,0.554
kin_test_track_a_01189,iyi ngingo yakunze kutavugwaho rumwe mu bihe bitandukanye ku buryo hari n’abayobozi bo mu nzego za leta bagaragaza ko inkwano iri mu bituma umusore n’umukobwa iyo bamaze kurushinga babaho nabi kubera kumarira amafaranga menshi mu bukwe hakiyongeraho n’inkwano iremereye iba yatanzwe.,sadness,fear+sadness,0.043,0.005,0.442,0.01,0.858,0.07
kin_test_track_a_01191,"iki kinyamakuru kigaragaza ko iyi ndwara yibasira ab’igitsina gore kurusha ab’igitsina gabo nubwo nta mpamvu yabyo izwi, ariko ngo abashakashatsi bagaragaje ko bishoboka ko imisemburo ya estrogen na progesterone ingana mu mibiri yabo ariko igakora mu buryo butandukanye ibigiramo uruhare.",sadness,fear,0.023,0.018,0.867,0.019,0.566,0.048
kin_test_track_a_01192,"@<username> @<username> ubuze icyo atuka inka aragira ati """"dore igicebe cyayo"""". none icyo yavuze utumvise niki ngo usobanurirwe?",anger,none,0.415,0.058,0.006,0.008,0.126,0.173
kin_test_track_a_01193,icyakora mu myaka yo hambere umuntu yashoboraga kumara iminsi runaka adakoresheje ibi bikoresho dore ko byari bizwi na bake abo twitaga ko bakandagiye mu ishuri.,none,sadness+surprise,0.018,0.011,0.032,0.024,0.73,0.476
kin_test_track_a_01194,@<username> @<username> @<username> @<username> @<username> turamenyesha abantu twari twabwiye ko twibwe moto ko ubu yabonetse ##url##,joy,none,0.028,0.004,0.01,0.645,0.024,0.027
kin_test_track_a_01199,ubu bukwe bwabaye mu ibanga rikomeye dore ko aba bombi nta mpapuro bigeze batanga zisaba gushyingiranwa mu buryo bwemewe n’amategeko.,surprise,none,0.01,0.007,0.016,0.556,0.046,0.13
kin_test_track_a_01202,@<username> @<username> aya mata ko aryoshye 😅,none,anger,0.547,0.006,0.011,0.014,0.052,0.019
kin_test_track_a_01203,"ati ""ntabwo fpr inkotanyi bari bafite intwaro zahagarika jenoside yakorerwaga abatutsi, ingabo zari nkeya n’ibikoresho byari bike, icyatumye bishoboka ni ubushake.",joy,none,0.014,0.003,0.011,0.319,0.417,0.036
kin_test_track_a_01205,"uribaza uko uzaba wangije izina ryawe n’abakiliya bayobye bisobanuye ngo hari ingaruka nyinshi mu kutarinda izina ryawe.""",anger,fear,0.115,0.022,0.937,0.022,0.425,0.014
kin_test_track_a_01206,yavuze ko ikindi kibazo gihari ari icy’ahantu hazwi ko hateza impanuka ariko ugasanga hadakosorwa vuba.,anger,sadness,0.017,0.012,0.363,0.024,0.939,0.014
kin_test_track_a_01210,amakipe yombi yakomeje guhangana bikomeye yibanda cyane ku kugarira.,none,surprise,0.015,0.01,0.04,0.07,0.307,0.422
kin_test_track_a_01212,"uyu mudepite yafashwe n’uburakari bwinshi mu biganiro byagarukaga ku ngurane zigomba guhabwa abaturage bo mu gace ahagarariye, bimuwe kubera ibikorwa by’ubucukuzi bw’amabuye y’agaciro.",anger,sadness,0.108,0.007,0.027,0.007,0.857,0.261
kin_test_track_a_01220,@<username> xlm papa ewan amafaranga nibyose kbx ndemezako àmafaranga atanga ibyishimo kugera naho ibiceri 30 byatumyw umwana wimana ahohoterwa,surprise,anger,0.533,0.003,0.008,0.025,0.495,0.083
kin_test_track_a_01221,"uyu mukobwa ari kuvuga ngo mubwire niba naramuciye inyuma kuri diane, ntabwo azi ko iby'isi aramabanga 🤣🤣",none,anger+surprise,0.654,0.013,0.079,0.014,0.078,0.865
kin_test_track_a_01223,@<username> @<username> @<username> umutungo kamere afurika ifite wakabaye uyikiza. abo wita umubyeyi bakabaye ari abafatanyabikorwa mu bwubahane,sadness,none,0.047,0.003,0.006,0.406,0.164,0.018
kin_test_track_a_01226,@<username> ariko ko wifashe nka papa mbyitire bite? kankurwaneh nawe uzandwanaho kumunsi mubi.,joy,anger,0.894,0.005,0.035,0.007,0.462,0.01
kin_test_track_a_01227,"trump ari gukorwaho iperereza ku nyandiko zagaragaye umwaka ushize mu nyubako ye mar-a-lago iri muri leta ya florida, aho bivugwa ko izo nyandiko zirimo amabanga akomeye ya leta ku buryo atari yemerewe kuzitwara, ahubwo zagombaga kubikwa ahantu hizewe leta yahisemo.",none,sadness,0.036,0.008,0.043,0.012,0.749,0.404
kin_test_track_a_01228,"abakinnyi 14 bakomeje umwiherero ni ndagijimana iris, uwera lea, uwiringiyimana albertine, dusabe flavia, musabyemariya donatha, musaniwabo hope, uwamahoro béatrice.",none,joy,0.006,0.009,0.011,0.791,0.078,0.031
