id,text,gold,pred,p_anger,p_disgust,p_fear,p_joy,p_sadness,p_surprise
kin_test_track_a_00002,"yagize ati “nari nje mu kazi ngeze hano numva ngo perezida agiye kuhanyura, ni bwo nazengurutse ndazamuka njya mu igorofa rya mbere, imodoka zimaze kuza natunguwe no kwisanga hasi.",surprise,none,0.146,0.002,0.091,0.502,0.346,0.243
kin_test_track_a_00003,mu rwanda niho honyine umubyeyi agutonganya amasaha atanu🙄 yarangiza ngo ntanamagambo menshi ashaka kuvugana nawe😁😁,surprise,sadness,0.341,0.019,0.062,0.102,0.579,0.193
kin_test_track_a_00004,@<username> mugerageze kunoza service. niba nagize ikibazo saa mbili mukagerageza kumbonera igisubizo saa kumi nimwe. nooo oyant rwose,anger+sadness,anger,0.611,0.0,0.193,0.264,0.42,0.04
kin_test_track_a_00005,yitabye imana aheruka kugaragara mu ruhame mu 2021.,sadness,none,0.053,0.039,0.074,0.28,0.446,0.267
kin_test_track_a_00006,biteye isoni n'ikimwaro kubona abantu bari gukorera imibonano mpuzabitsina ku gasozi.,disgust,sadness,0.13,0.281,0.194,0.016,0.613,0.07
kin_test_track_a_00008,@<username> @<username> @<username> cyaze uramuhaye tsu nawe nuko yumva yayibye bruh,none,anger,0.795,0.001,0.086,0.078,0.414,0.048
kin_test_track_a_00009,@<username> mwaramutse neza mudufashe ko turimo gukatwa amafaranga igihe nkuye amafaranga kuri momo nyashyira kuri konte bimeze bite ko bidasobanutse?,anger+sadness,anger,0.803,0.0,0.059,0.043,0.188,0.088
kin_test_track_a_00010,"@<username> murakoze cyane, turanyura muri iyinzira mutweretse",joy,none,0.36,0.003,0.067,0.421,0.264,0.038
kin_test_track_a_00011,niba ukundana numuntu agatangira kukubwira ukuntu aba ex be bari imbwa uzamenyeko ari wowe uzakurikiraho😒😂,anger,anger+sadness,0.493,0.001,0.058,0.005,0.604,0.551
kin_test_track_a_00012,iyo imbuto itabonetse mu ntangiriro ngo ibe yujuje ubuziranenge usanga ari ikibazo.’’,fear,none,0.168,0.016,0.278,0.193,0.39,0.254
kin_test_track_a_00013,"uwimana wahinduye izina ry’akabari ke akakita akabenzi avuga ko hari abashoramari babiri bamusanze i kamembe batwara bamwe mu bakozi be botsaga ibenzi i rusizi, umwe ajya gutangiza ubucuruzi bwo kotsa ibenzi ku muhima, undi ajya kuyitangiza i musanze.",joy,sadness,0.03,0.0,0.116,0.183,0.877,0.128
kin_test_track_a_00014,ni ibintu ahuza no kuba abagana ayo mashuri bakiri mbarwa gusa akavuga ko hari icyizere ko abanyarwanda bazakomeza kwitabira ayo mashuri.,fear,sadness,0.307,0.0,0.27,0.205,0.561,0.093
kin_test_track_a_00015,nta kabuza ko nagombaga gusimbukira mu gisimenti cya tumba ariko mu minsi igihe yahatembereye yasanze ari nka kimwe cya remera.,none,sadness,0.166,0.0,0.376,0.166,0.53,0.483
kin_test_track_a_00016,iyo njyanama yemeje ko inka buka muzajya muyicisha inzara kuriya ifite ibibazo bikomeye🤨 ##url##,none,sadness,0.327,0.001,0.276,0.123,0.744,0.029
kin_test_track_a_00017,miliyoni nyinshi z’ #abanyarwa bahanze amaso #amavubi uyu munsi. ni umunsi ukwiriye kuba uw’ibyishimo! @<username> ##url##,none,joy,0.033,0.0,0.017,0.946,0.067,0.03
kin_test_track_a_00018,@<username> gufata ifoto ndi hagati yabo ntacyo bitwayee🤷🏾‍♂️🤷🏾‍♂️,none,anger,0.663,0.001,0.032,0.071,0.448,0.036
kin_test_track_a_00020,@<username> ahubwo c ahazaza haracyahari aha wapi kuva kera niga naza primary bajyaga bamuvuga ukuntu ashitura boro none dore ndashaje,none,anger,0.728,0.0,0.091,0.11,0.456,0.076
kin_test_track_a_00021,kabisa youth v gasabo/nduba/gasura mukomereze aho ibikorwa byiza mukora muri intisukirwa ##url##,joy,none,0.21,0.001,0.034,0.679,0.163,0.038
kin_test_track_a_00023,"nubwo bimeze gutyo ariko, mu gihe hasigaye ibyumweru bitatu gusa ngo umwaka mushya w’imikino utangire, nta kigaragaza ko iyo gahunda yamaze gushyirwa ku murongo.",fear,sadness,0.122,0.001,0.274,0.306,0.512,0.382
kin_test_track_a_00024,"umuyobozi w’akarere ka nyaruguru, murwanashyaka emmanuel, yavuze ko umugoroba w’abagabo ari agashya keza, asaba ko bibaye byiza n’aho iyi gahunda itaragera bayigira iyabo kuko ifasha mu kugabanya amakimbirane yo mu ngo.",joy+surprise,sadness,0.084,0.0,0.337,0.124,0.777,0.034
kin_test_track_a_00025,"umuyobozi w’umuryango hear us initiative organization, rukinga irene, yagaragaje ko ihohoterwa rikorerwa mu kazi riri mu byiciro bitandukanye aho hari ibikorwa haba mu buryo bukora ku mubiri, mu bitekerezo cyangwa ku gitsina.",sadness,none,0.212,0.0,0.104,0.323,0.39,0.111
kin_test_track_a_00026,"mu bakobwa ni nishimwe carine na tuyishimire rona batsinze abahindekazi ishi maheshwari na diya tamse 7-6(13) 6-4, bakazahura n’umunya-tanzania shana martin mao ukinana n’umunya-ghana sisu-makena tomegah.",none,surprise,0.05,0.0,0.035,0.361,0.364,0.565
kin_test_track_a_00028,"kimonyo ati “muri kwa kuzibaga neza, itungo ntirigomba kumenya ko rigiye gupfa, noneho tukazibaga mu buryo bugezweho kandi bituma inyama yoroha.”",none,anger,0.462,0.006,0.35,0.161,0.453,0.265
kin_test_track_a_00029,@<username> @<username> reka nkuremere uzavuge ngo ngo,none,anger,0.645,0.003,0.095,0.121,0.379,0.022
kin_test_track_a_00032,@<username> @<username> @<username> @<username> @<username> @<username> @<username> @<username> @<username> @<username> @<username> @<username> @<username> @<username> @<username> inzangano hagati y’imiryango ikaba iravutse maze abana bakahatikira weeee..,sadness,none,0.241,0.0,0.043,0.539,0.332,0.08
kin_test_track_a_00034,@<username> @<username> bro oe nuko utamuzi uburyo arenze,surprise,anger,0.68,0.005,0.063,0.093,0.252,0.037
kin_test_track_a_00036,"guverineri wungirije wa bnr, soraya hakuziyaremye, yavuze ko hakiri kare kuba rwayoboka andi mafaranga atari idolari, hakurikijwe ibihugu rucuruzanya nabyo cyane.",none,fear,0.3,0.0,0.806,0.053,0.428,0.119
kin_test_track_a_00037,petit frère ngukunda kubi!!!! aha wagaragaje mwibanga amahitamo yaweee. ohhhh @<username> ##url##,none,joy,0.253,0.0,0.014,0.745,0.112,0.044
kin_test_track_a_00038,ese uretse ikigare wigeze utera ibuye kukarere zirakonera cg ubyumva nkanjye aha!?😂😂nese kuki batavuze intara!?😂😂,none,anger+surprise,0.711,0.006,0.089,0.002,0.149,0.573
kin_test_track_a_00039,"nk’umwana uri iwabo, abarundi bamweretse urukundo bafatanya kuririmba nyinshi mu ndirimbo ze.",joy,none,0.034,0.001,0.032,0.619,0.448,0.279
kin_test_track_a_00040,"umwuka mubi watangiye ubwo bari mu nama ya nato muri lithuania, minisitiri w’ingabo mu bwongereza, ben wallace avuga ko ukraine ikwiye gushimira igihugu cye kuko u bwongereza “ntawo ari amazon bagemurira intwaro.”",none,sadness,0.144,0.0,0.167,0.207,0.568,0.125
kin_test_track_a_00042,ububiko bw’intwaro budacunzwe neza bushobora kuba intandaro y’iturika ry’ibisasu bikomeretsa cyangwa bigahitana ubuzima ndetse no gusenya ibikorwaremezo n’ibikoresho n’ibikoresho bihenze.”,fear,fear+sadness,0.053,0.0,0.642,0.165,0.827,0.022
kin_test_track_a_00043,aba baturage banyweye kuri ubu bushera mu bukwe bw’umuturanyi wabo wari ufite ubukwe.,none,sadness,0.087,0.009,0.064,0.115,0.812,0.221
kin_test_track_a_00046,fortunat biselele yatawe muri yombi muri mutarama uyu mwaka.,sadness,none,0.056,0.037,0.063,0.204,0.321,0.342
kin_test_track_a_00049,"ikoresha amashanyarazi izwi nka i5 edrive40 izaba igura 67.000$, asaga miliyoni 75 frw, aho ifite ubushobozi bwo kugenda ibilometero 470 mu gihe yuzuye.",none,joy,0.017,0.001,0.064,0.817,0.209,0.282
kin_test_track_a_00051,@<username> @<username> bikwiye gukosorwa kugira ngo hatabaho gukoresha imvugo zitutuzuzanya pour ne pas dire ziviguruzanya,none,anger,0.648,0.0,0.168,0.156,0.373,0.073
kin_test_track_a_00054,"@<username> @<username> roventide fevuriye niho yavutse😹🎶🎶🎶🎼eehyeee -yeee niho yavutse, nta mugore ugenda bwije iyo agiye baramurya, yeeeee-eeh iyo agiye baramurya😅🎶",none,anger,0.741,0.0,0.136,0.052,0.41,0.107
kin_test_track_a_00055,@<username> hahhhh uriya mwanzuro n'inyamibwa kd nawe uzawufata,joy,none,0.38,0.002,0.087,0.127,0.352,0.033
kin_test_track_a_00056,"hari kandi kwakira, gusezerera no gusubiza mu buzima busanzwe uwari mu ngabo z’igihugu mbere ya tariki 19 nyakanga 1994 n’uwari mu mutwe witwara gisirikare utahutse.",none,sadness,0.091,0.001,0.067,0.151,0.832,0.118
kin_test_track_a_00057,"@<username> @<username> @<username> @<username> nuko hasuzuguwe umugore, ntan'ubwo ari ugusuzugura, ni ugupfobya!",anger+sadness,anger,0.734,0.0,0.113,0.204,0.379,0.057
kin_test_track_a_00058,"umwunganizi we barrister ben myers, yabwiye urukiko ko umukiliya we yari umunayamurava kandi yakundaga akazi ke.",none,sadness,0.143,0.001,0.081,0.118,0.676,0.304
kin_test_track_a_00060,twirinde izo violences tubane mu mahoro ✍️ ##url##,none,joy,0.212,0.0,0.06,0.701,0.122,0.028
kin_test_track_a_00061,"radio okapi yanditse ko ku wa gatandatu, tariki 29 nyakanga 2023, ibiro bya komisiyo y’igihugu y’amatora, ceni, mu mujyi wa bukavu byakongotse, hahiramo imashini zo gutoreraho 900, moto na bateri ndetse n’imirasire y’izuba.",sadness,none,0.069,0.0,0.141,0.562,0.325,0.196
kin_test_track_a_00062,harigihe umuntu aba afite amahirwe yo kuza mubuzima bwawe ariko akirata nyuma kazifuza kuza utakimukeneye 😭😂😂🥱,anger,anger+sadness,0.491,0.001,0.049,0.032,0.476,0.485
kin_test_track_a_00064,"amahoteli yari huye yaravuguruwe ndetse aranasuzumwa, dutegereze ntitwafata umwanzuro ntacyo turabona.”",none,sadness,0.228,0.016,0.25,0.211,0.463,0.145
kin_test_track_a_00065,@<username> @<username> dutabare twese uyu mubyeyi jeanne 0788673956 murakoze ##url##,none,joy,0.234,0.0,0.041,0.817,0.173,0.017
kin_test_track_a_00066,"ndibaza nti ‘ese nshobora gukina uyu mukino mbikuye ku mutima?’ igihe ntazaba nshoboye gutanga ibyo mfite mu kibuga, ni bwo nzahagarika gukina.",none,surprise,0.179,0.0,0.131,0.507,0.195,0.689
kin_test_track_a_00067,niba kwifuza ari icyaha ubwo abantu ba hano bagikora buri munota ngabo muri mwandemeye aba follow like retweet....😂😂😂,none,anger,0.51,0.0,0.034,0.009,0.348,0.5
kin_test_track_a_00069,@<username> woe wari unarenze ndaq,none,anger,0.425,0.019,0.073,0.175,0.279,0.075
kin_test_track_a_00070,"dr didas kayihura waganiraga na rba, yavuze ko na mbere y’uko muri sudani habaho ibi bibazo by’intambara, hari ibiganiro byari byaratangiye hagati y’impande zombi waganishaga ku bufatanye.",none,fear,0.245,0.001,0.573,0.18,0.439,0.192
kin_test_track_a_00071,nariye ibiryo bifite impumuro mbi,disgust+sadness,disgust,0.163,0.997,0.067,0.012,0.039,0.082
kin_test_track_a_00072,japhet yateye urwenya rw’uko i rukara yahasanze isuku idasanzwe kuko iri no mu mifuka y’abahatuye n’abanyeshuri.,joy,joy+sadness,0.021,0.0,0.11,0.715,0.571,0.133
kin_test_track_a_00073,@<username> @<username> @<username> arifata agashyiraho umuntu wananiwe gusimbuka urukuramende rwa santimetero 50 koko?😏😏🤣😂,sadness,anger,0.891,0.0,0.059,0.009,0.248,0.164
kin_test_track_a_00074,kugeza ubu nubwo uyu muhanzi ntacyo aratangaza kuri iyi nkuru y’akababaro dore ko ari inkuru imenyekanye ari muri finland mu rugendo rw’ibitaramo afite ku mugabane w’u burayi.,sadness,surprise,0.111,0.0,0.308,0.309,0.307,0.706
kin_test_track_a_00075,senateri murangwa yavuze ko kibazo kiri mu bikoma mu nkokora gahunda yo gukumira no kurwanya impanuka ari icyo kuba hari umubare munini w’ibinyabiziga bigenda mu muhanda bidafite ubwishingizi.,anger,fear+sadness,0.24,0.0,0.69,0.105,0.603,0.046
kin_test_track_a_00077,shaddyboo kuva yerekeje i burayi muri werurwe 2023 yakunze kugaragaza ko akumbuye bikomeye manzi ajya yita ‘sugar daddy’.,none,surprise,0.065,0.0,0.055,0.472,0.281,0.574
kin_test_track_a_00079,niyo mpamvu nsaba abazahugura aba bakobwa kujya babaha ibibazo bakifashisha ikoranabuhanga biga mu kubikemura kuko ikoranabuhanga ridakemura ibibazo by’abaturage ntacyo rimaze.”,anger,none,0.361,0.001,0.384,0.156,0.342,0.184
kin_test_track_a_00081,"@<username> @<username> ikibazo si aho byabereye , ibyabere i bigogwe byabera n'ahandi . ikibazo ni ubuzima bwatwawe , kandi ikiguzi giciriritse . memory card ? 😬",anger+sadness,anger,0.724,0.0,0.123,0.046,0.229,0.084
kin_test_track_a_00083,ariko buriya niyihe mpamvu iyo umuntu amaze kurya ahantu hatari iwabo/iwe ahita yumva ashatse gutaha ??😎,surprise,none,0.302,0.037,0.039,0.004,0.298,0.461
kin_test_track_a_00084,"@<username> @<username> niba ari njye ugira amarangamutima niba atari atari njye.....genda rwanda urakagira imana ,uragahoraho rwanda.@<username> wubahwe",joy,anger,0.643,0.0,0.14,0.333,0.313,0.082
kin_test_track_a_00085,"ahazaza hawe hagize uhamenya yakwiyegereza cg akaguhunga , ariko hashimwe imana ikubonamo icyo isi itakubonamo #fridaymotivation #happyfriday",none,anger,0.486,0.009,0.148,0.203,0.317,0.326
kin_test_track_a_00089,mu by’ukuri sinzi icyakorwa tubona imodoka zisa n’aho ari nyinshi ntitumenya impamvu abagenzi tuzibura.”,sadness,fear+sadness,0.349,0.005,0.584,0.093,0.596,0.148
kin_test_track_a_00093,ntukabwire umuntu ngo ni mugufi jya uvuga ngo uburebure bwawe buri mu nshamake ##url##,anger,none,0.41,0.033,0.092,0.118,0.152,0.174
kin_test_track_a_00095,"ati “afurika ni igihangange, abanyafurika ni ibihangange ariko mu by’ukuri, igihe kirageze ntabwo mukeneye guhora mwibutswa, mugomba kubimenya, mukabyakira kandi tukaba ibihangange turi byo kandi tugomba kuba.”",anger,none,0.311,0.001,0.193,0.534,0.283,0.139
kin_test_track_a_00097,fils peres mwese nyuma ya chogam mufite inama muzasobanure uko bariya bana mwihakanye bazabaho🤸🤸🤸🤸,anger,anger+sadness,0.604,0.001,0.039,0.043,0.639,0.126
kin_test_track_a_00098,ndashima imana ko ababyeyi babapfakazi iteka batajya babur ibyo baha abana babo cg abo batunze #gushimafriday,joy,anger+sadness,0.592,0.002,0.164,0.202,0.517,0.154
kin_test_track_a_00100,ngo ubu ko twari dufite ishyirahamwe ry’abagore turaba aba nde?,sadness,anger,0.681,0.01,0.176,0.012,0.208,0.403
kin_test_track_a_00102,"yandikaga ari iwabo aho ababyeyi be bari batuye mu bubiligi, akandika amagambo yisuka atazi aho ari kuyavana nk’uko yabibwiye w magazine.",surprise,sadness,0.093,0.0,0.178,0.11,0.881,0.182
kin_test_track_a_00103,"ati “nubwo navuze ko fdlr iri hano ariko noneho bari banafite umugambi wo gutera grenade muri uyu mujyi [wa rubavu], na ndetse batubwira ko zamaze no kwinjira.",fear,sadness,0.236,0.0,0.284,0.131,0.744,0.3
kin_test_track_a_00104,@<username> @<username> @<username> harya nangahe ngo nyohereze,none,anger,0.634,0.003,0.075,0.128,0.316,0.024
kin_test_track_a_00105,@<username> nonex uzigute ko atarimo kwihorera 🤷🏾 wasanga baramwiciye umwana cgw ababyeyi nimugahubuke ngo muzanibinu namakuru yuzuye mufite,none,anger+sadness,0.774,0.0,0.167,0.179,0.493,0.049
kin_test_track_a_00107,"paluku yavuze ko itegeko nshinga ritegeka ko ubuyobozi buhabwa abasivile, akibaza uburyo igisirikare cyakomeza gufata inshingano zireba abasivile.",anger,anger+fear,0.622,0.001,0.406,0.036,0.375,0.214
kin_test_track_a_00108,ubushinjacyaha bwari bukurikiranyeho ab godwin usanzwe akora amashusho y’indirimbo na filime icyaha cyo gukoresha indege itarimo abapilote mu rwanda nta ruhushya abifitiye.,sadness,none,0.106,0.0,0.049,0.384,0.289,0.207
kin_test_track_a_00112,"nubwo mu rwanda imibare itoroshye kuyibona ariko usanga umubyeyi ufite telefone igendanwa, biba bishoboka ko umwana we azayikoresha kandi akaba yareba bimwe mu bidahuye n’imyaka ye, cyangwa amakuru ye agashyirwa ku karubanda mu bisa n’imikino.",fear,sadness,0.186,0.0,0.4,0.12,0.662,0.525
kin_test_track_a_00113,"musenyeri andré perraudin ni we mubyeyi wa parmehutu kuko yayireze kuva ikivuka arayikuza, kugeza inyigisho zayo zisenye u rwanda mu 1994.",anger+sadness,sadness,0.068,0.0,0.117,0.186,0.855,0.148
kin_test_track_a_00116,"harry avuga ko itangazamakuru ry’u bwongereza ryamwangirije ubuto bwe n’ubuzima bwe, kubera kumwirukaho buri gihe no mu buzima bwe bwite.",sadness,none,0.245,0.001,0.202,0.443,0.446,0.393
kin_test_track_a_00117,ibi ni igihombo ku bazishaka kuko umuntu ayifashe itarajyanwa muri cyamunara itangwa kuri make.,sadness,fear+sadness,0.304,0.007,0.59,0.139,0.498,0.358
kin_test_track_a_00118,"#ubutwari2022 """"umuntu ufite audience aba afite ibintu byose!"""" ##url##",none,anger,0.748,0.001,0.238,0.162,0.294,0.096
kin_test_track_a_00119,"@<username> @<username> @<username> umva mbese, wowe fata turuwasa zawe uzishore neza urebe ko utazagafata tukumirwa",none,anger,0.646,0.001,0.059,0.275,0.278,0.021
kin_test_track_a_00120,"iyo uganiriye n’abahanga mu myubakire bakwereka ko buriya ubukonje bwibasira inzu buturuka hasi mu butaka bityo iyo utabanje kwita ku musingi w’inzu yawe ngo iyo myuka ihere mu butaka, ntakabuza inzu irangirika.",none,sadness,0.215,0.001,0.292,0.158,0.553,0.334
kin_test_track_a_00121,ariko sinzi niba rainge ngenyine ubona ko @<username> itanga service nziza habe namba. cyaze @<username> @<username> mubatubwirire ko ibintu atari sawa😡 ##url##,anger,none,0.33,0.0,0.049,0.451,0.179,0.078
kin_test_track_a_00122,@<username> uriya ntajya atenguha abantu be,joy,none,0.392,0.008,0.068,0.232,0.371,0.056
kin_test_track_a_00123,@<username> hey namenye ko: uzirinde guta igihe mu gihe ufite igihe kandi utegereje igihe.,none,anger,0.648,0.004,0.099,0.103,0.298,0.029
kin_test_track_a_00124,"we yagize ati ""hano naharwarije umuhungu wari wahuye n’impanuka none umudamu we nawe yaje kubyarira hano ku bitaro.",surprise,sadness,0.06,0.0,0.192,0.047,0.979,0.034
kin_test_track_a_00125,"iyo imaze kwinjira mu muryango w’ibagiro barafunga, bakayirasa amashanyarazi atuma itakaza ubwenge ariko idapfuye kuko iyo umukozi ayikata ijosi ubona yikanze, bivuze ko igifite ubuzima.",none,sadness,0.376,0.007,0.351,0.102,0.511,0.203
kin_test_track_a_00127,muri resitora twariragamo hari ikigabo kirya gifite ikimwira,disgust,none,0.17,0.553,0.109,0.211,0.341,0.289
kin_test_track_a_00129,@<username> @<username> wishyire wizane muri byose urangwe nishyaka uterimbere none uraganje mubwigenge tugukomeyeho uko turi tweseeeeeeeehhhhhh,joy,anger,0.738,0.0,0.131,0.168,0.402,0.047
kin_test_track_a_00131,"@<username> rata ibyo uvuze ni ukuri❤👌👌 ahubwo waretse match itaha tukazayirebera hamwe, rwose binkorere pee🙏",none,anger,0.679,0.0,0.082,0.388,0.282,0.039
kin_test_track_a_00133,@<username> @<username> @<username> @<username> @<username> @<username> @<username> mana wee nukuri birababaje kd biteye agahinda @<username> mudufashe kumenya ibyuwo mugizi wanabi. @<username>,sadness,none,0.181,0.0,0.08,0.661,0.297,0.072
kin_test_track_a_00136,equipe y’u rwanda ihagaze neza muze tubashyigikire! dore abakinnyi bo guhanga amaso! ##url##,none,joy,0.092,0.0,0.033,0.911,0.077,0.032
kin_test_track_a_00138,ndamutse mbifitiye ubushobozi namusaba kongera kuyobora indi manda.”,none,anger,0.415,0.02,0.256,0.197,0.286,0.468
kin_test_track_a_00139,n’iyo ubajije abaturage barakubwira bati ‘iyo umukozi ushinzwe gutanga ibyangombwa byo kubaka akubwira ngo dosiye ‘ntiragaruka’ aba ashaka kwaka ruswa.”,sadness,anger+sadness,0.544,0.003,0.27,0.101,0.54,0.212
kin_test_track_a_00141,@<username> aha ntacyo tubaveba. tubashyigikire tariki 26/01/2021 bazadutere gusimbuka tukajya mu bicu.,joy,none,0.294,0.0,0.075,0.427,0.335,0.116
kin_test_track_a_00143,@<username> ikigali ntitwabona umwanya wo guteka imitwe ngo tunabone uwo kotsa runonko 😒,none,anger,0.719,0.005,0.178,0.049,0.252,0.025
kin_test_track_a_00146,"ngo iyo babonaga hari abantu bashobora kubasuhuza, aho hantu ntibahahagararaga mu kwirinda gutakaza igihe, ku buryo ngo hari n’umwana wabasabye kumusinyira ku ishati ye (autographe), babona ko byabakereza barakomeza.",none,fear+sadness,0.266,0.003,0.483,0.074,0.775,0.154
kin_test_track_a_00147,"nyuma, uyu muyobozi yaje kwandika ko hari drone yarasiwe mu kirere cy’iyi ntara, ariko ntabwo yemeje niba ari nayo yagabye igitero cya mbere.",none,sadness,0.101,0.001,0.167,0.177,0.677,0.359
kin_test_track_a_00149,bibiriya itwigisha byose bidufitiye umumaro muri ibi bihe ndetse n'ibituzanira ubugingo twirinde impaka z'amategeko ##url##,none,anger,0.593,0.003,0.206,0.1,0.223,0.061
kin_test_track_a_00150,"banasobanuriwe ko kwanga kwishyura ku bushake bigira ingaruka kuko utishyuye bituma ashyirwa ku rutonde rwa ba bihemu, bigatuma nta kigo cy’imari gishobora kumuha inguzanyo.",none,fear+sadness,0.297,0.001,0.785,0.072,0.478,0.158
kin_test_track_a_00151,uburyo uyu muhanzikazi aba aririmba afatanyije n’itsinda ry’abamufasha n’abacuranzi barimo n’abazungu biri mu byatunguranye.,surprise,none,0.04,0.0,0.015,0.629,0.32,0.258
kin_test_track_a_00152,"ku gisenyi amafi yatangiye gupfa, ikirunga cyabaye ikirunga wallah! @<username> #gomavolcan #nyiragongo ##url##",fear,sadness,0.08,0.0,0.09,0.481,0.639,0.022
kin_test_track_a_00154,@<username> @<username> @<username> @<username> @<username> @<username> @<username> @<username> @<username> @<username> @<username> @<username> @<username> @<username> @<username> @<username> @<username> @<username> @<username> @<username> harya ubu @<username> niwe wakwugishihe ukuri? yarakuroshye nkuko yoheje #donatha agata akazi ngi agiye kumushyingira umuzungu. murahonnye,anger,anger+sadness,0.445,0.0,0.049,0.136,0.518,0.117
kin_test_track_a_00156,"n’ubwo kiyovu sports kuri ubu itemerewe kwandikisha abakinnyi nyamara hari abo yari yamaze gusinyisha barimo niyonzima olivier ‘seif’ wari usoje amasezerano muri as kigali, gakuru matata yakuye muri rutsiro fc, myugariro kazindu guy brian wavuye muri gasogi united, rutahizamu w’umunye-congo, jérémie basilua, umunya-angola utaha izamu, fofo cabungula, rutahizamu w’umunya-liberia, obediah freeman, abagande batatu, kalumba bryan, mulumba suleiman n’umunyezamu emmanuel kalyowa.",sadness,none,0.022,0.0,0.032,0.308,0.402,0.555
kin_test_track_a_00157,sinzibagirwa umunsi maman yanze ko nsiba ishuli kandi namusobanuriye neza ko umutima uri kundira mu mavi 😒😭😂😂,surprise,anger,0.556,0.001,0.033,0.043,0.243,0.362
kin_test_track_a_00159,"u rwanda ni igihugu cyagiye cyubakira ku mateka akakakaye amaze imyaka isaga 1723 (30-2023), yose yabayemo ibikorwa byinshi byo kuruhanga, kurwubaka no kuruhengamura rugiye kuzima, rukongera rukajya mbere.",surprise,joy,0.063,0.0,0.074,0.739,0.277,0.311
kin_test_track_a_00160,@<username> ayiwe ! itahire n'ubundi ibi ni urupfu🤣! ubu se ni ukurya cg ni ukuzuza igifu mpaka uheze umwuka🙈,sadness+surprise,anger,0.831,0.0,0.194,0.039,0.332,0.095
kin_test_track_a_00161,"aline gloriose uwizigiye, umwe mu barokotse jenoside yakorewe abatutsi i nyanza ubu uba mu bufaransa, yatangaje ko ibikozwe kuri biguma byerekana ko aho umujenosideri wese ari azacirwa urubanza.",joy,sadness,0.158,0.0,0.143,0.06,0.848,0.056
kin_test_track_a_00162,niba ababyeyi bataguhaye icyo kintu cyo kumva ko uri umunyarwanda nawe bizakugora.,none,anger,0.481,0.058,0.261,0.065,0.4,0.225
kin_test_track_a_00165,"mu nama y’igihugu y’umushyikirano ya 18 , minisitiri w’ubuhinzi n’ubworozi, dr musafiri ildephonse [icyo gihe yari akiri umunyamabanga wa leta muri iyi minisiteri] yavuze ko kugira ngo u rwanda rwihaze mu biribwa, hakenewe gushyirwa imbaraga muri gahunda zigamije kongera umusaruro.",none,joy,0.041,0.0,0.104,0.799,0.267,0.031
kin_test_track_a_00166,"ati “kuzimya biri kugorana kubera ikibazo cy’umuyaga, abaturage bari kwifashisha amasuka n’ibitiyo bagaca nyirantarengwa hakaba aho igiti gishya cyangwa kigakongeza umuriro hakurya y’aho abaturage baciye nyirantarengwa, indi mbogamizi ni umuyaga kuko nawo uri gutiza umurindi umuriro.”",fear,fear+sadness,0.256,0.001,0.77,0.044,0.706,0.094
kin_test_track_a_00167,birazwi ko bene izo mvugo zenyegeza urugomo kandi zikabangamira imibanire myiza n’imikoranire y’abenegihugu.,sadness,anger+fear,0.519,0.001,0.459,0.087,0.398,0.215
kin_test_track_a_00168,"ange, ngutirire speakers umbwirire n'abinyuma? uku ni ukuri 300% ##url##",none,anger,0.54,0.002,0.149,0.172,0.225,0.112
kin_test_track_a_00170,@<username> mwabantumwe harindi network yihuta kurusha mango mumbwire kabisa byarandenze ahubwo mango narabasabye ngo bazanyihere akazi 🤣 mbakorere kuko ndabakunda kabisa💪🙏💚💚💚 ##url##,none,anger,0.611,0.0,0.045,0.536,0.172,0.031
kin_test_track_a_00171,"rata mwe muzi byose, iyo uburozi bumaze igihe kinini nabwo butakaza ubuziranenge?",none,anger,0.433,0.012,0.032,0.017,0.139,0.154
kin_test_track_a_00173,kuko nihatabaho kubirengera bizatuma ubuzima bugenda nabi bityo amahoro ntakomeze kubaho.”,fear,none,0.321,0.056,0.34,0.191,0.417,0.109
kin_test_track_a_00175,@<username> @<username> @<username> @<username> @<username> @<username> @<username> @<username> @<username> @<username> ntabwo abeshya ahubwo ararembye kuko imikorere nimivugire ye igaragaza uburwayi bufite ikigero cyamujyana i ndera kwiberayo ubuzima bwe bwose,sadness,anger+sadness,0.419,0.0,0.185,0.21,0.46,0.101
kin_test_track_a_00177,@<username> @<username> @<username> eka mwebwe muraturembeje nange barankata buri munsi ibi bintu nubujura kbs,anger+sadness,anger,0.64,0.001,0.058,0.155,0.267,0.027
kin_test_track_a_00178,nubwo bimeze bityo ariko abaturage bagenda bimuka bakava mu ntara imwe bajya mu yindi kubera impamvu zitandukanye.,none,fear+sadness,0.216,0.002,0.447,0.151,0.695,0.107
kin_test_track_a_00179,@<username> @<username> he n’umubyeyi urangwa n’impuhwe kandi ikizere ngufitiye nuko guhinduka byo aribyawe. wagize neza gutera intabwe yagitwari.,joy,anger,0.553,0.0,0.086,0.411,0.35,0.026
kin_test_track_a_00180,yagaragaje ko ibibazo biri muri adepr bikeneye agacaca ko kubiganiriramo kugira ngo hahuzwe impande zirebana nabi.,anger,anger+fear+sadness,0.512,0.005,0.562,0.024,0.536,0.117
kin_test_track_a_00181,"amakuru igihe yahawe na bamwe mu bakobwa bavuga ko ukuntu imyambarire isigaye imeze, bigoye kwambara ikariso kuko bihita bigaragara nabi.",surprise,sadness,0.279,0.009,0.174,0.027,0.587,0.382
kin_test_track_a_00182,"nubwo abaturage batabyishimiye, abasesenguzi mu bukungu bemeza ko aribyo byiza kuko bizarinda leta gukomeza kongera amadeni.",none,fear+sadness,0.385,0.001,0.638,0.135,0.461,0.185
kin_test_track_a_00183,"umva se bantu banjye, niba ntaribi se mwantoreye umuvandimwe. kandi nukuri muraba mumfashije pe ❤❤❤ #amiresilienceprize. link: ##url## 🔥 ##url##",none,joy,0.186,0.0,0.016,0.858,0.143,0.071
kin_test_track_a_00185,biragoye ko hari ikipe yagura umukinnyi mu yindi,none,surprise,0.096,0.017,0.159,0.336,0.265,0.667
kin_test_track_a_00187,"iyo abantu benshi basoze make make, kenshi birusha guca menshi ashobora abantu bake.",none,sadness,0.282,0.011,0.246,0.095,0.597,0.548
kin_test_track_a_00188,"minisitiri munyangaju yavuye ahatangirwaga igikombe, akuramo amadarubindi ye abanza kuyahanagura mu gihe mucyo didier yabaye nk’umusabye imbabazi ko yamumennyeho iyi nzoga.",sadness,none,0.127,0.001,0.095,0.277,0.449,0.249
kin_test_track_a_00189,yavuze ko iperereza ryimbitse ryatumye ifatwa rya kayishema rishoboka ryanyuze mu bufatanye bwa afurika y’epfo hamwe n’itisinda ryashyizweho ryashyizweho na perezida ramaphosa kugira ngo rifashe itsinda rya irmct gukurikirana iyi dosiye.,none,sadness,0.184,0.0,0.323,0.09,0.487,0.21
kin_test_track_a_00192,@<username> hahahahh reka nicecekere sinjya ntukana gsa ubanza baba batarimo 2 hhhhh,none,anger,0.628,0.004,0.063,0.065,0.216,0.053
kin_test_track_a_00194,@<username> @<username> man wumve ko ama mama ubwenge meeeeeee,none,anger,0.432,0.002,0.042,0.284,0.228,0.027
kin_test_track_a_00195,@<username> uwiteka ari ku ngoma niwe utubereye maso. humura. yesaya 41:10,joy,none,0.245,0.0,0.06,0.617,0.191,0.131
kin_test_track_a_00196,"ati “mureke dusenge imana nk’iyumva, hari abantu bavuye mu ngo bagiye mu myobo bakavamo banarwaye cyangwa bameze nabi ngo barasenga, ntabwo ari databuja w’umugome.",anger,anger+sadness,0.466,0.0,0.128,0.05,0.697,0.224
kin_test_track_a_00197,"ni ubwa kabiri bukozwe ku rwego rw’igihugu bugamije kureba ibishobora gutuma izo ndwara ziyongera, bikanatanga umurongo wo kuzikumira.",none,fear,0.174,0.0,0.729,0.191,0.29,0.065
kin_test_track_a_00199,bamwe ibyo baba bitezweho babigeraho abandi ugasanga inzozi n’urugendo rwabo birangiye bigicagase ndetse ibyari bibategerejweho bikarangira bitabaye habe na mba.,sadness,anger+sadness,0.59,0.004,0.318,0.088,0.468,0.28
kin_test_track_a_00200,"iyo amaze kubihamena bamwe mu baturage batoragura bya bitiritiri bakabigurisha abatwika amatafari mu matanura, naho abana bo bagatoraguramo bya bigori byapfuye bakabivungura, bakabigurisha.",none,sadness,0.085,0.001,0.213,0.117,0.873,0.096
kin_test_track_a_00201,allah akwishimire ✌️ uyu munsi wiriwe ufite ibitekerezo bimeze nka wine.. keep up😊 ##url##,joy,anger,0.464,0.0,0.064,0.487,0.167,0.096
kin_test_track_a_00202,"umutwe wa wagner watangaje ko wiyemeje gusenyura inzego z’igisirikare cy’u burusiya, ni mu gihe ibiro by’iperereza mu burusiya byatangaje ko byatangiye gukurikirana umuyobozi wa wagner, yevgeniy prigozhin ku byaha birimo gukangurira abantu kujya mu mutwe witwaje intwaro no gushaka guhirika ubutegetsi bwa vladimir putin.",anger,fear,0.377,0.001,0.486,0.053,0.385,0.219
kin_test_track_a_00207,"ibi byose bigira ingaruka ku mihindagurikire y’ibihe aho hamwe imvura ibura burundu nko mu bihugu bya afurika y’amajyaruguru no mu ihembe rya afurika, imvura ishobora kumara imyaka ibiri itaragwa na rimwe.",sadness,fear+sadness,0.023,0.0,0.753,0.062,0.617,0.059
kin_test_track_a_00208,"wari umukino ukomeye kuko nta kipe yifuzaga kuwutakaza, kandi zifatwa nk’ikipe zihanganiye ibikombe byombi mu rwanda.",joy,surprise,0.057,0.001,0.115,0.545,0.319,0.603
kin_test_track_a_00209,"arata umwanya, kuko ibye birazwi ku buryo buhagije. amateka ye mabi n'uyo yabloka abantu bose ntiyasibangana. ##url##",anger,none,0.266,0.001,0.101,0.367,0.185,0.107
kin_test_track_a_00211,"mu buhamya bw’uko yabanye na pasiteri niyonshuti, umuyobozi w’itorero rya zion temple i ntarama mu bugesera, pasiteri olivier ndizeye, yavuze ko yamenyanye na pasiteri niyonshuti byisumbuyeho aho yari yamutumiye mu materaniro yo kurwanya ikoreshwa ry’ibiyobyabwenge mu rubyiruko.",none,joy,0.028,0.0,0.014,0.724,0.308,0.149
kin_test_track_a_00212,sebudandi yakomeje asobanura ko muri kayonza bafite inka z’inyambo zitari nyinshi cyane ariko asobanura ko ba nyiri uruganda bazakorana n’abandi borozi bo hirya no hino mu gihugu basanzwe bafite izi nka kuburyo ngo bizeye neza ko litiro 400 batazazibura.,joy,none,0.063,0.0,0.111,0.682,0.297,0.126
kin_test_track_a_00213,waje buhoro buhoro buhoroooh.... wicara mumutima wanjye ...... none utangiye kuguguna umutima wanjye💔 ibyo nibyo unyituye koko😭,sadness,anger,0.57,0.009,0.074,0.028,0.457,0.312
kin_test_track_a_00216,"ati ""kabuye (uruganda nyarwanda rukora isukari) tuvuga nta nubwo ihaza igihugu kugeza ku 10%.",anger,none,0.13,0.001,0.183,0.642,0.231,0.166
kin_test_track_a_00217,muntu unkuye kuri 666 ndagushimiye sibyo 🙆🏽‍♂️✌️🙏,joy,anger,0.465,0.001,0.041,0.123,0.274,0.067
kin_test_track_a_00219,"yakomeje avuga ko guhuza inkuru z’ibihe bikomeye aba kera babagamo byo ‘guterura’ n’uyu munsi byabanje kubagora, cyane ko atabibayemo.",none,sadness,0.292,0.001,0.323,0.258,0.601,0.336
kin_test_track_a_00220,ngo iyo ugerageje gutera inda umukobwa unanutse umubiri we uhita ukubwira ngo insufficient space 🤣😂😂,none,sadness,0.339,0.004,0.033,0.003,0.558,0.325
kin_test_track_a_00225,"perezida wa komisiyo y’ububanyi n’amahanga, ubutwererane n’umutekano, bugingo emmanuel, avuga ko gushyiraho itegeko rishya bizakuraho ibyuho byagaragaraga mu ryari risanzweho.",none,anger+fear,0.475,0.0,0.428,0.074,0.369,0.201
kin_test_track_a_00226,"@<username> @<username> gutera ibuye ahantu nk'aha, ni amahano mbambaroga. #rwot",none,anger,0.619,0.001,0.077,0.293,0.313,0.028
kin_test_track_a_00227,"iyi nkuru isa nk’iyaciye igikuba mu bakunzi b’urucaca bibazaga ukuntu iyi kipe igiye kwishyura aka kayabo ku bakinnyi batigeze bakinira ikipe yabo, kongeraho ko bari no mu bihe byo kugura abakinnyi bashya.",sadness,surprise,0.048,0.0,0.118,0.557,0.236,0.601
kin_test_track_a_00232,"“nyuma yaho gato, ahagana ku isaha ya saa mbiri, mu murenge wa matimba mu karere ka nyagatare haje gufatirwa andi mabalo ane ya magendu y’imyenda ya caguwa, ubwo nyirayo yari amaze kuyigeza mu rugo, abonye inzego z’umutekano aratoroka.”",none,sadness,0.039,0.0,0.145,0.198,0.856,0.1
kin_test_track_a_00233,"kuki usanga abitwa ba """"kavukire"""" batumvikana n'abitwa """"abimukira"""" ndetse ugasanga abapangayi batumvikana na ba nyir'amazu bakodesha? @<username>",fear,anger,0.668,0.0,0.139,0.057,0.341,0.093
kin_test_track_a_00240,@<username> ndumva nanjye nanjoinga abo badafite ubwenge nuko nsanze ndi mubi😥,none,anger+sadness,0.791,0.002,0.062,0.027,0.484,0.041
kin_test_track_a_00242,"darren moss jr umwe mu bayobozi bo mu gace uwo mugore atuyemo, yavuze ko batazamufunga bya burundu, ahubwo ngo azamara iminsi 45 acungirwa hafi mu cyumba yafungiwemo kugira ngo anywe imiti.",none,sadness,0.197,0.001,0.253,0.05,0.8,0.179
kin_test_track_a_00244,"ibi bifitanye isano no kuba abagore barahawe rugari bakiga ndetse bakaminuza, kuko ya mibare yerekana ko abagore babashije kwiga amashuri yisumbuye cyangwa kurenzaho bafite umubare uri hasi w’abana babyaye (abana 3.4 ku mugore), mu gihe abagore bize amashuri abanza gusa cyangwa arengaho gake babyaye abana benshi (abana 3.9 ku mugore.",fear,sadness,0.091,0.0,0.25,0.126,0.884,0.102
kin_test_track_a_00245,abantu muri kutubwira ngo dutore za nyamunsi zanyu za mister rwanda muziko gutora hagenda 1k yacu🚮🚮,anger,none,0.204,0.002,0.092,0.34,0.34,0.281
kin_test_track_a_00246,@<username> yago nawe turakwemera kuri you tube bro keep in touch bro buriwese akore ibye kandi abikore neza atiganda,none,anger,0.645,0.0,0.05,0.198,0.353,0.057
kin_test_track_a_00247,@<username> @<username> byo byo amaraso ntiwayaheza! n'ay'itungo arasama nkanswe ay'inzirakarengane itacumuye!!!,none,anger+sadness,0.825,0.0,0.132,0.124,0.488,0.049
kin_test_track_a_00248,"amanota 23 yari abonye yatumye agira 55, yamuhesheje kuba umukandida ku gikombe.",joy,sadness+surprise,0.051,0.001,0.108,0.329,0.491,0.629
kin_test_track_a_00249,ese namwe mubona uburyo ibintu bya munyangire byeze!?nonese biterwa niki koko!?mwaretse tugafashanya uko dushoboye ko ntawuramba nka nyiragongoo!🙏,sadness,anger,0.874,0.001,0.211,0.031,0.186,0.149
kin_test_track_a_00250,ejo nuriye igiti cyegeramye na gereza cyivunika ishami ngwa muri gereza none infumgwa zirikunyita mugenzi wabo🙄,none,sadness,0.207,0.056,0.055,0.039,0.708,0.117
kin_test_track_a_00251,iyo hari ubushyuhe bwinshi umubyimba ndetse n’uburebure bw’icyuma biriyongera mu gihe mu bihe by’ubukonje wa mubyimba ndetse n’uburebure bishobora kongera kugabanuka.,none,sadness,0.02,0.005,0.287,0.353,0.509,0.227
kin_test_track_a_00255,“biteye isoni kubona imitwe yitwaje intwaro yatumye ibyo bihe bidasanzwe bishyirwaho ubu yarahindutse abafatanyabikorwa ba guverinoma.”,anger+sadness,fear+sadness,0.385,0.002,0.606,0.071,0.582,0.221
kin_test_track_a_00256,batatu bafunzwe bakurikiranyweho kugerageza gutwika inyubako yo mu gakiriro ka gisozi ##url##,none,sadness,0.061,0.0,0.096,0.436,0.637,0.015
kin_test_track_a_00257,abazi iyi dosiye bashobora kuba bari mu bataratunguwe n’icyemezo cyanyu.,none,anger+sadness,0.422,0.003,0.271,0.14,0.481,0.256
kin_test_track_a_00260,@<username> @<username> @<username> ahhhh! ariko se bariya bakinnyi babiri ntibakoze obstructions kuri olivier!!! yemere akubitwee,anger,anger+sadness,0.58,0.0,0.091,0.223,0.526,0.092
kin_test_track_a_00261,"ikirwa, cyangwa ikizimba mu mvugo y’abaturage bo mu bice byegereye ikiyaga cya kivu ni ubutaka buzengurutse n’amazi.",none,sadness,0.062,0.001,0.382,0.17,0.727,0.055
kin_test_track_a_00262,"very sad! umwana w'ukwezi 1 koko...😠, nyamara izi nyagabirama ziba zifite uburwayi bwo mumutwe! ntamuntu muzima wakora aya mahano❌ ##url##",anger+sadness,anger,0.778,0.001,0.284,0.129,0.359,0.056
kin_test_track_a_00263,@<username> uracyeye muhungu wanjye! uyu mwaka uwiteka akomeze agutotobeke wakire amahanga yose!,joy,anger,0.519,0.001,0.082,0.266,0.347,0.07
kin_test_track_a_00264,"tariki 2 werurwe 1982, bikira mariya yabonekeye marie claire mukangango.",none,sadness,0.022,0.001,0.028,0.225,0.807,0.267
kin_test_track_a_00265,mwiriwe neza mbese kuvugishukuri byagutwariki utagiye kumbuga nkoranya mbaga ngubeshye isi yose !?,anger,anger+surprise,0.514,0.001,0.091,0.028,0.145,0.702
kin_test_track_a_00266,"@<username> @<username> @<username> ikindi kuba yari gufunga umuhanda umupolisi arebera kandi abona ko bishoboka gukemura ikibazo, ubu nibwo bunyamwuga.",none,anger,0.628,0.0,0.278,0.131,0.451,0.036
kin_test_track_a_00268,@<username> kubona abasore bashoboye gukoresha amaboko n'umutwe bari #kwimaringa ngo barashaka ikamba nanjye byanteye impungenge.,anger+fear,anger+sadness,0.683,0.0,0.293,0.089,0.539,0.037
kin_test_track_a_00269,ibyo murimo byose nimubireke umurambo mubi ni umurambo wa #roho 😏😏😏😏😏😏😏😵,anger,sadness,0.307,0.003,0.035,0.025,0.7,0.067
kin_test_track_a_00271,umuntu uri gusaba umwanya ngo atange ibitekerezo 🤌🤌🤌🤌😂😂😂😂😂😂😂,none,anger,0.679,0.005,0.047,0.008,0.188,0.381
kin_test_track_a_00272,senateri mugisha yasabye abayobozi ba rura kwikubita agashyi kugira ngo ijye ibasha gufasha abaturage gushyira mu bikorwa amabwiriza ishyiraho cyangwa ashyirwaho n’izindi nzego zikorana na rura.,anger,none,0.184,0.0,0.094,0.661,0.22,0.041
kin_test_track_a_00273,yongeyeho ko adashimishwa n’ubuzima babayemo kuko ahuriramo n’ingorane umunsi ku wundi zirimo kwicwa n’inzara n’imbeho ya nijoro no guhohoterwa.,anger,fear+sadness,0.072,0.001,0.499,0.028,0.967,0.012
kin_test_track_a_00277,bene iyo mibare ngo yatumye awdo ishaka ibitera abangavu guterwa inda zitateganyijwe kugira ngo ifashe mu kubishakira umuti aho gutegereza guhangana n’ingaruka.,sadness,fear+sadness,0.121,0.001,0.931,0.028,0.733,0.017
kin_test_track_a_00278,@<username> none se uwo mwuka wera ko nta we ndi kubona?,none,anger,0.737,0.002,0.082,0.022,0.232,0.041
kin_test_track_a_00281,urubyuruko rwabakorera bushake kubufatanye na rnp ni nzego zibanze bakomeje ibikorwa byu bukangurambaga bwo kwirinda covid-19 mu masoko atandukanye @<username> @<username> @<username> @<username> ##url##,joy,none,0.157,0.0,0.101,0.669,0.107,0.038
kin_test_track_a_00282,amakipe yose aregeranye buri imwe yatsinda indi n’amakipe ahangana cyane by’umwihariko gutsindira hanze biba bigoye.”,none,surprise,0.127,0.002,0.089,0.427,0.324,0.594
kin_test_track_a_00283,ati “ni ingenzi ko ibihugu byacu bigerageza gukuraho uko kwivanga kugira ngo ingaruka zabyo ziveho.,none,anger+fear,0.474,0.002,0.642,0.089,0.449,0.037
kin_test_track_a_00284,yakomeje abwira abantu bafite inyubako ndende kujya bagenzura ‘ascenseur’ zirimo kuko zishobora guteza impanuka ku bantu babagenderera.,fear,fear+sadness,0.129,0.001,0.531,0.285,0.611,0.105
kin_test_track_a_00286,ati “icyo numva tutakoze mu myaka icyenda iri serukiramuco rimaze ni uko tutageze kuri buri rwibutso hirya no hino mu gihugu tubasangiza ibyiza bya ubumuntu arts festival.”,none,joy,0.024,0.0,0.025,0.904,0.124,0.095
kin_test_track_a_00288,#rwot aho kwicwa n'inzara no kwicwa na cya kovidi wakwicwa niki!?,none,sadness,0.192,0.0,0.21,0.004,0.884,0.09
kin_test_track_a_00290,"@<username> amahano?! ni impanuka, inkangu, inzara.... muyite izina rikwiye.",none,fear+sadness,0.409,0.0,0.455,0.095,0.639,0.062
kin_test_track_a_00292,"uyu mugabo yasoje inshingano ze muri ferwafa ariko aho ayiviriyemo byaradogereye, kuburyo bigoye gusobanura ikibazo kirimo kugeza magingo aya.",sadness,anger,0.435,0.001,0.25,0.148,0.438,0.163
kin_test_track_a_00293,@<username> @<username> @<username> @<username> @<username> uzi kubona umuturage anywa amazi yo mu dam cg avoma umuvumba muri iki gihugu! birababaje ababishinzwe nibatabare .,sadness,anger+sadness,0.712,0.0,0.128,0.193,0.46,0.048
kin_test_track_a_00294,"@<username> nizereko umutima mwiza wabanyarwanda, turabaremera! cg basige inkweto zabo nk'ingwate😂",none,anger,0.626,0.0,0.03,0.082,0.153,0.137
kin_test_track_a_00296,@<username> @<username> mwishyuke benimana kandi mugumemo. muhorane ibyiza mu rwanyu.,joy,none,0.272,0.001,0.048,0.676,0.218,0.016
kin_test_track_a_00299,@<username> @<username> @<username> xlm ewan bushari na okama mubyuhahiro byabo nibubahwe kuko murinominsi barikudukoma san ndabemera,joy,anger,0.547,0.0,0.131,0.303,0.381,0.161
kin_test_track_a_00300,aranuka nk'uwinereye amaziranoki y'agakanzu!,disgust,none,0.365,0.35,0.153,0.128,0.354,0.339
kin_test_track_a_00301,"ati “hari n’iyahunganye nabo bajya muri zaïre, baragarukana iza no gutera amahane ivuga ngo abanyarwanda bibashyira mu byabo [mu mitungo] nibabe baretse babanze bajye mu nkambi mu rwanda”.",sadness,anger+sadness,0.48,0.001,0.326,0.16,0.611,0.309
kin_test_track_a_00302,imyenda nkiyi niyo ba mubi cyane bazize ntugashukane ##url##,anger,none,0.281,0.027,0.054,0.25,0.266,0.074
kin_test_track_a_00303,@<username> erega uzarebe ngo icyo umutima ukunda amata aguranwa itabi tubaterera amavi ark ahanini tuba twishakira batotizuba,none,anger,0.724,0.002,0.085,0.097,0.337,0.034
kin_test_track_a_00304,"yatanze urugero rw’uko yavukiye mu rwanda, agakurira muri uganda, madamu jeannette kagame akavukira i burundi, nyuma bakaza guhurira muri kenya.",surprise,none,0.057,0.001,0.05,0.629,0.293,0.34
kin_test_track_a_00305,twasaniraga abafite inzu ziri aho gutura ariko zagizweho ingaruka bitewe n’uko imeze.,none,sadness,0.092,0.069,0.303,0.087,0.699,0.044
kin_test_track_a_00306,"hari abo tujya gukina, bakumva ko ari ikipe y’i kamonyi bagahita bagira ubwoba tutarajya mu kibuga.”",sadness,fear+sadness,0.218,0.001,0.441,0.12,0.765,0.277
kin_test_track_a_00308,"umuntu akubaka ibitanda bine, bitanu ndetse hari n’uwakodeshaga isambu ya mugenzi we kugira ngo abone aho yanika.",none,sadness,0.153,0.031,0.072,0.104,0.583,0.304
kin_test_track_a_00309,"@<username> prince boo, humura rimwe uzava mu butindi. 😂",none,anger,0.414,0.001,0.017,0.068,0.173,0.102
kin_test_track_a_00311,@<username> urumva se atari motivation yo kuba umukire se bro? wicika intege tu,joy,anger,0.905,0.001,0.16,0.025,0.24,0.132
kin_test_track_a_00312,"mu ntangiro z’uku kwezi nabwo, u burusiya bwashinje ukraine kugaba ibitero i moscow, bituma ingendo z’’indege ku kivuga cy’indege cya vnukovo zihindurirwa icyerekezo.",sadness,none,0.149,0.001,0.185,0.51,0.398,0.212
kin_test_track_a_00314,ariko imana ishimirwe ko iduha gutsinda kubera umwami wacu yezu kristo. 1 abanyakorinti 15:57,joy,none,0.2,0.001,0.206,0.357,0.325,0.475
kin_test_track_a_00317,@<username> cyakoze abantu turatandukanye pe. njye nabuze uwo mboloka kuko ntazi icyo namubolokera,none,anger+sadness,0.742,0.001,0.128,0.099,0.553,0.03
kin_test_track_a_00318,hari ubwo umushinjacyaha uri kuburana kuri iyo dosiye abona ko ibimenyetso byakusanyijwe bidahagije ngo we ubwe abe yashinja ukurikiranyweho icyaha bigatuma ahitamo kumushinjura.,surprise,sadness,0.385,0.003,0.162,0.022,0.779,0.159
kin_test_track_a_00319,kimwe mubintu nkundira abantu bomucyaro ujyakumva ukumva arakubajije ngo ubwokoko wabuze akazi?wazapfa kujya mugisirikare cg mugipolice 😂😂😂,sadness,anger,0.716,0.003,0.089,0.005,0.25,0.53
kin_test_track_a_00320,"ni imiterere itandukanye n’iyo mu mwaka ushize aho hari umuryango ufite umwana umwe, ubu waragutse kuko yabonye iyo biva inda .",none,sadness,0.144,0.005,0.125,0.109,0.718,0.188
kin_test_track_a_00321,"kidum yabivugiye mu gitaramo yakoreye i bruxelles mu bubiligi ubwo yari ku rubyiniro ku wa 6 gicurasi 2023, aho nyuma yo kuzongwa na shaddyboo wamubyinishaga amusiga umubiri, yasabye ko umuziki uhagarara arangije afata ijambo ati “erega shaddyboo yibagiwe ko ndi padiri mukuru!”.",anger+sadness+surprise,none,0.111,0.0,0.031,0.498,0.337,0.172
kin_test_track_a_00322,"umwarimu muri kaminuza y’u rwanda, ishami rya busogo dr didace ndahimana, yavuze ko mu bigenderewe harimo no kugabanya ingano y’inyanya zangirika nyuma yo kuzisarura.",joy,sadness,0.067,0.001,0.198,0.392,0.545,0.239
kin_test_track_a_00323,"ati ""iri serukimuco rije kudufasha guhaza ibyifuzo by’abanyarwanda.",joy,none,0.284,0.007,0.269,0.488,0.263,0.065
kin_test_track_a_00324,"“uzi ko no mu minsi ishize inteko ishinga amategeko yashyizeho itegeko ryo kubabarira abari mu munyururu, igihe hashyirwagaho n’iryo kubabarira impunzi zaba ziri mu byaha, iryo tegeko rero ryatumye basohoka, hava muri gereza abantu ibihumbi bigeze kuri bitanu, abo bose na bo si ko bagiye bicuza ibyaha ngo bavuge ko batazongera kubikora, iyo bahuye n’abasirikare baragenda bagasahura.”",sadness,anger+sadness,0.554,0.0,0.258,0.039,0.645,0.121
kin_test_track_a_00325,@<username> nukuri njyewe bingeze aha ngiye kwiyahura mu buriri😂😂😂,anger+sadness,anger,0.69,0.002,0.035,0.008,0.365,0.071
kin_test_track_a_00326,tugeze mu gihe gikomeye aho ibitambo byatanzwe n’abatubanjirije bishobora gutakaza igisobanuro mu gihe twaba tunaniwe kurera neza abadukomokaho ngo bakurane iyo myumvire n’indangagaciro twahawe.,fear,anger,0.464,0.005,0.274,0.234,0.38,0.089
kin_test_track_a_00327,"bakubwiye ko uzahembwa amafaranga yanditsemo hano, urabona wahembwa angahe?? cg nkurangire muganga!!! ##url##",none,anger,0.927,0.001,0.211,0.011,0.138,0.118
kin_test_track_a_00328,"ati “harakekwa ko mu cyumba bavuga cyaturutsemo umuriro hari harimo agacupa ka peteroli, ikaba yamenetse noneho abana bacana umwambi w’ikibiriti hakaba ari ho hakomotse iyo nkongi y’umuriro.",sadness,fear+sadness,0.081,0.001,0.441,0.029,0.97,0.029
kin_test_track_a_00331,@<username> arashaka gukubita ruriya rubaho ariko amaboko ye ari muri opposition n ubwonko bwe 😂,none,anger,0.83,0.0,0.072,0.01,0.256,0.229
kin_test_track_a_00332,umwana uzi ubwenge bamusiîga nawe yinogereza,none,disgust,0.221,0.946,0.055,0.104,0.321,0.174
kin_test_track_a_00339,@<username> nureba se ....nuko kibondo.dore umukobwa (umutegarugori) ubereye u rwanda,joy,none,0.377,0.0,0.107,0.455,0.286,0.207
kin_test_track_a_00340,"iyo wubatse ubushobozi bw’umugore, uba wubatse umuryango, bityo ukaba uteje imbere igihugu.”",joy,none,0.123,0.01,0.104,0.584,0.339,0.27
kin_test_track_a_00342,"kuba hareguye bane muri bayigize, byatumye abasigaye badashobora gufata icyemezo nk’uko amategeko abigena.",none,sadness,0.224,0.001,0.332,0.052,0.84,0.044
kin_test_track_a_00343,"akumiro niki?! ni igihe uguze phone yaguhenze utaziko ari pirate😔🙄😢 uziko ari #samsung , ukayayatsa aho kwiyandikamo #samsung hakiyandikamo samuel 🙄😢😭😭😓😓😟😞😔",sadness+surprise,anger,0.673,0.001,0.062,0.033,0.287,0.491
kin_test_track_a_00344,"ubushakashatsi ku ibarura rusange rya gatanu ry’abaturage n’imiturire bugaragaza ko ingo 17,7% zitabasha kubona amazi meza yo kunywa mu gihe 28% zitizanya ubwiherero nabwo butameze neza.",sadness,fear+sadness,0.076,0.001,0.435,0.34,0.574,0.026
kin_test_track_a_00345,"abahanga bavuga ko imibonano mpuzabitsina ikozwe neza, ishobora kubera abayikoze urukingo rwo kwibasirwa n’umuhangayiko, agahinda gakabije ndetse n’ibindi bibazo bishingiye ku buzima bwo mu mutwe.",none,fear,0.173,0.001,0.869,0.049,0.411,0.058
kin_test_track_a_00346,ubusazi bwa putine bugeze no muri sports.dore burayishegeshe. ##url##,anger,none,0.274,0.002,0.108,0.491,0.2,0.121
kin_test_track_a_00350,@<username> @<username> @<username> @<username> @<username> @<username> ni ukuvuga ko yamwogeje kugirango asibanganye ibimenyetso. mbese yamwogeje ku gitsina nka kwa kundi dukaraba mu ntoki n'amazi n'isabune.,fear+sadness,none,0.353,0.0,0.157,0.089,0.225,0.04
kin_test_track_a_00351,"abanyeshuri bajyaga kwiga hirya bakambuka imipaka, ariko kugeza ubu aho cyaziye baza hano, ntibakijya hirya no hino.’’",none,sadness,0.053,0.002,0.193,0.627,0.518,0.118
kin_test_track_a_00352,mu gitondo cyo kuri uyu wa 24 kanama ubuyobozi n’abaturage bakomeje gukora igenzura ngo barebe ko nta muriro usigaye basanga ntawo.,none,sadness,0.158,0.001,0.337,0.155,0.664,0.046
kin_test_track_a_00353,"moïse katumbi utavuga rumwe n’ubutegetsi bwa tshisekedi, yabwiye abanyamakuru ko ibiri kuba bibabaje, by’umwihariko ko biri gukorwa n’umuntu bahoze bafite imyumvire imwe.",sadness,none,0.368,0.001,0.392,0.067,0.349,0.42
kin_test_track_a_00354,leta y'urwanda numubyeyi kbs. itabaye abantu baribaraye batageze aho baba muri kigali.@<username> ##url##,joy,anger,0.445,0.0,0.105,0.536,0.213,0.051
kin_test_track_a_00355,igitangaje n’ukuntu ibiryo byanyu bihora bisa nk’umususwe.,disgust+surprise,disgust,0.237,0.886,0.065,0.032,0.183,0.085
kin_test_track_a_00356,"yakomeje agira ati “ndabifata ubundi nkashushanya nk’umuntu ugiye gukora igihangano cye, hamwe mbishyiraho ku ruhande, ahandi nkahashushanya ikintu runaka ku buryo ubibonye asanga igishushanyo cyanjye gifite umwimerere.”",joy,anger+fear,0.603,0.002,0.492,0.169,0.418,0.375
kin_test_track_a_00358,urukiko rugaragaza ko umurongo uhuriweho n’izindi manza ari uko amasezerano ari ingaruka zo kwemera kw’impande zombi.,none,fear,0.379,0.001,0.535,0.053,0.369,0.1
kin_test_track_a_00359,ishuri rikuru rya gisirikare rya nyakinama ni ishuri mpuzamahanga uyu munsi ryigamo abaturutse mu bihugu 12.,joy,none,0.031,0.001,0.082,0.634,0.291,0.198
kin_test_track_a_00361,"ba “komisiyoneri” bose si abahemu, gusa umubare munini wabo akenshi uzamo akantu k’ubuhemu kuko nutanze amafaranga ku wo yari agenewe abanza gukuraho aye, akamuha ibisigarizwa.",anger,anger+sadness,0.63,0.002,0.373,0.05,0.519,0.31
kin_test_track_a_00362,"@<username> kkubera ko mbona mwanyihoreye kukibazo cyanjye, nshaka ko muyemererako umunsi insinga zanyu zanteje impanuka muzabyirengera!",anger,anger+sadness,0.698,0.001,0.201,0.171,0.487,0.051
kin_test_track_a_00363,uruhare rw’abanyamuryango ni ukwita kuri aya mafi no kuyarinda kugira ngo abajura batayiba.,none,sadness,0.298,0.016,0.165,0.201,0.509,0.049
kin_test_track_a_00365,@<username> birababaje kubona sector commender wa police @<username> muri @<username> afunga umwana wiga p5 kasho bugacya ajya gukora ikizamini.ibyo bikwiye? turwanye ihihoterwa. @<username> @<username> @<username> @<username> @<username> @<username>,sadness,none,0.356,0.0,0.068,0.239,0.348,0.087
kin_test_track_a_00367,@<username> niba ari ubuswa bwanjye ... ndabona ikinyarwanda cyanditse hano ntari kucyumva neza.,none,anger,0.742,0.001,0.129,0.174,0.324,0.055
kin_test_track_a_00369,@<username> ariko buriya nawe wagombye gukurikira abandi. kuko ndabona ukurikira bake pe!!! ibyo bagukorera nawe wagombye kubikorera abandi!!!,sadness,anger,0.775,0.001,0.136,0.254,0.292,0.066
kin_test_track_a_00370,"abasirikare bamuhiritse ku butegetsi banze kuva ku izima, bavuga ko batazabumusubizaho.",anger,anger+sadness,0.424,0.003,0.266,0.073,0.772,0.332
kin_test_track_a_00373,the city of houston and i extend our prayers and condolences to our own screwed up click legendary rapper #bigpokey family and friends.,none,joy,0.042,0.0,0.016,0.8,0.139,0.23
kin_test_track_a_00374,good morning good peole 🌅 imana ibane namwe uyu munsi kdi ihaze kwifuza kwanyu❤️😍,joy,none,0.298,0.002,0.021,0.465,0.157,0.035
kin_test_track_a_00376,"uyu muhanzi mu butumwa bw’uruhererekane yashyize kuri instagram stories yabanje kugaragaza yolo the queen, ari kuririmba indirimbo ye yise “single again” arangije akurikizaho ubutumwa agira ati “uko uba wiyumva iyo utegereje imodoka yawe ya range rover.’’",none,joy,0.035,0.0,0.02,0.824,0.189,0.331
kin_test_track_a_00378,"ati ""ntabwo umuyobozi akwiye gutuza azi ko hari ikibazo umuturage afite yamugejejeho ntiyizere neza ko cyakemutse.",anger,anger+sadness,0.511,0.005,0.365,0.149,0.504,0.11
kin_test_track_a_00380,mwaramutse mwamfura mwe mumeze mute? mugire igicamunsi cy'impagarike n'ubugingo 🙏♥️,joy,anger,0.509,0.001,0.046,0.416,0.247,0.087
kin_test_track_a_00382,"bivugwa ko muri iyo nama ""inkende yaje yicara mu idirishya rikinguye ry’icyumba cyaberagamo inama.",surprise,sadness,0.203,0.006,0.171,0.197,0.573,0.302
kin_test_track_a_00386,"ati “ubundi umutware yabaga afite agace atwara, umutware udafite aho atwaye aba atwaye iki, uwo aba ari bwoko ki?",none,sadness,0.16,0.0,0.047,0.007,0.635,0.426
kin_test_track_a_00389,"yakomeje agira ati “uyu mudali ushushanya ugushima kwacu ku kuba iteka ushyira afurika imbere, ibintu bituma gahunda z’u rwanda nazo zitera imbere.",joy,none,0.283,0.001,0.366,0.286,0.297,0.088
kin_test_track_a_00390,"kwinjira mu gisirikare cy’u rwanda, ni ibintu bikorwa mu buryo buciye mu mucyo, mu murongo ugororotse, gusa byageze ku bongereza badashyigikiye iyi gahunda yo kohereza impunzi mu gihugu, bavuga ko rushaka abo ruzashyira mu gisirikare.",none,sadness,0.335,0.001,0.278,0.149,0.47,0.261
kin_test_track_a_00391,yagaragaje ko kubona umuganga yambura ubuzima uwamuhungiyeho ari ibintu biteye isoni nubwo bishimangira ubugome n’ubukana jenoside yakorewe abatutsi yakoranywe.,anger+sadness,sadness,0.151,0.001,0.333,0.025,0.943,0.075
kin_test_track_a_00392,gahunda ariko ngo nuko uyu munsi ntamahoro agomba kuboneka😂😂😂😂😂😂😂😂 ##url##,fear,anger,0.635,0.002,0.028,0.018,0.215,0.129
kin_test_track_a_00394,hari n’abatagira amagare kuko bisaba ubushobozi kurigira.,sadness,none,0.18,0.108,0.129,0.506,0.371,0.11
kin_test_track_a_00395,ibaze ukuntu mukanya kashize igihe narinsinziriye narindi muriyinzu nakanguka nkasanga ndi muri ghetto numuriro wabuze 😂 ##url##,sadness+surprise,anger,0.494,0.012,0.031,0.058,0.352,0.105
kin_test_track_a_00396,"uyu muhanzi wagiye atamaze ipfa abari bamutegereje yakurikiwe n’abantu batandukanye biganjemo inkumi, bari banze ko agenda atabaramukije.",none,sadness,0.13,0.001,0.049,0.104,0.704,0.463
kin_test_track_a_00398,kwakundi ujya kumurongo kuri bus wamara gutappinga siyo washakaga😭😭😭😭you have to wait another 10hrs,sadness,none,0.375,0.006,0.023,0.037,0.311,0.301
kin_test_track_a_00400,inama nziza cyane urakoze muvandimwe kandi burya ngo ihene irishiriza muburebure bw’umugozi wayo. ##url##,joy,none,0.255,0.003,0.016,0.682,0.149,0.018
kin_test_track_a_00401,ugasanga umu mama muturanye afite uruhungu rubi ariko yakubona ukumva aravuze ngo bite umukazana😏,none,sadness,0.322,0.274,0.056,0.015,0.561,0.203
kin_test_track_a_00403,"nyuma y’igihe arwaye kanseri, yaje kuyikira nta muntu umubaze, ahita akomerezaho urugendo rwe rwo gushima imana, atangira gukora ivugabutumwa.",joy+surprise,sadness,0.02,0.0,0.326,0.296,0.85,0.092
kin_test_track_a_00405,"@<username> @<username> icyonzicyo ubunyiyenzaho, kandi ibibintu sibyiza!!! dore na chrie amaze kunkuraho amaboko😭😭😭",anger,anger+sadness,0.821,0.0,0.042,0.029,0.465,0.11
kin_test_track_a_00406,uramutse ubariyemo n’ututazwi uyu mubare uziyongera cyane.,none,disgust,0.084,0.667,0.098,0.271,0.268,0.114
kin_test_track_a_00407,biteye ubwoba.,fear,disgust+fear+sadness,0.181,0.858,0.521,0.056,0.545,0.083
kin_test_track_a_00408,yongeyeho ko ikibazo cya mwishywa we wagurishije isambu cyagejejwe mu nkiko.,none,sadness,0.18,0.005,0.274,0.07,0.789,0.18
kin_test_track_a_00410,"ukraine yanze kwerura niba iri inyuma y’ibyo bitero, ariko ivuga ko yishimira kubona biba, ndetse ko mu gihe kiri imbere bishobora kwiyongera.",fear,fear+sadness,0.291,0.002,0.877,0.033,0.484,0.186
kin_test_track_a_00413,ni yo mpamvu kadima n’itsinda rye banze ubugenzuzi bw’itsinda ryigenga batinya ko amakosa yabo ashyirwa ku karubanda.”,fear,sadness,0.409,0.001,0.223,0.172,0.547,0.276
kin_test_track_a_00415,"akarere ka rubavu, ni kamwe mu twibasiwe cyane.",sadness,disgust,0.031,0.702,0.164,0.284,0.304,0.041
kin_test_track_a_00416,@<username> ukuntu abantu hanze aha batabyumva nicyo giteye inkeke😭😭😌 baba bijujuta !!,fear,anger+sadness,0.758,0.001,0.113,0.039,0.508,0.045
kin_test_track_a_00419,@<username> ubwo c woe umuntu uryama nta musego akamara umwaka wose ijosi ari rizima urumva aba yoroshye mn😂,none,anger,0.792,0.0,0.06,0.014,0.319,0.215
kin_test_track_a_00422,na banki y’isi bigena ibipimo ngenderwaho mu gupima umwenda w’igihugu niba uzabasha kwishyurwa cyangwa ari umutwaro uremereye.,none,fear,0.396,0.003,0.539,0.176,0.363,0.169
kin_test_track_a_00423,"mubyukuri ndababaye, ese koko aba bana babayeho bate? ese harubitayeho? ubux ahazaza tuvuga harihe? @<username> @<username> @<username> @<username> @<username> @<username> @<username> ##url##",sadness,anger,0.628,0.0,0.06,0.078,0.2,0.126
kin_test_track_a_00424,ugasanga umutipe ariyemera ngo arya ibyana🛌...kdi atarigera abona umwobo w ifuku😂😂😂😂😂😂,anger+surprise,anger,0.471,0.012,0.031,0.006,0.207,0.457
kin_test_track_a_00426,"yakomeje avuga ko niba ibihugu bya afurika bishobora kwanga kugira uruhande bihagararaho mu ntambara iri mu gihugu cye, bigaragaza ko “ijambo u burusiya bwari bufite muri afurika rigenda rigabanuka.”",fear,fear+sadness,0.388,0.0,0.808,0.082,0.494,0.293
kin_test_track_a_00428,"umunyamategeko juan smuts yatangaje ko kongera guta muri yombi kayishema, byatunguye we n’umuryango w’uwo yunganira.",surprise,sadness,0.219,0.0,0.173,0.105,0.739,0.417
kin_test_track_a_00429,ntimuzigere mureka abandi bantu ngo babagenere abo mukwiriye kuba bo.”,anger,anger+sadness,0.429,0.016,0.286,0.26,0.529,0.29
kin_test_track_a_00433,@<username> umva njye mbona kdi hafi gupfa peee,sadness,anger,0.504,0.005,0.072,0.152,0.321,0.031
kin_test_track_a_00434,umuntu nkawe uri kugenda urebera amashusho y'urukozasoni mu modoka?,disgust,none,0.24,0.491,0.042,0.005,0.121,0.458
kin_test_track_a_00435,dukora uburyo bwose bushoboka butuma umunyetorero yiyumvamo ibikorwa byaryo n’iby’igihugu.”,joy,none,0.265,0.006,0.131,0.638,0.219,0.14
kin_test_track_a_00437,ntabwo twari tubimenyereye ariko twabonye twarakinnye neza.,joy,disgust,0.239,0.747,0.147,0.144,0.317,0.143
kin_test_track_a_00438,"umwuka ukomeje kuba mubi hagati ya niger n’ibihugu by’amahanga by’umwihariko ibigize cedeao, umuryango wa afurika yunze ubumwe, u burayi na leta zunze ubumwe za amerika.",fear+sadness,fear,0.057,0.001,0.456,0.138,0.318,0.241
kin_test_track_a_00440,"ku rundi ruhande ngo mu basoje amasomo kuva mu 1980 kugeza mu 2016, abo bamaze kumenyera imyirondoro bashobora gukoresha uburyo bw’ikoranabuhanga bakamenya aho bari, bagera ku bihumbi 41.",joy,none,0.063,0.0,0.134,0.555,0.355,0.375
kin_test_track_a_00443,abacuruzi bamwe barumiwe…,sadness,none,0.313,0.388,0.211,0.207,0.322,0.141
kin_test_track_a_00444,"rurenge ni we wagiriye inama murumuna we wamugwaga mu ntege yo kujya gukaba ubutaka bwo mu majyepfo y’igihugu cye, kuko yabonaga azagurira ubutaka bwe mu burengerazuba no hagati, akanga ko hazagira undi uva mu mahanga ya kure, akabatangatanga akabata hagati.",none,sadness,0.109,0.002,0.144,0.442,0.506,0.307
kin_test_track_a_00445,mu 2011 urukiko rushinzwe kurengera uburenganzira bwa muntu mu burayi rwanzuye ko abakekwaho ibyaha bya jenoside bari muri suède boherezwa mu rwanda kandi byarakozwe.,joy,sadness,0.157,0.0,0.221,0.07,0.587,0.123
kin_test_track_a_00446,@<username> habaho no kwirengagiza mwana kugira ngo batakuniga ndaqa😂😂😂😂,none,anger,0.854,0.0,0.07,0.005,0.32,0.1
kin_test_track_a_00448,aya ni ayo bafatiye mu mujyi wa mombasa ho muri kenya umwaka ushize ubwo bari bahuriyeyo bagiye kwizihiza umunsi mukuru w’amavuko yabo.,none,joy,0.01,0.0,0.022,0.803,0.27,0.167
kin_test_track_a_00450,@<username> sorry igihe uri wenyine uge wibuka ko hari ukuri hafi uzi ibyawe akamenya ibyo ukeneye,none,anger,0.777,0.002,0.067,0.108,0.247,0.028
kin_test_track_a_00452,"gitembagara yagize ati “usanga umuforomo ahembwa ibihumbi 197 by’amafaranga y’u rwanda, iyo uyagereranyije n’ishoramari yakoze yiga, ubona kugira ngo azagaruze byatwara imyaka hagati y’irindwi n’umunani.”",sadness,none,0.119,0.0,0.141,0.412,0.436,0.386
kin_test_track_a_00453,"muri iyi raporo avuga ko atigeze agaragarizwa inyandiko zisobanura umubare wa muvelo zizakorwa n’ingano yazo, ibishobora gutuma bimwe mu bikoresho bita agaciro bigahombya leta amafaranga atari make.",none,anger+fear,0.449,0.002,0.662,0.055,0.354,0.246
kin_test_track_a_00454,@<username> 🤣🤣🤣 iki x mugire mushake mutuvire aha 🤪🤪,anger,none,0.378,0.043,0.034,0.235,0.135,0.01
kin_test_track_a_00455,"uyu mugore avuga ko nta bwinyagamburiro aba-taliban babaha, yari afite inzozi zo kuzaba umunyamategeko ariko zayoyotse ubwo abakobwa n’abagore babuzwaga kwiga.",sadness,fear+sadness,0.397,0.0,0.423,0.176,0.644,0.46
kin_test_track_a_00456,"sha sinkubeshye nsigaye ngukemanga.""",fear,none,0.322,0.469,0.13,0.111,0.314,0.164
kin_test_track_a_00457,"ese umuntu agusabye, ukamuha mukanya ukamubona ari kunywa biere wabifata ute???",none,anger+surprise,0.503,0.237,0.048,0.001,0.055,0.625
kin_test_track_a_00459,@<username> @<username> @<username> ibyo ni byiza cyane. ahubwo gusaba atm card ko bitinda cyane? bampaye 2 months,none,anger,0.659,0.0,0.05,0.201,0.151,0.05
kin_test_track_a_00460,arko imbeba ko bazigeragerezaho inkingo mukaba mukomeje kuzica nizishira bizagenda bite,anger,none,0.372,0.177,0.162,0.051,0.2,0.1
kin_test_track_a_00461,ikindi kandi hasuzumwe niba hari impamvu zikomeye zituma akekwaho icyaha rusanga hari impamvu zikomeye zishingiye ku kuba yaremeye ko amashusho yakwirakwijwe ari aye nubwo avuga ko bitari mu ruhame.,none,fear+sadness,0.216,0.001,0.585,0.009,0.631,0.067
kin_test_track_a_00463,atanga urugero kuri nhica do rovuma yagize ati “ingabo ziyobowe na gen nkubito umwanzi zarahamuvanye.,none,sadness,0.369,0.001,0.146,0.115,0.531,0.132
kin_test_track_a_00464,ibyo byatumye hashyirwaho ihuriro ry’amashyaka ngo aganire ku bibazo binini bireba igihugu n’abaminisitiri babagezeho ibigiye gukorwa n’ingamba igihugu gifite.,fear,anger+fear,0.477,0.001,0.545,0.059,0.3,0.106
kin_test_track_a_00465,@<username> @<username> “ibitagira abakuru birumba ari indaru (indaro)” ariko kandi igihugu kiramutse kidafite abato bacyo cyakwizera kurimbuka vuba bidashidikanywaho.,none,anger,0.771,0.0,0.125,0.114,0.375,0.044
kin_test_track_a_00466,"@<username> @<username> @<username> @<username> @<username> @<username> @<username> bigaragaza ubwisanzure mukumenyesha amakuru kuri buri wese . umuryango we ukamenyeshwa amakuru yose kugihe,",joy,none,0.405,0.0,0.073,0.559,0.283,0.044
kin_test_track_a_00467,@<username> ndumva nkugiriye imbabazi gake twese ngo ntituresha pa sorry 😭😭😭,sadness,anger,0.741,0.001,0.042,0.026,0.424,0.08
kin_test_track_a_00468,abanyamakuru bige gukoresha amarenga (geste) ntiyabumvise neza 🤣🤣 akumiro ni ivunja 🥳🥳 ##url##,surprise,anger,0.601,0.001,0.093,0.433,0.15,0.054
kin_test_track_a_00470,"@<username> urakoze cyane. uzamenya umusonga wanjye tukawusangira, kandi ntisinzire kubera umusonga wanjye uko yaba asa kose uwo nzamunambaho .",none,anger+sadness,0.607,0.006,0.121,0.063,0.484,0.013
kin_test_track_a_00471,"ni raporo igaragaza umubare w’abantu bapfuye bagiye babarurwa bapfiriye mu ngo, abaguye mu mpanuka, ndetse n’abaguye mu mavuriro cyangwa ibitaro.",sadness,fear+sadness,0.038,0.0,0.517,0.076,0.887,0.042
kin_test_track_a_00472,"@<username> 😂😂🤣🤣🤣🤣🤣🤣 kwifata biranze ndaseka, nanjye nidubura nzareba ko udafute inzāra nk'izinka!🇻🇺",joy,anger,0.842,0.001,0.104,0.023,0.245,0.224
kin_test_track_a_00473,@<username> murakoze. byaje gukunda. nta kibazo. service yaje kuboneka. amahoro kuri mwe.,joy,anger,0.519,0.0,0.147,0.431,0.322,0.049
kin_test_track_a_00476,"😂 nari nicaye ahantu numva umwana abajije nyina ngo mbese kunyara bisobanuye ik …,kugeza nanubu ntabwo aramusubiza ndakomeza mbahe amakuru 😂🤌",none,sadness,0.318,0.005,0.028,0.012,0.621,0.234
kin_test_track_a_00477,"ibi biri mu bituma agababo n’abasore benshi bahitamo kutagaragaza intege nke zabo cyangwa ngo basabe ubufasha igihe biri ngombwa, bagahitamo guceceka no kujya kure y’abandi kugira ngo batabacira urubanza bakurikije ibihe bigoye bari kunyuramo.",none,anger,0.514,0.002,0.397,0.045,0.429,0.188
kin_test_track_a_00478,daliso yavuze ko nyuma yo kugera mu rwanda yasanze ibyo uwo munyamasengesho yavugaga cyari ikirundi.,none,sadness,0.176,0.001,0.105,0.302,0.467,0.366
kin_test_track_a_00480,umunsi umwe nibwo umujyanama wabo yabwiye schwarzenegger ko umugore we akeneye kumenye ukuri kose kuko yari amaze igihe amukeka amababa harimo no kubyarana n’undi mugore.,fear,sadness,0.224,0.006,0.086,0.191,0.553,0.188
kin_test_track_a_00481,@<username> @<username> @<username> @<username> @<username> @<username> @<username> @<username> @<username> @<username> @<username> @<username> nyihanganira man tubifate ko ari 1/1 twiyunge ntacyo dupfa mn,sadness,anger,0.446,0.0,0.049,0.173,0.307,0.068
kin_test_track_a_00482,polisi kandi yabwiye voa ko umubare w’abapfuye ushobora kwiyongera kuko abagenzacyaha ndetse n’itsinda rikora ubutabazi bakomeje gushakisha ababuze.,sadness,fear+sadness,0.278,0.0,0.833,0.053,0.707,0.095
kin_test_track_a_00486,ariko ubundi umuh'akazi ninde? mashami nubwo wamuha ikipe yo mucyiciro cya 2 ntakipe yatsinda 🙅🙅🙅🙅,anger,anger+fear,0.516,0.002,0.768,0.024,0.194,0.416
kin_test_track_a_00488,uwitwa batman yahize abandi bari bahatanye muri ibi bihembo kubera ko ari we watowe cyane kurusha bagenzi be.,joy,none,0.048,0.001,0.045,0.46,0.454,0.462
kin_test_track_a_00490,yongeyeho ko inzu yose igaragaye mu kajagari muri nyamirambo ikurwaho naho iby’abashinjwa kurya ruswa bikaba ari ubuzima bwabo ku giti cyabo.,anger,sadness,0.211,0.002,0.201,0.2,0.577,0.137
kin_test_track_a_00491,"mu ijoro ryo ku itariki ya 25 nzeri 2015 , umunsi umukinnyi wa filime saphine kirenga yizihizagaho isabukuru y’amavuko, mu buryo butunguranye umusore bakundanaga yazanye impeta y’urukundo [fiançailles] ayambika uyu mukobwa inshuti n’abavandimwe bose babireba.",joy+surprise,sadness,0.024,0.0,0.01,0.561,0.463,0.186
kin_test_track_a_00494,"ati “twumvaga ko hari abanyarwanda ntabwo twari tuzi inyenzi, urugamba rutangiye batangiye kutubwira ko ari abantu bafite amatwi atendera twari dufite amatsiko yo kumenya uko bateye.",none,anger+sadness,0.553,0.001,0.302,0.111,0.706,0.178
kin_test_track_a_00495,"yavuze ko amahoro yaba ahari cyangwa se adahari, abantu badakwiriye gutakaza icyizere, kuko hari abantu bo gushyira ibintu mu buryo, ibitarakozwe ejo bigakorwa neza uyu munsi.",none,fear+sadness,0.321,0.001,0.463,0.166,0.597,0.21
kin_test_track_a_00496,yavuze ko yari afite n’izindi ngabo zari mu majyaruguru y’igihugu aho ibyihebe n’inyeshyamba byari biherereye.,none,sadness,0.085,0.002,0.164,0.205,0.663,0.08
kin_test_track_a_00498,ati “turizeza ko nk’igihugu tuzakora ibishoboka byose.,none,anger,0.419,0.008,0.19,0.376,0.289,0.051
kin_test_track_a_00499,"@<username> @<username> mwakoze cyane kuganiriza abo basore@<username> amavubistar,nibakurikiza inama bahawe ntakabuza uyumunsi baraturaza neza rwose!!!",joy,none,0.345,0.0,0.041,0.672,0.231,0.045
kin_test_track_a_00500,bamushinjaga ivangura no guheza bamwe mu baturage ba thailand.,none,sadness,0.215,0.005,0.22,0.065,0.528,0.324
kin_test_track_a_00504,"yavuze ko nko mu myaka mike ishize nta watekerezaga nk’imodoka zikoresha amashanyarazi n’ibikomoka kuri peteroli (hybrid), ariko ubu mu rwanda zimaze kugwira, kubera amahirwe guverinoma yatanze, arimo kugabanya imisoro.",joy,none,0.084,0.001,0.173,0.495,0.278,0.234
kin_test_track_a_00509,"abaturage bo muri aka gace, bavuga ko uyu mugore yarenganye kuko yesenyewe wenyine mu gihe inzu nyinshi zikarimo bigaragara ko ziri mu manegeka.",sadness,fear+sadness,0.241,0.001,0.454,0.162,0.762,0.131
kin_test_track_a_00514,ati “ni igihugu tubanye igihe kirekire cyane kuva cyafungura ambasade yacyo mu rwanda.,joy,none,0.188,0.003,0.217,0.593,0.249,0.304
kin_test_track_a_00515,"“umugore yatubwiye ko bageze mu rugo bakoze imibonano mpuzabitsina barangije bararyama, mu gitondo umugore yarabyutse amusiga mu buriri ajya gushaka icyo barya agarutse arebye asanga undi yapfuye ahita atangira gutabaza.”",sadness+surprise,sadness,0.09,0.0,0.165,0.035,0.984,0.086
kin_test_track_a_00516,"habagusenga yavuze ko yasabye imbabazi umugore we batangira gushyira hamwe amafaranga yanyweraga n’ayo yajyanaga mu ndaya, ngo yahise atangira kuyabika yiguriramo igare, atangira kwahirira inka yabo kugeza ubu ngo imaze kugera kuri litiro icumi mu gihe mbere yabonaga litiro eshanu.",joy,sadness,0.046,0.001,0.075,0.377,0.59,0.32
kin_test_track_a_00517,@<username> @<username> @<username> mwiriwe neza ndimuhanga nibyiza kuba abo baturage birubavu baresheje imihigo bagafatanya bakizigamira kandi dukomeze twubahirize amabwiriza yo kwirinda covide 19,joy,anger,0.465,0.0,0.104,0.471,0.286,0.029
kin_test_track_a_00518,"ati “nyuma yo guhabwa amakuru yizewe n’abaturage baturiye umupaka, ko hari magendu y’imyenda ya caguwa yinjijwe mu gihugu ivanywe mu bihugu by’abaturanyi, polisi yateguye ibikorwa byo kubafata, mu murenge wa kigarama wo mu karere ka kirehe, ku isaha ya saa kumi n’ebyiri za mu gitondo hafatirwa abantu batanu bari batwaye ku magare amabalo atanu.”",none,sadness,0.022,0.0,0.122,0.171,0.732,0.174
kin_test_track_a_00519,"ati “ndashaka nihere ubutumwa inshuti yanjye jean fidèle, ndashaka nkubwire ko bitamvuye mu mutwe igihe wishimaga ibyishimo byanjye.",anger,anger+sadness,0.454,0.001,0.11,0.225,0.493,0.077
kin_test_track_a_00521,"hashize iminsi ikibazo cy’iyi ndwara gikurikiranwa cyane haba ku nzego z’ubuyobozi n’abahinzi ubwabo muri rusange, ariko ngo biranga bikaba iby’ubusa, uburwayi bugakomeza kwibasira umusaruro w’abahinzi.",sadness,fear+sadness,0.086,0.0,0.655,0.091,0.752,0.028
kin_test_track_a_00522,@<username> ubwo se si nko kuvugira #ishapure na rozari mu musigiti ku munsi w'iteraniro ra🙄🙄,none,anger,0.801,0.0,0.091,0.03,0.379,0.225
kin_test_track_a_00523,@<username> ahogutera intambwe 99 ujya inyuma uzatere imwe ugana imbere,none,anger,0.443,0.001,0.165,0.382,0.231,0.056
kin_test_track_a_00524,@<username> rayon imyenda tadusaziyeho peee!! uziko ku mupira wa mico izina rayon ryasibye!!! shameful for @<username>,anger+sadness,none,0.172,0.0,0.045,0.653,0.18,0.185
kin_test_track_a_00527,hari abantu baba banezezwa no gufasha abayobozi ntacyo bibatwaye.,none,sadness,0.391,0.022,0.185,0.215,0.468,0.122
kin_test_track_a_00528,ahubwo bipfira aho lil_g aririmbiye umusatsi. ##url##,none,anger,0.581,0.057,0.099,0.098,0.233,0.079
kin_test_track_a_00530,"mu byashimwe byagezweho, hagarutswe ku mikoranire myiza y’ubuyobozi buri kurangiza manda, bwakoze akazi kabwo neza benshi bashimangira ko bugomba gukomeza kuyobora.",joy,none,0.21,0.001,0.259,0.552,0.189,0.064
kin_test_track_a_00532,agahinda ka mbere nugufana arsenal uri umukene rwose,anger+sadness,none,0.112,0.344,0.123,0.205,0.451,0.142
kin_test_track_a_00533,"umva sister menya amazina ya boyfriend🙎‍♂️🙎‍♂️ wae ya nyayo ntagutera inda ntabwo tuzagufasha gushaka """" mane dreezy"""" 😂🤣🤣🤣🤣🤣🤣",none,anger,0.611,0.0,0.03,0.013,0.314,0.243
kin_test_track_a_00535,"imig 20:4 nzarimirana w'umunyabute ntiyihingira atinya imbeho, ni cyo gituma mu isarura azasabiriza kandi ntagire icyo abona.",anger,none,0.271,0.128,0.135,0.101,0.412,0.302
kin_test_track_a_00536,"kalisa callixte ni umwe mu bikorera uvuga ko yahamagajwe n’ikigo cy’imisoro n’amahoro, kugira ngo asobanure imvano y’ibicuruzwa bigeze kuri miliyoni 200 frw byagaragaraga mu ikoranabuhanga ry’imisoro ko byaranguriwe kuri tin ye, ariko ntabisorere nk’umuntu wabicuruje.",none,sadness,0.316,0.0,0.271,0.098,0.609,0.31
kin_test_track_a_00537,"yaramututse ngo ni imbwa, ngo na mama wawe ni imbwa.",sadness,disgust+sadness,0.158,0.896,0.043,0.036,0.582,0.089
kin_test_track_a_00538,"@<username> @<username> namba no kukuruma bwageze mu kanwa watangiye kumva ubunyunyusi bwabwo,uzi kukuruma umunwa ugiye gutamira,umunwa ugahita ubyimba!🤣🤣🤣",sadness,anger,0.81,0.0,0.135,0.019,0.277,0.186
kin_test_track_a_00541,"@<username> babyeyi amazi turayakumbuye, mukore geste wenda tubone ayo kunywa ibicurane bigiye kutwica",sadness,none,0.375,0.025,0.126,0.053,0.228,0.007
kin_test_track_a_00542,"umuyobozi mukuru wa irembo, israel bimpe, yagaragaje ko hakenewe kubaka ibikorwaremezo bikomeye kugira ngo abaturarwanda babone internet nziza kandi yizewe.",none,joy,0.062,0.0,0.179,0.828,0.207,0.033
kin_test_track_a_00544,@<username> @<username> uyu mwana aba rayon tumugurire umwenda wa equipe! uburayon buravukanwaaa!!,joy,anger,0.647,0.0,0.099,0.265,0.391,0.057
kin_test_track_a_00545,urongoye umugore mwiza aganya ibyago nuteye igiti cyamapera mukigo cyamashuli ya primary😂❤️,sadness,none,0.169,0.003,0.036,0.144,0.39,0.177
kin_test_track_a_00546,"ijambo inkotanyi rinyibutsa ingabo zitazwi zagize uruhare mu rugamba rwo kwibohora, zitagize amahirwe yo kugera ku ivuko nka marume bosco.",sadness,none,0.089,0.0,0.088,0.486,0.372,0.164
kin_test_track_a_00547,ubu se #apostlepaulgitwaza nk'uvuga rikijyana yaba yarabigenzuye neza ku buryo yabyigisha imbaga atya? birambabaje njyewe! @<username> @<username> @<username> @<username> @<username> @<username> ##url##,anger+sadness,none,0.233,0.0,0.036,0.396,0.152,0.119
kin_test_track_a_00550,"ati “ikibazo cyarakemuwe, turabona intambwe igenda iterwa mu bijyanye n’umubare munini w’abantu bari baravanywe mu byabo bari kubasha gusubira mu byabo kandi bagatangira ibikorwa nk’uko bikwiye.""",joy,fear,0.216,0.0,0.72,0.2,0.445,0.15
kin_test_track_a_00551,ai nyamara uba utubwiye nabi aba papa twirira udusendababoyi😅 ushatse wakwihana @<username> 🤣🤷🏾‍♂️ ##url##,sadness,anger,0.589,0.002,0.023,0.086,0.253,0.024
kin_test_track_a_00553,"🙃mani girl arambwiye ngo iyambarire byanze …, ndacyamusaba another round ndakomeza mbahe ikuru 😭😭😭",none,anger+sadness,0.597,0.001,0.05,0.059,0.479,0.332
kin_test_track_a_00557,@<username> @<username> @<username> ni agahomamunwa c? cg njye mbaza ibindeba?🤦🤸,none,anger,0.852,0.0,0.059,0.015,0.228,0.046
kin_test_track_a_00559,ubu buryo kandi bugabanya ibibazo bishobora kuvuka mu guhanahana amafaranga hagati y’abantu.,joy,fear,0.087,0.008,0.567,0.124,0.308,0.153
kin_test_track_a_00560,"ubaye urumukobwa, ufite million 7 munzu, umujura akinjira, akagusaba ko mwakora sex, cg gutwara ayo amafaranga wahitamo iki?",sadness+surprise,surprise,0.289,0.007,0.056,0.011,0.217,0.583
kin_test_track_a_00561,"yagize ati ""mu bibazo bikibangamiye igihugu harimo igwingira kuko ubushakashatsi bwerekanye ko mu bafite imyaka itanu nibura umwe muri batatu aba agwingiye.”",sadness,fear+sadness,0.213,0.0,0.483,0.245,0.658,0.222
kin_test_track_a_00563,@<username> @<username> hari umukobwa wambwiye ngo iyo umunsi wije atabonye umugabo umureba ngo amukurikize ijisho amenya ko uwo munsi yambaye nabi.,surprise,anger+sadness,0.746,0.001,0.061,0.032,0.489,0.039
kin_test_track_a_00564,yakomeje ati “hari n’abandi bakora ibyo bikorwa atari uko bafite impano ahubwo ari ukubera ko ubuzima bwabashyize mu kibazo gituma bagomba kubishobora.,sadness,anger+fear,0.605,0.003,0.406,0.069,0.446,0.154
kin_test_track_a_00565,byazanye amara ahubwo niyompamvu bivuga nk’ibijunditse umwanda,anger+disgust,disgust,0.188,0.98,0.154,0.016,0.123,0.11
kin_test_track_a_00567,sinzi impamvu iyo maze kurya mubaturanyi mpita numva nakwitahira 😊😊,surprise,anger,0.41,0.491,0.097,0.022,0.39,0.266
kin_test_track_a_00568,nyirashema yahakanye ibyo umusore we amushinja avuga ko yabivuze kuko ashaka kumutwara inzu.,anger,sadness,0.213,0.003,0.173,0.038,0.743,0.412
kin_test_track_a_00569,"rutahizamu wa @<username> , william opoku mensah yahagaritswe iminsi 8 adakorana imyitozo na bagenzi be kubera imyitwarire itari myiza. ##url##",sadness,none,0.294,0.0,0.093,0.508,0.257,0.101
kin_test_track_a_00571,kwinjira muri iki gitaramo bisaba kwishyura ibihumbi 10frw ubundi ukayanywera wumva icyanga cya amstel.,joy,none,0.207,0.002,0.1,0.547,0.255,0.28
kin_test_track_a_00572,"inyubako y'umurenge wa @<username> yatwaye amafaranga y'u rwanda miliyoni 900 gusa, nyamara ni imwe mu nyubako zigezweho dufite. @<username> 👏🏾👏🏾👏🏾 @<username> @<username>",none,joy,0.041,0.0,0.024,0.865,0.124,0.084
kin_test_track_a_00573,ikindi usanga zijya kumera nk’izifitanye isano ya hafi.’’,none,surprise,0.18,0.028,0.209,0.197,0.295,0.593
kin_test_track_a_00576,"yageze aho ahindura ishyamba rya shakahola mu burasirazuba bwa kenya nk’ahantu hadasanzwe, abakirisitu bajyaga guhurira bakahamara iminsi basenga.",surprise,none,0.049,0.004,0.042,0.317,0.431,0.274
kin_test_track_a_00578,@<username> ibyo yakoze nibyo bikwiriye. nta gitangaza yewe nta n'inkuru irimo. imana iri hejuru cyane y'ibyubahoro byacu kuko minayo ibitugabira.,none,anger,0.619,0.0,0.212,0.282,0.382,0.12
kin_test_track_a_00579,ati mwana wanjye humura aho batari nzahababera.,joy+sadness,disgust+sadness,0.115,0.743,0.047,0.181,0.533,0.094
kin_test_track_a_00580,"habumugisha jean damascène ukorera mu murenge wa kabarondo, yavuze ko nyuma y’ubu bugenzuzi bamufungiye ububiko bw’imiti ndetse bakanamuha ibaruwa imuhagarika gukorera umwuga w’ubuvuzi bw’amatungo ku butaka bw’u rwanda.",sadness,none,0.035,0.0,0.152,0.642,0.442,0.068
kin_test_track_a_00581,@<username> jesus christ 😭😭😭 kuva nabaho nubwambere ngize intimba . nshuti ihumurire wabayeho kdi warashibutse. god be with you,sadness,joy,0.089,0.0,0.014,0.77,0.186,0.19
kin_test_track_a_00583,"iyi komisiyo yagaragaje ko isesengura ryayo ryagaragaje ko umusaruro w’ubuhinzi n’ubworozi utaragera ku rugero rwifuzwa kubera imbogamizi ziterwa n’imihindagurikire y’ikirere, ubwishingizi bw’ibihingwa bukiri hasi, igiciro cy’ifumbire mvaruganda cyiyongereye bigatuma ikoreshwa ryayo rigabanuka n’inguzanyo zo mu rwego rw’ubuhinzi zikiri hasi.",sadness,fear,0.101,0.0,0.739,0.306,0.279,0.031
kin_test_track_a_00584,binanze mwegere umuhe undi munsi kuko birashoboka ko igihe wamuhaye byanze. ariko ubizirikane pe💜 ##url##,none,anger,0.531,0.014,0.114,0.157,0.213,0.098
kin_test_track_a_00585,@<username> kuva nakera umwana yacishwagaho akanyafu ubu abarimu nababyeyi ntibavuga uramva ejo hazaza nihabi cyane,sadness,anger,0.646,0.0,0.123,0.209,0.395,0.069
kin_test_track_a_00588,"undi yagize ati “namenye ko umwami yagiraga inzu zigera kuri 16 zikorerwamo ibintu bitandukanye zirimo inzu y’inzoga n’inzu y’amata, inzu y’abana n’inzu ye bwite n’ibindi bitandukanye.",none,sadness,0.058,0.0,0.059,0.598,0.463,0.218
kin_test_track_a_00590,noneho ikibabaje n’ukuntu azinduka n’imituna ishoka ku maso nkaho aba mu ishamba.,disgust,sadness,0.176,0.101,0.096,0.026,0.849,0.1
kin_test_track_a_00598,"ambasaderi w’u rwanda mu bwami bwa eswatini, claude nikobisanzwe yashimiye ingabo zari iza rpa zari ziyobowe na perezida paul kagame, zabohoye u rwanda zikanahagarika jenoside yakorewe abatutsi mu 1994, ubu igihugu kikaba gituwe n’abaturage bunze ubumwe.",joy,sadness,0.084,0.0,0.041,0.573,0.59,0.113
kin_test_track_a_00600,ni indirimbo weasel yanashyizemo ijambo ry’ikinyarwanda avuga ati ‘ndagukumbuye’ yibutsa teta sandra ko amukumbuye.,joy,none,0.097,0.0,0.041,0.478,0.258,0.346
kin_test_track_a_00601,bavuga ko umutangabuhamya mu rubanza yayobeje abacamanza avuga ko ataramenya neza niba azasaba indishyi z’amafaranga.,sadness,anger+sadness,0.456,0.001,0.374,0.051,0.529,0.245
kin_test_track_a_00602,"umuryango @<username> twifatanije n'urwanda mukubungabunga uburenganzira #bw'umwana himakazwa kumva ibitekerezo bye, @<username> @<username> @<username> namwe mwese! birabareba &amp; mwiteho nkuwawe ##url##",joy,none,0.376,0.0,0.045,0.585,0.197,0.062
kin_test_track_a_00603,"@<username> bibiliya irakureba nawe, yubahe unayikurikize kugira ngo uzaramire mu gihugu uwiteka imana yawe iguha",none,anger,0.705,0.001,0.121,0.278,0.295,0.108
kin_test_track_a_00604,@<username> @<username> @<username> utarumva umwana asuhuza se amuhereza ingumi ati gongaho gee😁,none,anger+sadness,0.697,0.001,0.075,0.043,0.576,0.02
kin_test_track_a_00607,@<username> ikindi knd tugomb kwibukirany nuko isutiye ikunaniye kuyifungur uyinyuz hejuru nkama lunettes 👓 murakoze murakarama,none,anger,0.811,0.0,0.258,0.17,0.358,0.196
kin_test_track_a_00609,"mu matariki 10 uku kwezi, ibitangazamakuru bitandukanye ku isi byatangiye kunuganuga ko rihanna, yaba yarabyaye ariko bifatwa nk’ibihuha kuko benshi ntibavugaga igitsina yibarutse cyangwa se amazina y’umwana cyangwa se ibindi byagaragaza ko koko haba hari abafite amakuru y’impamo.",none,sadness,0.357,0.001,0.303,0.056,0.663,0.223
kin_test_track_a_00610,yapfuye atabaye umwami.,sadness,disgust+sadness,0.079,0.912,0.031,0.067,0.75,0.13
kin_test_track_a_00612,yakomeje avuga ko uyu muryango bawohereje kuri rib ya kimisagara kugira ngo utazicana anashimangira ko uwo mugore wakabiri nawe yamaze kuva muri urwo rugo.,fear+sadness,sadness,0.268,0.0,0.282,0.068,0.707,0.261
kin_test_track_a_00614,"muri rusange ibintu biba ari byiza.""",joy,none,0.328,0.372,0.185,0.151,0.307,0.17
kin_test_track_a_00615,@<username> hari umwana utaha iwabo uherutse kuntira ghetto ngo umwana azamusura ndanga ##url##,none,anger,0.421,0.0,0.055,0.558,0.365,0.059
kin_test_track_a_00617,@<username> ntago ubeshye rwose ni indamutsa @<username> arakaguhama wamfura we,joy,anger,0.437,0.002,0.082,0.227,0.357,0.053
kin_test_track_a_00619,twatunguwe no gusanga imitungo yose yarayiyanditseho tutabizi nk’abanyamuryango ba koperative.,surprise,sadness,0.34,0.015,0.249,0.122,0.475,0.26
kin_test_track_a_00620,"yakomeje abwira uyu muntu ko yizera ko nyuma y’ibi ameze neza kandi amusezeranya ko uwamwibasiye agiye kumukumira akanamukomanyiriza kuri instagram, kuko atakwihanganira imyitwarire nk’iyo yagaragaje.",anger,anger+fear+sadness,0.471,0.001,0.483,0.109,0.532,0.511
kin_test_track_a_00623,sano ati “tumaze imyaka myinshi tuvuga ngo impanuka zigabanuke ariko birashoboka.”,none,sadness,0.148,0.007,0.181,0.393,0.598,0.113
kin_test_track_a_00624,"kugeza ubu ibinyabiziga n’abantu baca mu mazi, bikaba ingorane mu gihe cy’imvura kuko hari n’abo bisaba kurara hakurya iyo basanze umugezi wuzuye.",sadness,fear+sadness,0.039,0.003,0.498,0.031,0.834,0.015
kin_test_track_a_00625,"ba nyiribikamyo: banyonzi, birabujijwe gufata ku modoka kuko biteza impanuka. abanyonzi: ##url##",fear,sadness,0.082,0.0,0.339,0.275,0.678,0.014
kin_test_track_a_00629,"“ikindi cyabayeho ni ibibazo bya ‘company’ mu gusoza igice cya mbere cya shampiyona, kubera kutabyumva hazamo intege nkeya mu buyobozi.”",sadness,fear,0.328,0.001,0.416,0.24,0.381,0.365
kin_test_track_a_00630,nizere ko babantu bafashaga mama kumfata agiye kunkubita ubu bakora muri cia na fbi😭😭 ibigome gusa😩,anger,anger+sadness,0.523,0.002,0.115,0.037,0.463,0.376
kin_test_track_a_00632,"ibibazo mu gutwara abantu mu mujyi wa kigali bikunze kugarukwaho kenshi mu bitangazamakuru, aho abagenzi bagaragaza ko bamara umwanya munini bategereje imodoka bikabagiraho ingaruka zitandukanye.",sadness,fear+sadness,0.087,0.0,0.823,0.06,0.776,0.04
kin_test_track_a_00634,ya allah shyira baraka mubyo uy'umwana akora🤲🤲🤲🤲,none,sadness,0.153,0.395,0.164,0.075,0.54,0.022
kin_test_track_a_00635,cyakoza harinabantu badakunda bagenzi bababo reba ukuntu uyumushinwa akubita umunyarwanda mugenziwe areba rukara yari intwari peee ##url##,anger+sadness,sadness,0.27,0.001,0.055,0.2,0.71,0.065
kin_test_track_a_00636,"@<username> @<username> @<username> ntabwo ndubaka ariko ndumva imvune z’umubyeyi n’inshingano zo kurinda ubuzima bw’umwana, nkurikije ibyo uvuga @<username> .",sadness,none,0.337,0.0,0.125,0.558,0.32,0.025
kin_test_track_a_00637,sister umuhungu nakubwira ngo ukuremo inda uzayibyare umushyire umwana amwiyicire mu nda yawe si mwirimbi😔😔😒,anger,sadness,0.117,0.058,0.198,0.008,0.65,0.081
kin_test_track_a_00638,"aba bana bombi barangana bose bafite amazi icyenda, gusa uko mbibona uyumwana w'inka ntiyoroshye 🤣🤣🤣 ##url##",none,anger+sadness,0.487,0.0,0.069,0.068,0.682,0.029
kin_test_track_a_00639,nibura abagabo bagera kuri 32 ngo bandikiye urwego rushinzwe abinjira n’abasohoka basaba ko pasiporo z’abana ziteshwa agaciro nyuma yo gusanga nta sano y’amaraso bafitanye nk’uko babitekerezaga.,none,sadness,0.352,0.0,0.269,0.05,0.703,0.18
kin_test_track_a_00642,ibi ni byo bituma mvuga ko twiteguye neza.”,joy,none,0.392,0.032,0.293,0.213,0.308,0.166
kin_test_track_a_00646,mu cyumweru cyabanjirije igishize ni bwo davis d yagaragaraye yambaye inkweto za big red boots zigezweho mu ruganda rw’imideli.,none,surprise,0.038,0.001,0.039,0.548,0.151,0.736
kin_test_track_a_00650,ndetse mwarakoze nk’u rwanda.”,joy,none,0.255,0.02,0.128,0.523,0.246,0.139
kin_test_track_a_00652,ark c musore ni gute uteka igikoma cyakubunnye cyamara gushya aho kugishyira muri teremusi ukakimena hasi koko🙄🙄🙄,anger+sadness,anger,0.776,0.007,0.14,0.017,0.382,0.391
kin_test_track_a_00653,"umukuru w’igihugu yavuze ko nubwo bimeze bityo, usanga hakiri icyuho mu bijyanye n’ubutabera buhabwa abagore ndetse no kuba benshi bakiri mu mirimo itanditse cyangwa itinjiza amafaranga ugereranyije n’abagabo.",sadness,fear,0.387,0.0,0.572,0.07,0.42,0.217
kin_test_track_a_00656,@<username> hanyuma ngo urubyiruko twiteze imbere kd aribo badusubiza inyuma🙄🙄 this country☹️😐,anger,none,0.378,0.0,0.042,0.472,0.319,0.045
kin_test_track_a_00657,icyo gihe umutwe w’umurangangoma w’ingoma ye wari ingabo zitwaga “abaganda”.,none,sadness,0.251,0.005,0.097,0.156,0.602,0.275
kin_test_track_a_00658,julienne uwacu wayoboraga @<username> iheruka guseswa yahawe umwanya muri minisiteri y’ubumwe bw’abanyarwanda n’inshingano mboneragihugu nk’umuyobozi nshingwabikorwa w’ishami rishinzwe ukwiyubaka kw’umuryango. #rwanda @<username> ##url##,none,joy,0.045,0.0,0.026,0.935,0.09,0.02
kin_test_track_a_00659,uyu munsi ninde wakubeshye nturabukwe? cyangwa umunsi wo kubeshya waribagiranye!,none,anger,0.633,0.151,0.14,0.04,0.198,0.316
kin_test_track_a_00660,@<username> ni hahandi bavuga ko abapfa bazakomeza bagapfa😭😭😭,sadness,anger+sadness,0.654,0.001,0.098,0.012,0.586,0.047
kin_test_track_a_00661,"biden yavuze ko yanze ibyo perezida putin yasabaga mbere y’uko intambara itangira, by’uko ukraine itakwemererwa kwinjira muri nato, avuga ko uyu muryango ufunguye kuri buri wese.",anger,anger+fear+sadness,0.481,0.001,0.535,0.091,0.522,0.551
kin_test_track_a_00662,"uyu mugore abibwira undi uri mu bamukurikiye, akamusezeranya ubufasha ndetse akamubwira ati “reka kuri iyi nshuro, ntituze kureka ngo ibi bintu birangire gutyo gusa.’’",none,anger+sadness,0.414,0.002,0.2,0.208,0.535,0.211
kin_test_track_a_00664,munyumvire abase biyemeje icyaha batakoze kandi banasjija banahamya abandi icyaha bataranabaho. ibi nabyo ni icyaha ubwabyo bakoze. ##url##,surprise,anger,0.71,0.001,0.186,0.075,0.411,0.056
kin_test_track_a_00665,@<username> bisanzwe bizwi nubundi ko ferwafa ikora nabi wagira ngoyo na reb biba biri kurushanwa,anger+sadness,anger,0.723,0.0,0.144,0.09,0.363,0.065
kin_test_track_a_00667,@<username> @<username> kowagira ngo urumuhungu cg ubavukamo urumwe🤔😂😂 nibyo iyo ukabije 3 iya gatatu niyo kugutabara imvura yaguye😂😂,none,anger+sadness,0.666,0.0,0.069,0.008,0.538,0.07
kin_test_track_a_00668,akarere ka @<username> umurenge #tumba akagari ka #gitwa umudugudu #berwa habaye kwangirika kw'itiyo y'amazi bityo amazi ari kumeneka ku buryo bukabije. @<username> @<username> #tabara ##url##,fear,sadness,0.038,0.0,0.153,0.33,0.847,0.003
kin_test_track_a_00669,@<username> mhn nakarye nyina nnx azi amafranga zitwara ngo maze numwanda 🧐🧐 mureke wne,anger,anger+sadness,0.813,0.001,0.159,0.179,0.522,0.083
kin_test_track_a_00671,@<username> abantu batukana baba bagaragaza intege nke muguhangana kuko umuntu ntiyemezw ningano yibitutsi wamututse ndabashimiye,none,anger,0.786,0.0,0.3,0.179,0.451,0.05
kin_test_track_a_00674,harigihe wibwira ko uri gutwika nyamara uri gushiririza 💀,anger,sadness,0.39,0.21,0.162,0.022,0.463,0.193
kin_test_track_a_00675,"miss wumuhanda kombona amsind muyamurindimuriyeho noneho umwana bamubwiye ko azi kwiruka arenga iwabo , kuvaryari sowanyu wowe yayoboye inama sha 🙄🙄 ##url##",anger,none,0.405,0.0,0.036,0.269,0.432,0.074
kin_test_track_a_00676,"iyi minisiteri itangaza ko mu gihe icyorezo cya covid-19 cyagenza make, icyizere cyo kuramba kizongera kuzamuka.",none,fear,0.153,0.0,0.757,0.345,0.373,0.19
kin_test_track_a_00677,"birasa n’aho abaturage bo muri ibyo bihugu banyuze muri byinshi kubera u bufaransa, magingo aya bakaba bashaka kubwigobotora bubi na bwiza.",anger,sadness,0.29,0.001,0.356,0.216,0.585,0.215
kin_test_track_a_00678,"mu rwanda, urumogi rushyirwa mu cyiciro cy’ibiyobyabwenge bihambaye, aho umuntu wese uhamijwe n’urukiko gukora, guhinga, guhindura, gutunda, kubika, guha undi, cyangwa kurugurisha mu gihugu, ahanishwa igifungo cya burundu n’ihazabu y’amafaranga y’u rwanda arenze miliyoni 20 ariko atarenze miliyoni 30.",surprise,none,0.072,0.0,0.081,0.287,0.43,0.23
kin_test_track_a_00681,@<username> @<username> nonese ko nawe ariho arira urumva yavuga nabi uwo bahuje umwuga,anger,anger+sadness,0.653,0.001,0.053,0.035,0.555,0.027
kin_test_track_a_00683,"@<username> banza wige kwandika wa kabwa we, mbere y'uko wadukira abo utabasha no gufungura udushumi tw'inkweto zabo.",anger,none,0.358,0.0,0.078,0.196,0.241,0.212
kin_test_track_a_00684,@<username> @<username> mujye mucisha make daa kuk ni 🔥,none,anger,0.556,0.001,0.089,0.256,0.298,0.044
kin_test_track_a_00685,yavuze ko uretse ko kwangiza ibidukikije ari n’icyaha ngo ubikora aba atifuriza ineza abaturage kuko ngo aba ashaka ko imvura ibura burundu.,anger,anger+fear+sadness,0.469,0.002,0.58,0.043,0.595,0.075
kin_test_track_a_00687,"bitunguranye kuri ako gace yahasanze abandi bagabo batatu bose bategereza ko ubwo bwato buhaguruka, ariko ngo yari afite ubwoba ko abo bantu bashya bahuye bashoboraga kumwica cyangwa bakamusunika mu mazi.",fear,sadness,0.065,0.001,0.33,0.024,0.92,0.032
kin_test_track_a_00688,birasa n’ibigamije guca intege abandi ngo bataza kuko hari igihano gikomeye kibategereje.,none,sadness,0.313,0.015,0.258,0.044,0.579,0.314
kin_test_track_a_00691,@<username> @<username> @<username> @<username> @<username> @<username> @<username> @<username> @<username> @<username> uyu mugore ni umugome bikabije. ni ishitani neza neza! @<username> rwose mudufashe uyu mugore ahanwe by’intangarugero!!,anger,none,0.366,0.0,0.06,0.389,0.412,0.054
kin_test_track_a_00692,"@<username> @<username> @<username> @<username> @<username> @<username> @<username> @<username> @<username> @<username> @<username> , humura grand frere. turi kumwe. amahoro asagambe muri wowe no mu bawe. rwose humura.",none,joy,0.109,0.0,0.017,0.822,0.17,0.056
kin_test_track_a_00693,reba iyo photo? mu bigogwe ni hamwe mu hantu ha mbere haba amafoto meza muri iki gihugu ##url##,joy,none,0.099,0.001,0.048,0.669,0.123,0.072
kin_test_track_a_00694,ati “kenshi usanga imishinga idindira kubera ko inyigo zitaba zarakozwe ngo zirangire cyangwa umuntu udafite ubumenyi ari we wakoze ibarura no kugena ibiciro wagera aho ugiye kubaka ukibaza niba ibyanditswe mu mpapuro ari ibizakoreshwa aho bikakuyobera.,sadness,anger,0.515,0.002,0.378,0.058,0.315,0.179
kin_test_track_a_00695,"ni ku nshuro ya mbere, ikipe y’igihugu ya leta zunze ubumwe za amerika isezererwa mu gikombe cy’isi itageze muri ½.",surprise,none,0.06,0.0,0.075,0.531,0.126,0.513
kin_test_track_a_00696,amakuru avuga ko sam asghari yakomeje kwihanganira ibyabaga mu rugo rwabo ariko ibintu bikaba byarabaye bibi ubwo britney yatahurwagaho guca inyuma uyu wari umugabo we.,sadness,fear+sadness,0.34,0.002,0.499,0.019,0.788,0.216
kin_test_track_a_00698,@<username> @<username> @<username> karumye? 😂😂😂😂 niyompamvu njye mukangurira kwibwirira ikimama cyibizi (amazi) byinshi mumubili cya @<username> 😂😂😂😂😂,sadness,anger,0.831,0.0,0.046,0.012,0.254,0.143
kin_test_track_a_00699,"muri ayo majwi yabonywe bwa mbere na cnn, cbs na bbc, trump yumvikana asa nk’urambura izo nyandiko nka kumwe umuntu aba ari gusoma igitabo agahindura ipaji imwe ajya ku yindi, akagera aho avuga ati “izi zo zirimo amakuru y’ibanga akomeye.”",none,anger+sadness,0.411,0.0,0.281,0.14,0.466,0.364
kin_test_track_a_00700,"madam wanjye bamwoherereje message ngo """"ya ngurube nigenda umbwire"""" kdi ntatungo tworoye😭😭😭 @<username> @<username> @<username> @<username>",sadness,none,0.355,0.0,0.047,0.108,0.264,0.094
kin_test_track_a_00701,@<username> uyumugabo yanijajara byo reka hashye mazurebe ngo harashya byanyabyo noneho nurwanda maze rurahita rwisubiza ibyo rwaskwe,none,anger,0.79,0.001,0.158,0.121,0.414,0.062
kin_test_track_a_00702,"@<username> wapi ntabwo byoroshye, buriya ari wowe upfukamye, wakumva ko ari fight koko.",sadness,anger,0.787,0.001,0.158,0.079,0.364,0.052
kin_test_track_a_00704,‘goodlife health & beauty pharmacy’ ni farumasi yiyemeje kwita ku byo buri munyarwanda wese akeneye bijyanye n’ubuzima n’imibereho myiza.,none,joy,0.027,0.0,0.028,0.936,0.102,0.042
kin_test_track_a_00707,"*murakaza neza mu materaniro adasanzwe y’uyu munsi uramenya imirimo16 y’akamere n’imbuto9 z’umwuka.* @<username> kicukiro, kigali, rwanda ##url##",none,joy,0.19,0.0,0.043,0.738,0.146,0.079
kin_test_track_a_00710,@<username> aka ka kane ushyizemo niko kabi urankomerekeje ubyumve. niwumva ufite ubumuntu unsabe imbabazi rwox,sadness,anger,0.641,0.002,0.087,0.227,0.326,0.035
kin_test_track_a_00713,"radio okapi yatangaje ko fayulu yasabye amahanga kumushyigikira, ntazigere yohereza indorerezi muri aya matora mu rwego rwo gushyigikira demokarasi n’uburenganzira bwa muntu.",anger,none,0.407,0.0,0.38,0.141,0.36,0.323
kin_test_track_a_00716,"uyu mukinnyi yavuze ko biramutse bibaye, byaba ari inzozi zibaye impamo.",none,anger+fear,0.455,0.009,0.476,0.067,0.423,0.293
kin_test_track_a_00717,gifite mukanwa hanuka nk‘imbwa yaboreye mu mazi.,anger+disgust,disgust,0.08,0.99,0.048,0.068,0.264,0.053
kin_test_track_a_00718,"mu kumenya ukuri kw’aya makuru, igihe yavuhanye n’umuyobozi ushinzwe ibijyanye n’ubutegetsi muri kaminuza y’u rwanda ishami rya nyarugenge, nkuranga jean pierre, avuga ko ibyo byumba byuzuye ndetse bitangira gukoreshwa muri uyu mwaka w’amashuri.",none,fear+sadness,0.154,0.0,0.403,0.152,0.487,0.295
kin_test_track_a_00722,"yagaragaje ko kuba kabuga yari yarakorewe dosiye ajya no gushakishwa ndetse akaba yari yamaze guhakana icyaha, icyari gukurikiraho ari ukuburanishwa nta zindi mpaka.",none,sadness,0.282,0.0,0.315,0.047,0.849,0.147
kin_test_track_a_00723,ati “ingorane zo ni nyinshi hari ubwo bamfata bakabinyambura nkongera ngatangira bundi bushya gusa birantunze kuko abana bararya nkanishyura inzu.,sadness,fear+sadness,0.395,0.001,0.53,0.094,0.64,0.23
kin_test_track_a_00725,💐💐💐 mwakire izi ndabyo n'iyi ndirimbo n'ibyanyu. turababaye no kuvuga bamwe biragoye. gusa ikivi cyanyu tuzacyusa nicyo twabizeza. #kwibuka27 #genocideagainsttutsi #neveragain ##url##,sadness,anger,0.542,0.0,0.119,0.503,0.216,0.088
kin_test_track_a_00726,avuka mu bakobwa batanu.,none,sadness,0.062,0.528,0.076,0.292,0.533,0.229
kin_test_track_a_00729,ni nde wo kubibazwa?,none,anger+disgust,0.594,0.667,0.094,0.021,0.105,0.28
kin_test_track_a_00730,"iyo bitaba amahirwe n’umunyezamu pavelh ndzila werekanye ko ari ku rundi rwego, iyi kipe y’ingabo yashobora kwinjizwa ibitego bitatu aho mukura vs yayisatiriye bikomeye mu minota 45 ibanza.",none,surprise,0.066,0.0,0.142,0.269,0.422,0.608
kin_test_track_a_00732,hari abatawe muri yombi bari kubazwa barimo n’umugabo we kuko ni we muntu uzwi bari bafitanye amakimbirane.”,none,sadness,0.078,0.0,0.139,0.028,0.975,0.083
kin_test_track_a_00733,"guhera mu mpera z’icyumweru gishize, hari inyandiko yakwirakwijwe ku mbuga nkoranyambaga, bigaragara ko ari paji imwe yafotowe ikuwe muri raporo nini.",fear,none,0.084,0.001,0.121,0.408,0.342,0.423
kin_test_track_a_00737,"mazimpaka arnold wamamaye nka sintex, mukunzi vivens usanzwe akinira gorilla fc, ndikumana yvan uzwi nka navy amaru akaba umuhanzi w’i burundi batawe muri yombi bakurikiranyweho kunywa ibiyobyabwenge.",sadness,none,0.025,0.0,0.013,0.166,0.376,0.227
kin_test_track_a_00738,@<username> nukuri darla iyo utaywa inzoga ntabwo biba byabaye....,sadness,anger,0.626,0.003,0.115,0.07,0.447,0.026
kin_test_track_a_00739,reba aya macandwe wujuje aha,anger+disgust,disgust,0.299,0.943,0.066,0.057,0.126,0.189
kin_test_track_a_00740,karye amazirantoki,disgust,anger+disgust,0.479,0.911,0.181,0.154,0.184,0.198
kin_test_track_a_00742,@<username> ikibazo ni umuriro waho😂😂😂💀!,sadness,anger,0.666,0.003,0.053,0.012,0.333,0.053
kin_test_track_a_00743,@<username> mwiriwe neza ndimuhanga mumurenge wa rugendabari nibyiza kuba barimo gukingirwa kandi nubwo bari gukingirwa dukomeze gukaza ingamba ntakudohoka,joy,none,0.181,0.0,0.235,0.664,0.264,0.01
kin_test_track_a_00744,"abarwanyi ba wagner bazwi nk’abacanshuro, bamaze gukorera ibikorwa bya gisirikare mu bihugu bya afurika ndetse no muri syria, aho bivugwa ko barwanye bikomeye n’ingabo za leta zunze ubumwe za amerika mu 2018.",none,sadness,0.15,0.0,0.197,0.168,0.533,0.322
kin_test_track_a_00745,muhazi united na yo yatangiye guhusha uburyo bukomeye ariko abakinnyi bayo bagera imbere y’izamu bagakina nabi amahirwe bakayatakaza.,sadness,joy,0.034,0.0,0.032,0.729,0.305,0.256
kin_test_track_a_00747,"wowe wahoze uri urubavu rwanjye, none warusize rurangaye 🎶 ##url##",sadness,anger,0.516,0.02,0.102,0.2,0.247,0.107
kin_test_track_a_00748,@<username> urakoze cyane nawe umunsi mwiza 🥰,joy,none,0.148,0.005,0.016,0.629,0.107,0.032
kin_test_track_a_00749,"niba wumva ko bf atazi maths, uzambwire ngo """"bae, i'm pregnant"""" 😂",none,anger,0.67,0.001,0.093,0.017,0.243,0.457
kin_test_track_a_00750,"ibi bije mu gihe batiri z’imodoka zikoresha amashanyarazi i burayi usanga iyo ubushyuhe buhindaguritse bituma zitakaza ingufu, bigatuma umuriro ushiramo vuba.",sadness,fear+sadness,0.121,0.006,0.563,0.134,0.469,0.106
kin_test_track_a_00751,uyu mugore usanzwe akora mu kagari ka tetero mu murenge wa muhima amakuru avuga ko intandaro yo kugira ngo atere icyuma n’icupa mu mutwe uwo mugabo ari uko yasohotse mu nzu bari barimo yiruka kandi atamwishyuye amafaranga bari bumvikanye.,anger+sadness,sadness,0.065,0.0,0.318,0.092,0.916,0.112
kin_test_track_a_00752,"nyina yasaga nk’ufite ikimwaro, yateraga ubwoba uwageragezaga kujyana uwo mwana w’umuhungu ku bitaro.",none,sadness,0.049,0.001,0.246,0.035,0.971,0.039
kin_test_track_a_00755,"mu gihe kunyuza imipira hagati byasaga n’ibyanze ndetse ukabona ko shaiboub ali akina afasha ab’inyuma ye kurusha uko ajya imbere, impande za apr fc zanyuragaho ruboneka bosco, apam bemol na ba myugariro ishimwe christian na omborenga fitina, na zo zagowe no kugeza imipira kuri rutahizamu mbaoma.",none,surprise,0.06,0.0,0.04,0.297,0.26,0.655
kin_test_track_a_00756,iyo wateraga akajisho ku bitabiriye wabonaga ko bamwe batashye badashize ipfa.,sadness,none,0.18,0.299,0.052,0.148,0.361,0.058
kin_test_track_a_00757,@<username> humura. ibyiza biri imbere. kandi amahoro aganze kuri wowe.,none,joy,0.115,0.0,0.028,0.879,0.126,0.024
kin_test_track_a_00759,ni uburyo bwubakiwe kugenzura no gucunga umutekano w’ikinyabiziga ndetse n’ugitwaye aho ishobora kubona ko hashobora kuba impanuka maze igahita ifata feri byihuse kuburyo bishobora kuyirinda cyangwa bikagabanya ibyago byayo.,joy,fear,0.053,0.001,0.845,0.04,0.419,0.01
kin_test_track_a_00763,"yagize ati “ubuyobozi bugomba gukora inshingano zabwo bugashaka amafaranga buhemba kuko ni uburenganzira bw’abakinnyi, ariko nawe agomba gukora akazi.”",anger,anger+fear,0.53,0.001,0.411,0.332,0.38,0.151
kin_test_track_a_00764,uretse mu ikinamico wari wabona ahandi hanu umukobwa yanze umusore wumukire agasanga uwumukene 😒😒,anger,sadness,0.179,0.104,0.332,0.013,0.704,0.043
kin_test_track_a_00765,@<username> nyihera follow back unansobanurire ubusobanuro bwa troll bukwapplyingaho naho kwishima byo ntabyo tuzashira agahinda nitugera kwa nyagasani umugani w'abacatholique ##url##,sadness,anger,0.737,0.0,0.094,0.323,0.322,0.044
kin_test_track_a_00768,ntibisanzwe! abagabo bafashwe n’irari bafatira ku ngufu abagore mu rusengero pasteri areba. nawe ushake amafoto😂😂😂 ##url##,sadness+surprise,anger+sadness,0.473,0.0,0.028,0.01,0.831,0.115
kin_test_track_a_00769,"yagize iti “intare nshya mu nzu, @<username>",none,joy,0.11,0.0,0.059,0.726,0.175,0.096
kin_test_track_a_00770,"ati ""umugore yahaye amakuru inzego z’umutekano agaragaza ko muri icyo kigo hari gutangwamo serivisi zishingiye ku butinganyi.",sadness,anger,0.495,0.002,0.368,0.206,0.455,0.149
kin_test_track_a_00772,iminsi ibaye itatu yikurikiranya u burusiya bwongeye kugaba ibitero bikomeye ku murwa mukuru wa ukraine kyiv no mu bice bitandukanye by’igihugu.,none,sadness,0.05,0.0,0.169,0.344,0.683,0.284
kin_test_track_a_00774,@<username> nkunda ko yumva abacuye bugufi akumva ibitekerezo byabo mbese afite impano yiharuye,joy,anger,0.63,0.0,0.091,0.279,0.258,0.116
kin_test_track_a_00775,iyo bingezeho birambabaza cyane.,sadness,disgust,0.23,0.947,0.083,0.158,0.232,0.215
kin_test_track_a_00776,@<username> biriya yakoze byo gukubita umwari kuriya kabone nubwo yaba yanyweye izingana gute akabura ubwishyu ni amahano,sadness,anger,0.761,0.0,0.201,0.015,0.42,0.081
kin_test_track_a_00777,@<username> @<username> @<username> mwakoze kandi mukomereze aho #tujyanemo,joy,anger,0.426,0.002,0.06,0.386,0.229,0.021
kin_test_track_a_00778,muri #centreafrica ibibanza biri kugura makeya. gusa n'akabanga mbibiye...😎,surprise,none,0.294,0.012,0.231,0.199,0.38,0.447
kin_test_track_a_00779,@<username> reba icyana hasi sha nkujyane nawe x,none,anger,0.47,0.01,0.075,0.084,0.322,0.04
kin_test_track_a_00781,"hari abagize ngo ibuye ryagaragaye ntiriba ricyishe isuka, ku buryo abakinnyi b’amavubi bagombaga guserukana imyenda mishya nk’uko byari byavuzwe ko bayihabwa.",none,sadness,0.145,0.002,0.097,0.214,0.596,0.32
kin_test_track_a_00784,umwe mu baturage wanze ko amazina ye atangazwa yagize ati “umva abajura batumereye nabi bakubita abantu bakabakomeretsa noneho ubu baduye ingeso yo kukwiba n’imyenda wambaye ugasigara wambaye ubusa.”,fear+sadness,anger+sadness,0.544,0.001,0.268,0.023,0.585,0.296
kin_test_track_a_00786,"ahantu honyine guterres avuga u rwanda, ni aho agaragaza ko umubano warwo na congo wazambye nyuma y’uko m23 itangije intambara.",surprise,sadness,0.243,0.001,0.305,0.222,0.498,0.124
kin_test_track_a_00787,"kuri ubu ibihugu byombi bifitanye umubano mu nzego zirimo uburezi, ubuhinzi, ikoranabuhanga, umutekano, ubuzima n’ibindi bitandukanye.",joy,none,0.163,0.0,0.233,0.616,0.3,0.038
kin_test_track_a_00788,"seville ikimara gutsindwa, abakinnyi bayo bashyushye mu mutwe, byavuyemo guhabwa ikarita y’umuhondo ya and rafa mil wari ku ntebe y’abasimbura.",sadness,surprise,0.054,0.001,0.062,0.42,0.394,0.577
kin_test_track_a_00789,"@<username> ikiganiro cyiza. usibye no kuba abo baba babizi, hari n'ubwo abo wizeraga baba ari bo bamusambanya. ni hatari.",sadness,anger+sadness,0.498,0.0,0.081,0.271,0.474,0.09
kin_test_track_a_00791,nyuma yo kugobokwa n’abagiraneza uyu muhanzi yahise agaruka ku mbuga nkoranyambaga atangiza ubukangurambaga bwo gukusanya inkunga yo kuvuza umubyeyi we.,joy+sadness,sadness,0.04,0.001,0.05,0.644,0.534,0.088
kin_test_track_a_00792,@<username> @<username> @<username> nibyiza kuba aho imusanze barihuje bagafatanya kandi nibyiza kuba inkingo zirimo kugera henshi,joy,none,0.271,0.0,0.172,0.494,0.301,0.038
kin_test_track_a_00793,mutsobanurire pe ubanze icyongereza cyanjye ari hafi yantacyo. johnson&amp;johnson c na rwo ni swarara ##url##,none,anger,0.433,0.0,0.146,0.453,0.15,0.176
kin_test_track_a_00796,imvura yejo yaguye kuva (6:00pm-2:09am) aho itaguye mumenyeko hagiye kuba ubutayu 😂,none,sadness,0.109,0.001,0.069,0.032,0.757,0.339
kin_test_track_a_00798,ntugate umwanya wae wigisha cg uhanura udashaka guhinduka ... kuko ntibishoboka ko wahindura umuntu mudahuje imico😔,none,anger,0.553,0.017,0.158,0.005,0.198,0.537
kin_test_track_a_00800,ati “nahuye n’impunzi zo mu bihugu byinshi zishima cyane ubufasha u rwanda rwazihaye.,joy,none,0.128,0.001,0.24,0.576,0.415,0.127
kin_test_track_a_00801,ati “ubwo rero turakeka ko impamvu bihekuye ari ubushobozi buke bwo gutunga abo bana nubwo bidakwiye na gato.”,sadness,anger+fear+sadness,0.64,0.001,0.61,0.113,0.568,0.269
kin_test_track_a_00802,"🎸ubukene bw'amafaranga ntawe budashavuza. nyamara uzajye wibuka ko imana ariyo ibigaba. 📌rubanda ntibakakoshye, kubana biruta byose. ~makanyaga abdul",none,fear,0.41,0.001,0.42,0.103,0.423,0.305
kin_test_track_a_00803,"ati “kugira ngo impfu n’indwara zigabanuke ndetse havuke abana bazima, iyi ni yo ntego yacu.",fear+joy,fear+sadness,0.08,0.0,0.628,0.418,0.489,0.086
kin_test_track_a_00804,utabeshye murusengero bateretse imbere uduseke kamwe arako gushyiramo amaturo yo gushimira pasitoro akandi perezida akandi google...nakahe kakuzura mbere?,surprise,anger+surprise,0.47,0.003,0.075,0.032,0.182,0.58
kin_test_track_a_00805,ese ntagatsiko ka bagore cg abakobwa baba kire bagumiwe mwaba muzi ngo umuntu atagire abikundishweho?,none,anger,0.626,0.01,0.172,0.009,0.246,0.495
kin_test_track_a_00806,ibipimo ku bumwe n’ubwiyunge byerekana ko abanyarwanda 94% bumva neza ubumwe n’ubwiyunge ariko abagera kuri 27% bafite ibikomere bakomora ku mateka.,joy+sadness,none,0.129,0.0,0.194,0.441,0.432,0.112
kin_test_track_a_00807,"urupfu ruragapfa😭, uruhukire ijabiro kwa jambo💔. warakoze cyane ku bwa buri kimwe, nzagukumbura iteka ryose🙏. @<username> 👑 @<username> repubulika y'u rwanda ##url##",sadness,none,0.07,0.0,0.026,0.616,0.338,0.039
kin_test_track_a_00808,"yatanze urugero ku muhate w’inkotanyi zari zigizwe n’abana bato ziyobowe na perezida paul kagame zirokora abatutsi mu bice bitandukanye by’igihugu, asaba n’urubyiruko kwigira ku babohoye igihugu bakagira uruhare rutaziguye mu kubaka u rwanda.",joy,sadness,0.076,0.0,0.068,0.64,0.58,0.091
kin_test_track_a_00809,@<username> izo ziba ari likes za shitani n'abambari be🤣🤣🤣hamwe n'abuzuye irari,anger,anger+sadness,0.613,0.0,0.056,0.034,0.483,0.088
kin_test_track_a_00810,"ubushobozi bwawe ntibugaragarira mu ntege nye z'undi. aho kunenga gusa, wakora neza bakakwigiraho.",none,anger,0.411,0.065,0.226,0.161,0.336,0.164
kin_test_track_a_00811,"hari umwe mu bayobozi b’u rwanda wavuze ati ""aya masezerano mashya arerekana ko tshisekedi atarajwe ishinga no gushaka amahoro.",anger,none,0.408,0.001,0.253,0.196,0.382,0.23
kin_test_track_a_00813,gusa iyo bumaze gucya ubuzima buragaruka ukongera kubona umujyi kuzanzamuka.,none,disgust,0.154,0.802,0.192,0.081,0.351,0.112
kin_test_track_a_00814,waramutse rwanda ese namwe aho muri impeshyi yabatashyeho? mukomeze mugire umunsi mwiza wuzuye ubunyangamugayo no gukora cyane.,none,joy,0.082,0.004,0.019,0.854,0.054,0.046
kin_test_track_a_00815,bituma kandi abantu badahenda cyangwa ngo bahendwe cyane.”,none,anger,0.414,0.114,0.274,0.143,0.425,0.296
kin_test_track_a_00818,"@<username> @<username> @<username> oya nawe gabanya kumwubahuka dore ni ukuganira, mutavaho mufatana mu mashati bikarangira mubaye nka wa mudasso wasafarinze.",fear,anger+sadness,0.571,0.0,0.083,0.233,0.488,0.134
kin_test_track_a_00819,"@<username> uyumunsi turaba turikumwe saa 15:30 live ku izuba tv, ubwo gahunda niyayindi....... turikumwe na @<username> &amp; @<username> mix by @<username> 📸 by @<username> @<username> kigali, rwanda ##url##",none,joy,0.113,0.0,0.027,0.856,0.125,0.067
kin_test_track_a_00821,@<username> 🤣🤣🤣🤣🤣uwanditse iyi message nawe ni umu satanist,anger,none,0.401,0.008,0.044,0.144,0.245,0.076
kin_test_track_a_00824,@<username> harigihe utanga message ukagirango warebaga neza mu mutima w'umuntu! thanks so much @<username> for that tweet ❤️,joy+surprise,none,0.287,0.0,0.048,0.595,0.293,0.118
kin_test_track_a_00827,ishobora kuba yagira uruhare mu ididindira ry’ubwenge bigasaba kwitabwaho byihariye.,fear+sadness,fear,0.214,0.038,0.455,0.211,0.372,0.165
kin_test_track_a_00828,ubu bushakashatsi bwagaragaje ko sosiyete ikunze kwirengagiza uruhuri rw’ibibazo abagabo bahura na byo nyuma ya gatanya.,sadness,fear+sadness,0.264,0.001,0.677,0.066,0.498,0.292
kin_test_track_a_00830,"duhari kubwanyu nkigisubizo mubya mudasobwa ,wifuza kugura cyangwa gukoresha iyo usanganwe ifite ikibazo waduhamagara kuri : 0787548223. @<username> @<username> @<username> @<username> @<username> ##url##",joy,none,0.116,0.0,0.035,0.408,0.106,0.083
kin_test_track_a_00831,"uwoya n’umugabo we katauti bagiye bagirana ibibazo bikomeye birimo no gutandukana bakongera bagasubirana, gucana inyuma, kurwana , intonganya za hato na hato n’ibindi.",sadness,fear+sadness,0.049,0.001,0.435,0.032,0.873,0.015
kin_test_track_a_00833,allah akbar ya allah🙏 komeza unyongere kwihangana @<username> nyagatare ##url##,sadness,joy,0.219,0.0,0.033,0.753,0.147,0.04
kin_test_track_a_00835,@<username> @<username> iyo ni inzara yo mwishyamba ikuvugisha amangambure rwose. ngwino mu gihugu wigishwe ureke gutayanjwa!!,anger,anger+sadness,0.774,0.0,0.19,0.16,0.476,0.057
kin_test_track_a_00836,impungurabigombyi,none,disgust,0.369,0.766,0.266,0.333,0.334,0.343
kin_test_track_a_00837,kazenga ni we wabaye inkomoko y’agati bitaga “ingororero” kabaga gasatuye bakagashinga mu butaka bagashyira muri ubwo busate ikintu nk’isaro ryo kurushanyirizaho kumasha.,none,sadness,0.317,0.004,0.107,0.151,0.548,0.316
kin_test_track_a_00838,hakorwe iki koko ngo aho imyitwarire nk'iyi igaragara mu bana bacu icike? iyi video yashengura umutima w'umubyeyi😔 @<username> ##url##,fear+sadness,anger,0.419,0.0,0.136,0.262,0.271,0.064
kin_test_track_a_00839,manayange guhabwa follow na big fish bisigaye bintera ubwoba an following uyu munsi ejo akanjugunya brock,fear,none,0.295,0.001,0.16,0.251,0.431,0.251
kin_test_track_a_00845,"kuko sinumva ukuntu umuntu ukurusha byinshi byiza umwita umuswa kandi yarageze ku byo utarageraho, ushobora no kutazageraho.",anger,none,0.258,0.306,0.162,0.056,0.258,0.405
kin_test_track_a_00848,"yagize ati ""ubu mfite inzu byibuze ihagaze miliyoni 9 frw, nashatse umugore, mfite ingurube n’inkoko ndoroye, ubwo se navuga ko ntabayeho neza nshingiye ku iki?""",joy,none,0.302,0.003,0.139,0.141,0.349,0.39
kin_test_track_a_00850,@<username> karakemutse wanguriye byel mumisi mike ko ndakuzanira umukiriya,none,anger,0.63,0.001,0.142,0.133,0.323,0.069
kin_test_track_a_00851,icyakora guverineri yavuze ko atizeye neza ko ingabo zizakomeza kubahiriza ayo masezerano.,fear,anger+fear,0.55,0.002,0.52,0.071,0.32,0.178
kin_test_track_a_00855,"ibihugu birimo u butaliyani, espagne n’u bugereki byo byatangiye guhura n’ubu bushyuhe budasanzwe, aho nk’inzego z’ubuzima mu butaliyani zatanze integuza y’ubu bushyuhe mu mijyi 16 yabwo irimo roma, bologna ndetse na florence.",fear+sadness,fear,0.118,0.0,0.574,0.243,0.36,0.291
kin_test_track_a_00856,uyu mugabo avuga ko yagiye kwiga muri kaminuza bikamunanira kwiga kubera imyitwarire ye mibi ariko yishimira ko yaje gusubira mu rugo rwe nubwo rwari rwarasenyutse n’imitungo yose yaramaze kuyoboka.,joy+sadness,sadness,0.172,0.0,0.213,0.131,0.676,0.467
kin_test_track_a_00857,"nubwo hari icyizere ariko hari n’impungenge zishobora gushingira ku biza biheruka kwibasira intara y’iburengerazuba n’amajyaruguru, byangije umusaruro ku rwego rukomeye, abantu barenga 135 bakahasiga ubuzima.",fear,fear+sadness,0.043,0.0,0.915,0.08,0.706,0.036
kin_test_track_a_00858,ubundi rata @<username> biradukwiye rwose kubwira umubyeyi umugongo uduhetse iyo ndamukanyo waramutse #rwanda ##url##,joy,anger,0.661,0.001,0.102,0.342,0.295,0.054
kin_test_track_a_00859,"ati “nkurikije uko tuganira, icyizere kirahari cyo gutsinda.",none,anger,0.423,0.014,0.386,0.201,0.383,0.165
kin_test_track_a_00861,@<username> za nudes zanuza uzazima😂😭,none,anger,0.717,0.005,0.04,0.015,0.288,0.103
kin_test_track_a_00863,wa mugani nyamara @<username> uzi ubwenge urereunze 😂😂😂✌️✌️✌️✌️✌️✌️✌️✌️✌️😂😂😂😂🙌 ##url##,none,anger,0.711,0.0,0.027,0.035,0.219,0.056
kin_test_track_a_00864,uteye isesemi nk'ubukurugutwa bamennyemo amazi.,anger+disgust,disgust,0.103,0.993,0.053,0.028,0.154,0.076
kin_test_track_a_00867,@<username> ahubwo iyi kipe ko ishaka gukwepa final bite byayo😂😂. turabategereje pe,fear,anger,0.753,0.0,0.057,0.02,0.224,0.174
kin_test_track_a_00868,urwego rw’ubugenzacyaha ubu ruri mu butabera ntabwo tukiri mu mutekano.,none,fear,0.311,0.012,0.406,0.065,0.452,0.053
kin_test_track_a_00869,"ati “ni imbogamizi zishingiye ku mpamvu zitandukanye haba mu mategeko mu ngo zabo, kutagira uburyo babona igishoro n’ibindi.",sadness,anger+fear,0.457,0.001,0.468,0.261,0.382,0.158
kin_test_track_a_00872,"dore uburyo inkundo z'ubu zibeshya 🙈. baba bashaka amata gusa bagahita bigendera🏃, biratangaje🤸 🔥 ukore subscribe👇 ##url##",surprise,anger,0.701,0.001,0.054,0.312,0.247,0.049
kin_test_track_a_00873,ntakubeshye uranuka pe! ayo magaragamba si ay'abantu!,disgust,anger,0.519,0.067,0.178,0.062,0.325,0.321
kin_test_track_a_00876,imana ihe umugisha u rwanda.”,joy,none,0.209,0.007,0.103,0.631,0.264,0.095
kin_test_track_a_00878,"towari marie louise uhagarariye umuryango ufite inkomoko mu buyapani, npo think about education in rwanda’, yavuze ko bashyize imbaraga mu burezi ndetse harimo no kwigisha amahoro hagati y’u rwanda n’u buyapani kuko ibihugu byombi byanyuze mu mateka akomeye.",sadness,joy,0.022,0.0,0.028,0.887,0.104,0.061
kin_test_track_a_00879,"szwaczyk yavuze ko nubwo bemeye guhindura nimero y’umuhanda, ubu ikibazo bafite ari ukwakira ibirego by’abatarishimiye ko nimero yahindutse.",fear,anger+fear,0.419,0.001,0.481,0.049,0.446,0.455
kin_test_track_a_00881,nkanamuha andi mahirwe ariko biba iby’ubusa.’’,sadness,none,0.374,0.065,0.163,0.129,0.332,0.361
kin_test_track_a_00882,"igena yakomeje ati “kuko byaje kugaragazwa ko uzakora icyo kintu azagihanirwa mu buryo ubu n’ubu, byagiye birushaho koroshya.”",none,anger+fear,0.633,0.002,0.63,0.077,0.409,0.265
kin_test_track_a_00883,ufite umwuka nk'uwu muntu urwawe mburugu kbsa.,anger+disgust,disgust,0.345,0.933,0.087,0.014,0.161,0.14
kin_test_track_a_00885,@<username> @<username> nyamara iki kibazo kirabareba nubwo mukirengagiza,sadness,anger,0.613,0.001,0.146,0.114,0.431,0.016
kin_test_track_a_00886,perezida #kagame yahaye imbabazi abagore 10 bari bafungiwe gukuramo inda ##url##,joy,anger+sadness,0.66,0.001,0.086,0.201,0.567,0.051
kin_test_track_a_00888,ese kucyi abahungu bicyigihe basigaye bumva ko kuryamana aringombwa wamuhakanira mugahita mutandukana urwo nurukundo koko🙄🤔?,sadness,anger+surprise,0.714,0.002,0.186,0.005,0.287,0.673
kin_test_track_a_00891,ase ubu kavunumuheto biracyari igitutsi🤔😅,none,anger,0.531,0.148,0.094,0.029,0.2,0.214
kin_test_track_a_00892,nta muntu waremye undi.”,anger,anger+sadness,0.411,0.296,0.29,0.097,0.46,0.165
kin_test_track_a_00893,mfite ubwoba ko murugo nihafatwa ninkongi yumuriro nka vugango murugo harahiye 🔥 abantu bazansubiza ngo hadashya se 😭😤😭🔥🔥🔥🔥,fear,anger+sadness,0.457,0.005,0.119,0.034,0.478,0.206
kin_test_track_a_00894,"yagize ati “hamaze kuboneka imibiri ine, yabonetse ejo ku wa kabiri ariko igikorwa cyo kirakomeje cyo gushakisha indi.”",sadness,fear+sadness,0.039,0.0,0.461,0.323,0.879,0.091
kin_test_track_a_00895,"luka :6:47 umuntu wese uza aho ndi, akumva amagambo yanjye akayakomeza, ndabereka uko asa: dukunde ijambo ry lman kuko rirazura ##url##",none,anger,0.457,0.002,0.083,0.342,0.276,0.126
kin_test_track_a_00897,bimwe muri ibi byaha trump ashinjwa bimuhamye ashobora gufungwa.,fear,none,0.223,0.062,0.178,0.013,0.405,0.118
kin_test_track_a_00898,"umuyobozi wungirije ushinzwe imodoka zijya mu ntara muri volcano isingizwe eric, we avuga ko imodoka zitabuze ahubwo abagenzi babaye benshi kubera ko ari mu gihe cy’impeshyi.",none,sadness,0.054,0.0,0.304,0.186,0.694,0.155
kin_test_track_a_00899,avuga ata ibicandwe ku bantu ni cyo dupfa,disgust,sadness,0.294,0.538,0.238,0.071,0.503,0.169
kin_test_track_a_00900,ababonye ko wamwana womubakire arigukoresha computer ya nicole mumpe follow🤣🤣🤦 narumiwe @<username> @<username> @<username> ##url##,surprise,none,0.087,0.0,0.023,0.629,0.154,0.082
kin_test_track_a_00901,@<username> ushyireho ni zina ryawe ry' ukuri. ureke iryo watoraguye kuri iyi mihanda. nakuzaniye impano ndakubura bambwira ko batakuzi.,sadness,anger,0.688,0.0,0.145,0.188,0.396,0.083
kin_test_track_a_00903,"yagize ati “ ejo bundi nka saa mbili z’ijoro nibwo umugabo w’imyaka 63 yagiye ahantu anywa inzoga arasinda, atahana n’umugore wari inshoreke ye kuko si ubwa mbere bari batahanye.”",none,sadness,0.02,0.0,0.061,0.262,0.887,0.198
kin_test_track_a_00904,si ubwa mbere perezida wa gasogi united yavuze kuri ibi bibazo bihora bitangwa muri ferwafa ariko abasifuzi bakabyitambika ntibigire aho bigera kubera izindi nyungu bakuramo.,anger+sadness,none,0.334,0.0,0.233,0.073,0.42,0.356
kin_test_track_a_00906,"yagize ati “mucane amatara abantu bababone muri kure kubera ko umuhanda uba urimo abantu benshi, uba urimo imodoka harimo moto harimo amagare n’abanyamaguru, cana itara kugira ngo umuntu akubene ukiri kure.”",none,anger+fear+sadness,0.452,0.003,0.445,0.2,0.534,0.252
kin_test_track_a_00908,fally merci avuga ko mu rwanda hari ikibazo cy’uko atari ahantu henshi abana babona ho kwidagadurira.,sadness,none,0.15,0.0,0.125,0.597,0.341,0.324
kin_test_track_a_00909,@<username> @<username> ibaze nawe gutegereza ko umunyamerika ari we ukubwira ububi cg ubwiza bw'umuco wawe. ni cyo cyica abanyafurika.,anger+sadness,none,0.335,0.0,0.092,0.615,0.257,0.097
kin_test_track_a_00911,mwaramutse @<username> ese ejo hashize ko network zanyu zatumye mpomba ndetse nkashwana na benshi kubera ko ntahamagarwa murumva bishimishije? mwirirwe😫😩😩😫😩😩😫😩😩😩😩😫😩😩😩,anger+sadness,anger,0.77,0.0,0.32,0.121,0.308,0.044
kin_test_track_a_00913,@<username> ko atayafite cg bimubihira or bimubabaza,none,anger,0.602,0.003,0.101,0.072,0.208,0.11
kin_test_track_a_00914,"#kwibuka28 iy'imvura muyireke igwe kuko hari benshi yabereye ingabo aho bahigwaga bukware, mana warakoze kumanura imvura icyo gihe. 😢 ##url##",joy,sadness,0.081,0.0,0.105,0.214,0.874,0.023
kin_test_track_a_00916,"ati “dufite ikibazo cy’ibitambaro cyane, usanga amahitamo ahari atari menshi ari na cyo gituma hari ubwo bihenda kuko ibintu byose dukoresha biva hanze.”",sadness,anger+fear+sadness,0.578,0.006,0.566,0.108,0.476,0.221
kin_test_track_a_00918,aha hantu ni inde wahaneye?,disgust,anger+disgust,0.432,0.94,0.061,0.009,0.085,0.285
kin_test_track_a_00919,cyakoza abakire mubaho neza ibaze abantu bagire ubute bwo kujya kunnya hanze bakannya munzu 🤣🤣🤣🤣 murakaze #ntimumputaze nihitiraga🏃‍♂️🏃‍♂️🏃‍♂️🏃‍♂️🏃‍♂️🏃‍♂️🏃‍♂️,surprise,anger,0.491,0.004,0.021,0.042,0.332,0.101
kin_test_track_a_00923,@<username> @<username> gukubita umukobwa byo nta murava byagutera uri umusore. ni ugutera ingumi ikagenda muri rolanti yamugeraho ukicuza.,sadness,anger,0.648,0.0,0.239,0.095,0.442,0.069
kin_test_track_a_00926,"amashusho yagiye asakara agaragaza intwaro za ukraine zitwikwa n’ibisasu byo mu butaka bizwi nka ‘mine’ ndetse hari abasirikare ba ukraine baherutse gutangaza ko buri uko bigiye imbere ho metero ijana, batakaza abasirikare bane cyangwa batanu.",none,sadness,0.082,0.0,0.111,0.132,0.82,0.284
kin_test_track_a_00927,kugira ngo iki kibuga kizajye cyifashishwa na nijoro cyongerewe amatara aho ubu gifite umunani agicanira.,joy,none,0.131,0.007,0.186,0.376,0.432,0.425
kin_test_track_a_00929,nubundi benshi ibi bihe byarabaryoheraga abantu mwese mukunda #rukacarara ndabasuhuje #umuganuramwiza @<username> @<username> @<username> @<username> @<username> @<username> @<username> @<username> @<username> @<username> @<username> @<username> ##url##,joy,none,0.154,0.0,0.05,0.573,0.126,0.114
kin_test_track_a_00931,"mukabunani christine uyobora ishyaka ps imberakuri, ritavuga rumwe n’ubutegetsi mu rwanda, ni urugero rw’ibishoboka kuko ubu amaze imyaka itanu ari umudepite mu nteko.",joy,none,0.204,0.0,0.247,0.047,0.439,0.467
kin_test_track_a_00933,##url## mbega inkuru ibabaje. umva urugendo rwanyuma rwa akeza rutiyomba elisie umwana w' imyaka 5,sadness,none,0.088,0.0,0.041,0.638,0.374,0.149
kin_test_track_a_00934,@<username> love ni ibikorwa si ukubivuga gusa kandi ukomeje kumuha umwanya wawe arabibona nubwo yakwirengagiza aba abizi so courage bro,none,anger,0.738,0.001,0.078,0.136,0.369,0.078
kin_test_track_a_00935,@<username> rwandan media: wa mukobwa na none yananiwe guhisha amarangamutima ye yereka amakurikira ko atwitwe😂😂,none,anger,0.612,0.0,0.022,0.028,0.308,0.238
kin_test_track_a_00936,@<username> @<username> @<username> @<username> @<username> @<username> @<username> @<username> @<username> @<username> @<username> @<username> mwakoze kandi mujonereze aho #umuturagekuisonga,joy,none,0.208,0.0,0.042,0.59,0.219,0.046
kin_test_track_a_00938,dushyize ingufu mu kubaka ubukungu butangiza ibidukikije no kwimakaza ibinyabiziga bitabangamira ibidukikije kuri bose.”,none,joy,0.112,0.001,0.14,0.878,0.173,0.016
kin_test_track_a_00940,"@<username> kuri uru rugamba rwo kwirinda, gukangurira abandi kwirinda no kubafasha kwirinda @<username> arurimo neza kuva iki gihanya kikigera ino. #niyubahwe #ntakudohoka",anger+joy,none,0.348,0.0,0.158,0.623,0.217,0.026
kin_test_track_a_00941,"“hari uguhindura aho batuye bakagenda bimuka, hari uguhindura amadini niba yari umugatolika agahinduka umuyisilamu, cyangwa agashyiraho amatangazo ko yapfuye, imbogamizi zirahari ariko inzego z’iperereza, ubushinjacyaha ntabwo ducika intege.”",none,anger+fear+sadness,0.596,0.001,0.427,0.047,0.58,0.125
kin_test_track_a_00942,"nyamara itegeko rigaragaza ko urukiko rubisuzumye rugasanga ari bwo buryo bwonyine bwo gukumira icyaha cyangwa kurinda umutekano w’ukekwaho icyaha n’ibindi, ashobora gufungwa bityo bikaba bitanyuranyije n’amategeko.",none,anger+sadness,0.474,0.001,0.359,0.027,0.497,0.141
kin_test_track_a_00944,"umva mukoo niba uziko unywa igikoma byongeye ho uka gihorobya ,gira ushake umugabo dore urashaje 🤨🤫😂",anger,none,0.373,0.073,0.041,0.006,0.149,0.51
kin_test_track_a_00945,"##url## amahoro kurimwese.reba inama zangombwa ,zigamije kubaka igihugu cyacu. abirirwa bakigambanira bakwiriye kubihagarika.nabasabaga nubufasha bwo fungura iyo video mukayireba.",none,anger,0.511,0.0,0.094,0.503,0.202,0.032
kin_test_track_a_00947,"yateranye mu gihe umwuka utari mwiza hagati y’u rwanda n’umuturanyi warwo wo mu burengerazuba, repubulika iharanira demokarasi ya congo.",none,sadness,0.036,0.001,0.138,0.363,0.536,0.195
kin_test_track_a_00948,ati “namaze icyo gihe cyose nta kazi mfite.,sadness,anger,0.502,0.057,0.28,0.167,0.377,0.182
kin_test_track_a_00950,@<username> nyemerera nkubere umukiliya bwa rimwe😂😂🤲,none,anger,0.78,0.003,0.051,0.01,0.188,0.116
kin_test_track_a_00951,"nibura 20% muri bo bakoresha imiti yica udukoko ikunze kugaragara cyane mu bice by’icyaro bikorerwamo ubuhinzi, mu bihugu bikiri mu nzira y’amajyambere, mu gihe abandi bakunda gukoresha uburyo bwo gusimbuka ahantu harerare naho bamwe bakirasa.",sadness,none,0.03,0.0,0.385,0.102,0.37,0.082
kin_test_track_a_00952,@<username> @<username> @<username> uvuze ukiri njyewe umugore wanjye abyaye akanga guha umwana ibere namubwira ko ntamushatse ngo abyare amere nk'ujugunye umwana no !!!,anger,anger+sadness,0.813,0.0,0.134,0.162,0.6,0.053
kin_test_track_a_00955,@<username> murakoze cyane kwijambo ryiza rikomeza kd rihumuriza mutubwiye nyagasani akomeze akugende imbere muntambwe zawe nawe nukuri pe 🙌,joy,none,0.271,0.0,0.025,0.685,0.219,0.026
kin_test_track_a_00956,umva iri sengesho nyagasani ukunda abawe ubahozeho ijisho mfasha murugamba mpanganye numwami uganje 💔 ##url##,none,joy,0.314,0.003,0.021,0.754,0.127,0.035
kin_test_track_a_00957,yasabye ababyeyi b’abana gukomeza kubitaho babaha uburere bukwiye kuko imyaka bagezemo ari bwo bamwe batangira kurangara.,fear,sadness,0.407,0.002,0.126,0.293,0.624,0.031
kin_test_track_a_00959,"yakomeje agira ati ""hari n’abakinnyi bangiza ibikoresho baba bahawe nk’amasogisi bakayaca, wenda icyo mwavuga ni ubwoko butari bwiza akaba ari yo mpamvu bayanga, gusa ushinzwe ikipe n’ushinzwe ibikoresho bagomba kubyitaho.""",anger,anger+sadness,0.514,0.0,0.334,0.208,0.465,0.285
kin_test_track_a_00960,"@<username> @<username> @<username> @<username> @<username> @<username> @<username> @<username> @<username> @<username> 😭😭 ni agahinda kubura iyi ntwari tumwifurije iruhuko ryiza, kandi twihanganishije imiryango isigaye. uwiteka abakomeze.",sadness,joy,0.092,0.0,0.027,0.718,0.265,0.053
kin_test_track_a_00963,@<username> “amashushoyega “ ikinyarwanda cyogere gitumbagire kibe ubukombe. abahanga bemeza ko ikinyarwanda ari kimwe mu ndimi ziremetse neza.,joy,anger,0.596,0.0,0.144,0.341,0.292,0.102
kin_test_track_a_00964,"minisitiri w’ububanyi n’amahanga n’ubutwererane, dr vincent biruta, yavuze ko hari ibiganiro bikomeje hagati y’u rwanda na madagascar, ahashobora kuzasinywa andi masezerano ajyanye no kuvanaho isoreshwa kabiri ry’ibicuruzwa, kuvanaho visa n’ubufatanye mu zindi nzego zirimo ubuhinzi, ikoranabuhanga, ubukerarugendo, ubucukuzi bw’amabuye y’agaciro n’ubuzima.",joy,fear,0.245,0.0,0.425,0.293,0.232,0.058
kin_test_track_a_00965,"aba bagabo bavuga ko mbere y’uko bashyiraho umugoroba w’abagabo bajyanaga amafaranga y’urugo mu kabari bakayanywera, bataha umugore yabaza aho amafaranga yagiye, umugabo akabura icyo asubiza intonganya zikaba ziratangiye.",joy,sadness,0.305,0.004,0.28,0.042,0.873,0.127
kin_test_track_a_00966,ubwumvikane ku birebana no kwemera icyaha ntibubuza uwakorewe icyaha kumenya amakuru kuri dosiye y’ikurikiranacyaha no kugira uruhare mu gusobanura imikorere y’icyaha.,none,anger+sadness,0.597,0.001,0.332,0.041,0.511,0.176
kin_test_track_a_00967,"ku munsi wakurikiyeho guverinoma ya congo yaramuvuguruje, itangaza ko abapfuye basaga 100 ndetse hashyirwaho icyunamo cy’iminsi itatu.",sadness,none,0.065,0.0,0.188,0.405,0.42,0.243
kin_test_track_a_00968,"birashoboka se ko nayibona nubwo yanshuka , ko aho ngeze nkeneye n'inkingi ya #shugamami??!😹😥🤲 ibyo nigira byose nkeneye shugamami😹😹😉 ##url##",none,anger,0.89,0.001,0.194,0.031,0.226,0.121
kin_test_track_a_00971,"kugeza ubu mu rwanda hamaze koherezwa abakurikiranyweho ibyaha bya jenoside 29 bafatiwe mu bihugu by’amahanga, mu gihe ababuranishirijwe hanze ari 25 ndetse umuryango w’abibumbye wemeje ko inkiko zo mu rwanda zifite ubushobozi budashidikanywaho bwo kuburanisha ibi byaha bya jenoside.",none,sadness,0.175,0.0,0.387,0.074,0.615,0.072
kin_test_track_a_00973,@<username> @<username> @<username> ariko mana ubwose ushatse kuvuga iki? mubyukuri gusa ndumiwe cyane.,sadness,anger,0.783,0.0,0.058,0.062,0.22,0.041
kin_test_track_a_00974,nyamara muve mubyo gutegereza ya pusi murebe uko mwaremera uyu mutype @<username> ##url##,sadness,anger,0.429,0.0,0.08,0.444,0.173,0.053
kin_test_track_a_00975,@<username> wazashatse aga take away ko numva congolese batazi neza gahunda raa,none,anger,0.722,0.001,0.11,0.151,0.309,0.058
kin_test_track_a_00976,umunyezamu kwizera oliver yatawe muri yombi na @<username> akurikiranweho gukoresha ibiyobyabwenge. @<username> @<username> @<username> @<username> .mbega igihombo disi,sadness,none,0.095,0.0,0.038,0.281,0.38,0.061
kin_test_track_a_00978,"nyuma y’ibi byabaye umugore uri mu bari begereye uyu muntu wajugunye ikinyobwa kuri cardi b, yagiye kuri polisi yo muri las vegas kurega uyu muraperikazi avuga ko na we iyi micro yajugunywe na cardi b yamwikubiseho nk’uko tmz yabitangaje.",surprise,sadness,0.048,0.0,0.153,0.082,0.887,0.221
kin_test_track_a_00982,yavuze ko uretse gutera amabuye muri uru rugo ngo niyo ahuye n’abandi baturage bagashaka kumubuza ngo ashobora kubasagarira bagasaba ubuyobozi kwita kuri iki kibazo.,fear,anger+fear+sadness,0.426,0.006,0.465,0.066,0.586,0.157
kin_test_track_a_00983,nakoranye imibonano mpuzabitsina n’abandi ibihumbi 10”.,surprise,none,0.347,0.009,0.175,0.321,0.286,0.372
kin_test_track_a_00984,"umwaka ushize urukiko rwisumbuye rwa musanze rwahamije bagiruwubusa jean nepomuscène icyaha cy’ubwicanyi, rumuhanisha igifungo cya burundu.",none,sadness,0.022,0.0,0.036,0.047,0.885,0.068
kin_test_track_a_00985,kwa kundi abakobwa bateye nabi bitera ibirungo byinshi 😭&gt;&gt;&gt;&gt;&gt;&gt;&gt;&gt;&gt;&gt;&gt;&gt; ##url##,anger,none,0.264,0.0,0.087,0.197,0.409,0.112
kin_test_track_a_00987,"mu bubatse imfatiro zubakiweho u rwanda na n’ubu zikiganje, harimo umwami mibambwe gisanura waremye uburyo buhoraho bwo kurwanya akarengane n’iyicarubozo, atanga urugero ruhanitse rwo kurwanya imitekerereze n’imigirire nk’iyo.",joy,anger+sadness,0.491,0.001,0.105,0.176,0.691,0.158
kin_test_track_a_00990,"abakozi bagira ubwoba, bakibaza bati ko njyanama twari kumwe ubwo twe ntibizatugeraho?",fear,anger,0.421,0.006,0.37,0.006,0.437,0.108
kin_test_track_a_00992,umva nawe nuguhita mukatira akazi kakoroha 🤦🤦🤦 ##url##,none,anger,0.475,0.124,0.045,0.204,0.201,0.051
kin_test_track_a_00993,"yabyutse abona inyo zitonze umurongo, naho ni imbeba zapfiriye munsi y'uburiri bwe.",disgust,none,0.178,0.164,0.109,0.072,0.359,0.499
kin_test_track_a_00995,"abaturage bo mu bwoko bw’aba- irigwe bo mu gihugu cya nigeria, babayeho igihe kinini bagira uyu muco aho umugore yashakanaga na’abagabo barenze umwe bigafatwa nk’ibisanzwe, ariko akagira urugo rw’umugabo umwe abarizwamo ku buryo ari na we witwaga se w’abana bose uwo mugore yabyaraga n’ubwo bose bataba ari ab’uwo mugabo.",surprise,sadness,0.056,0.0,0.079,0.035,0.973,0.11
kin_test_track_a_00996,“abashinze ndabaga bari bafite umugambi mwiza wo kwita ku mibereho myiza y’abanyamuryango gusa kubera impamvu zitaduturutseho n’iziduturutseho ntabwo twabikoze.,sadness,joy,0.117,0.0,0.042,0.742,0.235,0.029
kin_test_track_a_00999,@<username> wa mugabo yatugarutsemo ndaq😂😂😂😂😂😂😂😂😂😂😂😂😂😂😂😂😂 ##url##,surprise,anger,0.769,0.001,0.025,0.017,0.202,0.058
kin_test_track_a_01000,"ati “turashaka gutera imbere, turashaka uburumbuke, abaturage bazamura ibyo binjiza, imibereho igahinduka kugira ngo tugire urwego tugeraho mu gihe runaka”.",joy,none,0.287,0.001,0.187,0.626,0.261,0.047
kin_test_track_a_01001,"yongeyeho n’ingaruka zitaboneshwa amaso nk’izaterwa n’ibyo yarebye cyangwa yasomye byamwangiza mu mutwe, gutangira kuba atigirira icyizere, kugabanuka k’ubushobozi bwo kwitekerereza no kwishakamo ibisubizo cyane bikaba bifite ingaruka zihariye zo kuba yatakaza ubushobozi bwo gukurikira mw’ishuri, umwana atakaza ubushake bwo kubana n’abandi muri rusange, ntabasha gutandukanya ibyo abona ku mashusho n’imibereho yo mu buzima bwe busanzwe n‘ibindi byatuma ejo he hazaza haba habi cyane.",fear+sadness,fear,0.175,0.0,0.532,0.326,0.387,0.098
kin_test_track_a_01002,noneho uburyo asoma isosi imeneka muri ibyo binwete bye nibyo bintera kubura aho nkwoirwa.,disgust,none,0.305,0.404,0.106,0.065,0.312,0.269
kin_test_track_a_01005,kubufatanye ninzego zibanze ndetse ni z'ubuzima uyu munsi twakurikiranye igikorwa cyo gutanga urukingo rwa #covid19 mubigonderabuzima bya @<username> @<username> @<username> @<username> @<username> @<username> ##url##,none,joy,0.057,0.0,0.052,0.912,0.111,0.03
kin_test_track_a_01007,dukurikije uburyo abana bakoze ahubwo twatunguwe.,surprise,none,0.334,0.175,0.181,0.191,0.412,0.131
kin_test_track_a_01008,ati “bigaragara ko inganda z’itunganya zikanatubura imbuto zazamutse.,joy,none,0.151,0.002,0.248,0.469,0.307,0.194
kin_test_track_a_01011,uyu mukobwa yahise ahabwa imodoka ya mercedes benz ifite agaciro ka miliyoni 30 tzsh ndetse na miliyoni 10 tzsh nk’amafaranga azamufasha gushyira mu bikorwa umushinga we.,joy,none,0.032,0.001,0.031,0.543,0.38,0.32
kin_test_track_a_01012,@<username> @<username> @<username> hahahaha akarimi n'icyumvirizo numvisemo ka mugobeko ndacangwa,none,anger,0.556,0.001,0.095,0.205,0.401,0.029
kin_test_track_a_01015,"umuyobozi mukuru w’ishami rya ejo heza mu kigo cy’igihugu cy’ubwiteganyirize (rssb), gatera augustin, yatangaje ko uyu mwaka wajemo imbogamizi zatumye intego yari yashyizweho itagerwaho 100%.",sadness,joy,0.056,0.0,0.161,0.715,0.251,0.116
kin_test_track_a_01016,turabibuka kandi ntituzabibagirwa na rimwe igihe cyose tugihumeka. baruhukire mu mahoro. ##url##,sadness,anger,0.42,0.004,0.081,0.446,0.195,0.092
kin_test_track_a_01018,"umuyobozi wungirije w’umujyi wa kigali ushinzwe imiturire n’ibikorwaremezo, dr merard mpabwanamaguru, yabwiye igihe, ko bari gusenya kiosque zagiye zishyirwa iruhande rw’inyubako nziza kuko zituma imiryango imwe n’imwe yazo n’inzira bidakoreshwa.",sadness,none,0.074,0.0,0.214,0.543,0.365,0.031
kin_test_track_a_01020,izi nkweto zirashaka 10k zombi inbox dore nabuze aho nzishyira kdi inzara niyose ##url##,sadness,anger,0.534,0.011,0.139,0.137,0.283,0.088
kin_test_track_a_01021,"biba bigoye kwakira ubwo buzima, bigahumira ku mirari noneho iyo wabujijwe uburenganzira bwo kuba mu gihugu cyawe, ku bw’amaherere n’inyungu za bamwe, zishingira ku mpamvu zidafututse, nk’ururimi uvuga, ubwoko n’ibindi boshye ko hari ugena uko avuka.",sadness,anger+sadness,0.496,0.001,0.257,0.091,0.555,0.237
kin_test_track_a_01022,"ati “inzu yacu yaraguye mu gihe cy’ibiza, bingiraho ingaruka cyane kuko nitegura gukora ikizamini cya leta.",sadness,fear+sadness,0.163,0.002,0.511,0.325,0.492,0.114
kin_test_track_a_01023,agenda avuvuka kubera imitezi yatewe n’uburaya bwe.,disgust,disgust+sadness,0.054,0.815,0.18,0.054,0.656,0.056
kin_test_track_a_01024,"umunyamabanga nshingwabikorwa w’umurenge wa nyamirambo, uwera claudine, yemeza ko muri aka gace hagaragara inzoga zitujuje ubuziranenge ariko hashyirwaho ingamba zo kuzihashya.",fear,fear+sadness,0.02,0.0,0.459,0.266,0.723,0.012
kin_test_track_a_01026,ni urukingo rushobora gutangwa rukaba rwafasha mu buzima bw’umushwi bwose.”,joy,fear,0.145,0.005,0.745,0.262,0.344,0.093
kin_test_track_a_01029,umuraguzi w'umutwe yaramumpebeje iyeeee!!! ariko ubanza bidasaba kuraguza ahubwo ibyaha akora n'umwana arabibona @<username> @<username> mwite ku gusaba kw'abanyarwanda🙏🙏🙏 ##url##,anger,none,0.404,0.0,0.017,0.439,0.177,0.039
kin_test_track_a_01030,kare nanyuze kumubyeyi kuri t2000 aravuga ngo mbega indaya nihumurije parfe niteye niba uhumura indaya biranshanga,sadness,anger+sadness,0.419,0.083,0.239,0.031,0.518,0.311
kin_test_track_a_01031,– ifoto ya gitwaza ari kumwe n’abana yavugishije benshi,surprise,sadness,0.038,0.032,0.029,0.115,0.579,0.458
kin_test_track_a_01032,ndashaka guhemba aba follows 200+ bambere✨ twagiye uko ukora follow usige number ya momo muri comment 😍 twagiye @<username> 🙈🙈🙈,none,joy,0.087,0.0,0.025,0.762,0.132,0.154
kin_test_track_a_01033,yongeyeho ko kuba yarabuze umusore wamuteye inda byamugizeho ingaruka kuko se wabo yamubwiye ko nta kintu na kimwe azigera amufasha mu buzima bwe.,sadness,fear+sadness,0.24,0.0,0.758,0.028,0.893,0.177
kin_test_track_a_01034,hari n’ubwo ubikorerwa ukabura ibimeyetso ntube watanga ikibazo ariko ukaba watanga ubuhamya bukangura abandi.,sadness,none,0.364,0.183,0.194,0.057,0.368,0.292
kin_test_track_a_01035,"ibyo byose babizi neza, ntibisaba ubwenge bwinshi kumva ko guverinoma iyo ari yo yose izirikana inshingano zayo, ituranye n’ahantu hari umutekano muke kandi hari icyuho cy’imiyoborere, huzuye imitwe yitwaje intwaro, irimo n’umwe wiyemeje kwica abaturage bayo, ifite inshingano, ikoresheje uburyo mpuzamahanga, zo kurinda umutekano w’abaturage, by’umwihariko mu gihe iyo mitwe yitwaje intwaro ifashwa byeruye n’ingabo za leta.",none,anger+fear,0.481,0.0,0.407,0.059,0.435,0.176
kin_test_track_a_01036,mu mana biremera wanjye ngaho niba utari umupagani shima imana kandi utagenda utagize icyo uvuga urakoze nyagasani amen🙏🙏🙏 ##url##,none,joy,0.108,0.0,0.013,0.777,0.122,0.029
kin_test_track_a_01037,"yavuze ko nibura mu kwezi kuri ubu ibimene by’ibirahure byo mu mujyi wa nyamata hafi ya hose abikusanya, akabibakiza nk’umwanda.",joy,sadness,0.045,0.012,0.179,0.122,0.513,0.143
kin_test_track_a_01038,@<username> we azi ubwenge bwinshi cyane! aho yicaye aba yumiwe akisekera! gusa tuba tunamuvuna by the way.,none,joy,0.123,0.0,0.028,0.721,0.185,0.105
kin_test_track_a_01040,@<username> ubundi umujura nyawe iyo abuze icyo yiba ashaka na po umwana yitumyemo,none,anger+sadness,0.675,0.001,0.096,0.055,0.563,0.056
kin_test_track_a_01041,ngo yakomeje gukora muri urwo rugo ariko nyuma aza kuhava yerekeza i nyanza ari na bwo abana bato bo muri rwa rugo yakoragamo baje kubwira ababyeyi ko bigeze kubona afite uruhinja mu cyumba cye.,surprise,sadness,0.041,0.0,0.055,0.055,0.93,0.118
kin_test_track_a_01042,"ibyo iyo bije turunguka nk’igihugu, tukagira amabanki akora kinyamwuga.”",joy,none,0.372,0.019,0.274,0.21,0.309,0.21
kin_test_track_a_01044,"iyo abihamijwe n’urukiko, ahanishwa igifungo kitari munsi y’imyaka irindwi ariko kitarenze imyaka icumi n’ihazabu y’amafaranga y’u rwanda yikubye inshuro kuva kuri eshatu kugeza kuri eshanu z’agaciro k’umutungo adashobora kugaragaza aho yawubonye mu buryo bwemewe n’amategeko.",none,sadness,0.048,0.0,0.09,0.112,0.753,0.101
kin_test_track_a_01045,"ku munota wa 62, vyamungu yongeye gucomekera umupira nduwimana ariko umunyezamu kalyowa arasohoka awukuraho ndetse umusifuzi avuga ko nta kosa ryatuma atanga penaliti ryabayeho.",none,surprise,0.199,0.0,0.261,0.142,0.437,0.566
kin_test_track_a_01051,ati “duhangayikishijwe n’umubare munini w’impunzi uri mu bituma imiryango myinshi irushaho gusonza.”,fear,sadness,0.27,0.001,0.372,0.279,0.708,0.159
kin_test_track_a_01052,munyakazi avuga ko hakenewe ingamba zikomeye kugira ngo ikibazo cy’ibirayi kibashe gukemuka burundu.,none,fear,0.252,0.001,0.79,0.095,0.46,0.031
kin_test_track_a_01054,"iki kigo cyasozanyije abana 102 mu y’inshuke bagiye mu abanza, usibye babiri bahuye n’uburwayi butuma badakomeza.",joy+sadness,sadness,0.037,0.0,0.318,0.09,0.973,0.026
kin_test_track_a_01055,urunuka n’urwawe wa mabyi we.,anger+disgust,disgust,0.375,0.762,0.115,0.054,0.267,0.159
kin_test_track_a_01056,"imana ikomeze abasigaye b’umuryango we, abo basenganaga, urubyiruko n’abandi bose ubutumwa bwe bwafashije.",sadness,none,0.218,0.001,0.104,0.541,0.428,0.171
kin_test_track_a_01058,yaravuze ngo uzagitange si icyawe wagihawe n'imana 😁 ##url##,none,anger,0.579,0.002,0.097,0.319,0.272,0.074
kin_test_track_a_01059,abakunzi ba ruhago bagiye kwica inyoni ebyiri n’ibuye rimwe,joy,none,0.146,0.321,0.043,0.15,0.327,0.027
kin_test_track_a_01062,@<username> ibyo uvuze nukuri kuzuye 🙏🙏 #ripmagufuli nyagasani akwiyereke iteka 😭😭💔💔💔 ##url##,sadness,anger,0.692,0.002,0.024,0.271,0.239,0.012
kin_test_track_a_01066,"umuryango uhuza ibihugu byo mu burengerazuba bwa afurika, cedeao uherutse kugaragaza ko ibiganiro bya dipolomasi bisakunze ushobora kohereza ingabo zawo muri niger gusubiza ku butegetsi perezida mohamed bazoum.",none,fear,0.368,0.0,0.423,0.224,0.252,0.323
kin_test_track_a_01067,@<username> 😉🙄 basi waba uzi ko kimwe mu bintu ntajya nkora ari ukubeshya?😊🙆 basi bimenye ubu..,none,anger,0.866,0.001,0.112,0.055,0.302,0.1
kin_test_track_a_01069,"yavuze ko bemeye gusubira inyuma kubera ko bashaka amahoro, ariko mu gihe ibyo byabaga, abasivili basigaye inyuma bakomeje kwicwa.",sadness,fear+sadness,0.267,0.0,0.43,0.032,0.918,0.21
kin_test_track_a_01072,@<username> @<username> @<username> @<username> @<username> @<username> @<username> birashoboka se ?gusa ikibazo cyo kirahari ariko niba bigeze aha?turakomerewe,fear+sadness,anger,0.807,0.0,0.103,0.015,0.2,0.024
kin_test_track_a_01073,nawe wabona inyungu zo gukorana na @<username> biroroshye kuko gufungura konti bikorwa mu buryo bwihuse! ##url##,joy,none,0.29,0.0,0.064,0.62,0.111,0.043
kin_test_track_a_01074,"ni ikimenyetso cy’uko ubutabera bwatsinze umuco wo kudahana ubugome, ubumwe bwatsinze amacakubiri, ugukunda igihugu byatsinze urwango.",joy,anger+sadness,0.605,0.002,0.253,0.098,0.489,0.151
kin_test_track_a_01076,kambwire uriya musirikare antize i mbunda ndebeko narasa resani yo kupantaro yanjye yanze gufunguka... ....,surprise,sadness,0.365,0.005,0.176,0.137,0.738,0.416
kin_test_track_a_01078,ubuzima bwarakomeye kugezaho umuntu atinya kurya amafaranga yo kurya 😢 ##url##,sadness,none,0.379,0.205,0.042,0.062,0.136,0.055
kin_test_track_a_01079,@<username> erega ntago amafaranga ari yo atwara zilige mwana 🤣🤣🤣🤣🤣 n'ubwo bagura n'ibivejuru gutwara champions league byo bibari kure,none,anger,0.417,0.0,0.09,0.12,0.255,0.242
kin_test_track_a_01081,uyu muyobozi yakomeje avuga ko inzego z’ibanze zari zaregereye uyu muryango zibagira inama yo kuboneza urubyaro umugore ngo ajya no kwa muganga bamushyiramo agapira ariko ngo nyuma y’ukwezi yahise agakuramo afatanyije n’umugabo we.,none,fear+sadness,0.288,0.0,0.425,0.044,0.813,0.152
kin_test_track_a_01083,"bahere ku bifi binini kuko ni nabo banyirabayazana.""",anger,none,0.35,0.09,0.248,0.129,0.391,0.303
kin_test_track_a_01084,@<username> @<username> @<username> hari ubwo abantu bihererana utwana nyamara!,sadness,anger,0.707,0.001,0.102,0.117,0.381,0.029
kin_test_track_a_01085,ufite ubwisungane mu kwivuza #musa nturembera mu rugo #musa save life @<username> @<username> @<username> @<username> @<username> @<username> @<username> ##url##,none,joy,0.065,0.0,0.026,0.754,0.115,0.055
kin_test_track_a_01086,"twabyanze, ntabwo twakora imyitozo batayatwishyura.”",anger,none,0.33,0.201,0.189,0.197,0.293,0.23
kin_test_track_a_01088,@<username> iyo watangiye kwibaza ibibazo nkibyo kaba kabaye ndakurahiye bagusabire ahubwo nibura uyu mwaka ntugusige,fear,anger,0.696,0.0,0.234,0.117,0.298,0.114
kin_test_track_a_01089,ugasanga umunsi umwe ubonye bonus yo kujya muri hotel/motel uragiye urayizenguritse wifotoza nkaho ari wowe boss waho wisubireho,anger,none,0.179,0.039,0.041,0.061,0.3,0.259
kin_test_track_a_01090,"mu gihe twizihiza uku kwezi ko kwibohora, dukwiriye kumva ko kurera ari ingenzi cyane mu kugena ahazaza h’igihugu cyacu.",none,joy,0.049,0.001,0.058,0.927,0.098,0.031
kin_test_track_a_01091,ibi ntibivuze ko abakunzi ba apr fc bagiye kuryoherwa n’ibyo mvuze?,none,anger,0.577,0.003,0.109,0.016,0.146,0.547
kin_test_track_a_01092,"ibibazo byatewe n’ubukoloni, ibyatewe na apartheid n’ibindi, byagarutsweho, humvikanishwa ko u burusiya nta ruhare na ruto rwabigizemo, ko ahubwo abanyaburayi na amerika batsikamiye afurika.",none,fear+sadness,0.311,0.0,0.614,0.053,0.641,0.253
kin_test_track_a_01093,"kanseri ni indwara yiyongera umunsi ku wundi ku isi ku buryo nko mu 2020 hatahuwe abagera kuri miliyoni 18 basanzwemo iyi ndwara bwa mbere, mu gihe muri amerika honyine abagera kuri miliyoni ebyiri bayisanzwemo bwa mbere.",fear,fear+sadness,0.011,0.0,0.543,0.212,0.492,0.098
kin_test_track_a_01097,"nta gikwirakwiza amacakubiri nk’iki ng’iki, ngo gushyingira uwo mudahuje idini ni icyaha!",anger,anger+sadness,0.759,0.008,0.291,0.024,0.474,0.245
kin_test_track_a_01099,"bitewe n’uko aba bari bamaze igihe gito batandukanye, byabaye inkuru kuba bahuriye mu mashusho y’indirimbo y’urukundo bituma inkuru yayo yihuta cyane.",surprise,sadness,0.02,0.0,0.066,0.506,0.72,0.231
kin_test_track_a_01100,uyu muyobozi yashimangiye ko aba bana bashyinguwe kuri uyu wa kane aboneraho kwihanganisha imiryango yabo no gusaba ababyeyi kujya bamenya neza aho abana babo baba baherereye no kujya birinda ko bijyana mu kwirinda ko bahura n’ibyago nk’ibyo.,sadness,fear+sadness,0.065,0.0,0.502,0.076,0.827,0.014
kin_test_track_a_01102,kalisa adolphe turakwishimiye cyane kuko umenyereye umupira wu rwanda kd abantu baguhe umwanya kuko ndazi ko nukorana neze na comite nyobozi uzakosora byishi kuko ndabizi neza ko uzi aho byapfiraga baguhe umwanya,joy,none,0.314,0.001,0.165,0.199,0.387,0.486
kin_test_track_a_01103,minisitiri w’ububanyi n’amahanga nkuko byari byabivuzwe mu nama rusange yaratuvugishije kugira ngo hemezwe umunsi azabuzaniraho ariko nyuma baje kuvuga ngo ‘imikino n’ubundi ni iyanyu ntabwo akeneye ubutumire.”,none,anger,0.462,0.0,0.332,0.193,0.389,0.276
kin_test_track_a_01105,umusaruro w’izi ngabo kandi wanenzwe na bamwe mu rwanda mu 1994 ubwo zari zahoherejwe kubungabunga amahoro ariko hakaba jenoside zirebera.,sadness,none,0.14,0.001,0.08,0.632,0.399,0.079
kin_test_track_a_01107,"@<username> kizz daniel se ko afungiwe mubaturanyi , ubwo umuntu wafunzwe uyu munsi azaba ari tayari in 5 days ?",fear,anger,0.492,0.0,0.047,0.029,0.17,0.327
kin_test_track_a_01108,"ariko imashini yahitaga itubwira iti nsanze igifitanye isano na byo ari abakaraba intoki ntabwo ari agapfukamunwa, noneho rbc igahita ijyana ingamba iti nyabuneka nimukarabe intoki.”",anger,none,0.249,0.025,0.377,0.088,0.361,0.233
kin_test_track_a_01109,"@<username> @<username> ni psychological abnormal shifting y,ibibazo byawe ku bandi uzacunge @<username> na @<username> ako kantu barakagira ko guhora bumva banzwe",sadness,anger,0.748,0.0,0.126,0.1,0.411,0.038
kin_test_track_a_01111,abajyanama b’ubuzima baganirijwe ku budasa mu guhangana na covid-19 ndetse n’uruhare rwabo muri ubu bukangurambaga #operationcovidfree #sindohoka @<username> @<username> ##url## ##url##,none,joy,0.059,0.0,0.056,0.933,0.128,0.012
kin_test_track_a_01113,iyi nama kandi izanaganira ku kibazo cy’amahanga akomeza kwivanga mu bibazo bya afurika bigatuma n’ingamba zifashwe n’abanyafurika zitagerwaho kuko haba hari abantu bari inyuma basunika mu nyungu zabo..,anger,fear+sadness,0.398,0.001,0.48,0.173,0.468,0.152
kin_test_track_a_01114,yavuze kandi ko ari imbogamizi kuko atabasha gutembera mu ntara na moto ye yisanzuye.,sadness,none,0.147,0.006,0.345,0.265,0.412,0.382
kin_test_track_a_01117,ninge mu jeunes umeze neza👍 munsi yubutayu bwa sahara😂🤣🤣🤣,joy,anger,0.439,0.009,0.04,0.017,0.192,0.305
kin_test_track_a_01118,ubuzima bwiza sinanze agasuzuguro niko ntashaka nge iyo nza kumenya ko ariko bigenda simba naraje ahhaa,anger,none,0.296,0.05,0.128,0.096,0.302,0.134
kin_test_track_a_01119,"mu gihe trump anenga biden, inzego z’ubutabera zikomeje gukurikirana uwo wahoze ari perezida ku byaha birimo uburyo yafashe nabi inyandiko zirimo amabanga ya leta n’ibindi byaha bishobora gusiga afunzwe imyaka n’imyaka muri gereza.",fear,fear+sadness,0.24,0.0,0.441,0.036,0.49,0.272
kin_test_track_a_01120,ubutabera bwafashe icyo cyemezo nyuma y’imyaka myinshi padiri munyeshyaka ashinjwa ibyaha bya jenoside.,none,sadness,0.235,0.0,0.195,0.035,0.721,0.124
kin_test_track_a_01121,"ugereranyije n’ubwiyongere bw’abaturage, abashora imari mu kubaka inzu ziciriritse n’iz’ubucuruzi baba bake.",fear,none,0.051,0.0,0.262,0.674,0.296,0.024
kin_test_track_a_01123,@<username> @<username> ntago ari bubisome wikwirushya bro 😂,none,anger,0.718,0.002,0.039,0.014,0.213,0.073
kin_test_track_a_01126,@<username> oya. ndizera ko na we yabyumva kuko byaba bimeze nko gusimbukira mu mazi arimo ingona uri kuzibona zasamye,none,anger,0.599,0.001,0.096,0.044,0.342,0.061
kin_test_track_a_01127,"bro ushobora kwiyahura ugapfa, ex wawe akaza kugushyingura ari kumwe na boyfriend we mushyashya😒 njye bimaze kumbaho kabiri😭😭. @<username> 💋💋",sadness,anger+sadness,0.476,0.001,0.065,0.021,0.629,0.069
kin_test_track_a_01128,"ati “duhura na bpn twari dufite abakozi batandatu bahoraho ariko ubu tugeze kuri 20 bahoraho kandi haba no mu micururize ubona ko ikigo cyacu cyazamutse, batwigishije ko ikigo tutagishinze ku bwacu ahubwo ari ku bw’umukiliya.",joy,none,0.212,0.0,0.185,0.58,0.318,0.138
kin_test_track_a_01129,"@<username> umubyeyi: eeee uratangiye, ubwo bagiye kugutera inda,bla bla... 😂",anger,anger+sadness,0.768,0.0,0.116,0.011,0.507,0.099
kin_test_track_a_01131,bavuga ko ibi bibagiraho ingaruka kuko bahora barwaye indwara zitandukanye zirimo inzoka n’ibicurane bya buri gihe baboneraho gusaba ubuyobozi kubafasha kugira ngo na bo babone amazi meza.,sadness,fear+sadness,0.083,0.001,0.866,0.065,0.577,0.038
kin_test_track_a_01135,@<username> @<username> eeeh imana izagutwika ku munsi w'imperuka pe,none,anger,0.505,0.001,0.075,0.307,0.302,0.034
kin_test_track_a_01136,mf iziko yasibye ep ya @<username> kuri youtube nizibeshye go ikadagire muri kkblock😤😤 #seriously #rwanda,sadness,none,0.383,0.0,0.042,0.232,0.333,0.198
kin_test_track_a_01138,izi zo urebye nabi zanakurya da! ##url##,fear,anger,0.488,0.005,0.101,0.304,0.231,0.029
kin_test_track_a_01141,nyagasani mana wakwisubije ibitsina waduhaye ko bikomeje kuduteza ibibazo koko.,none,anger,0.549,0.008,0.339,0.024,0.395,0.017
kin_test_track_a_01143,"umuvugizi wa polisi mu ntara y’iburengerazuba, sp bonaventure twizere karekezi, yavuze ko kugira ngo bafatwe byaturutse ku makuru yatanzwe n’abaturage.",joy,fear+sadness,0.233,0.0,0.686,0.067,0.719,0.08
kin_test_track_a_01144,"ramjaane joshua yatanze urugero rw’ibyo yakijijwe, birimo kunywa itabi n’urumogi yanywaga yahishe abo mu rugo iwabo.",joy,sadness,0.025,0.05,0.112,0.051,0.654,0.032
kin_test_track_a_01145,"umuyobozi mukuru wa airtel rwanda, emmanuel hamez, yavuze ko mu myaka mike iri imbere nta telefoni zikoresha sim card zifatika (physical sim cards) zizaba zigisohoka, asaba abaturage gutangira kwimenyereza izi z’ikoranabuhanga.",none,joy,0.058,0.0,0.071,0.844,0.169,0.161
kin_test_track_a_01146,bamwe bahise bibaza impamvu umuntu ashobora kurega leta ndetse n’icyo bisaba ngo umuturage abe yarega leta.,fear,anger+fear+sadness,0.504,0.003,0.405,0.05,0.666,0.265
kin_test_track_a_01147,@<username> izuba ryamanutse! wihangane nugutera agatebe muri douche ariko bitari ukoga ahubwo kwibobeza just!,none,anger,0.629,0.0,0.105,0.325,0.31,0.129
kin_test_track_a_01149,@<username> @<username> kubana neza nabo se bivuze gutega amatama bagakubita? hoya. aho kwicwa ni interahamwe nasonza,anger,anger+sadness,0.636,0.0,0.08,0.08,0.754,0.029
kin_test_track_a_01150,@<username> hoya bihinduye isura babajyane kuri stade amahoro tubatore tunabareba dii bari kutuyobya wna @<username> @<username> @<username>,anger,joy,0.177,0.0,0.04,0.721,0.231,0.097
kin_test_track_a_01151,aha uyu musore yanafashwe amafoto yambaye ubusa.,sadness,disgust,0.183,0.902,0.018,0.031,0.259,0.383
kin_test_track_a_01153,yakomeje agira ati “ni icyorezo gituma umwuga wacu uta agaciro n’ubutabera bugata agaciro ku buryo ari ikintu gikwiye kurwanywa twivuye inyuma kand dufatanyije n’abo dufatanyije mu rwego rw’ubutabera bikaba byagabanyuka uko bishoboka byose.”,sadness,anger+fear,0.611,0.001,0.628,0.134,0.427,0.068
kin_test_track_a_01155,"icyorezo cya covid-19 kigitangira kugenza make, u rwanda rwihutiye kubyaza umusaruro ayo mahirwe, rushyira imbaraga mu kumenyekanisha ibyiza byarwo bituma uru rwego rwongera kuzazanzamuka nubwo icyuho cyatewe n’imyaka 2 ya covid-19 yari yaragabanyije urujya n’uruza ari kinini.",joy,fear,0.056,0.0,0.406,0.466,0.289,0.03
kin_test_track_a_01156,@<username> ndashaka kuzareba umuntu uha ruswa ngo ujue mu ijuru 😂😂😂😂😂😂,none,anger,0.826,0.0,0.051,0.01,0.288,0.139
kin_test_track_a_01157,@<username> sha nukuri urugero rwiza niwoe ark baba bavuga ukuri,none,anger,0.535,0.001,0.076,0.268,0.346,0.016
kin_test_track_a_01158,"visi perezida wa ibuka mu karere ka nyarugenge, nduwawe denyse, yasabye abafite amakuru y’abishwe bakajugunywa muri nyabarongo kuyatanga.",anger+sadness,sadness,0.127,0.0,0.186,0.075,0.903,0.046
kin_test_track_a_01160,ngayo nguko dore iyo bavuze ko bibujijwe kunywa inzoga utwaye cg ugatwara whatever nuko bibujijwe gusa ##url##,none,anger,0.473,0.062,0.081,0.008,0.19,0.054
kin_test_track_a_01163,"ni ubushakashatsi prof. paul dawson yakoze ari kumwe n’itsinda ry’abanyeshyuri yigishaga, ashaka kubereka ko ari ngombwa gutekereza byimbitse ku buziranenge bw’ibiribwa, aho bwagaragaje ko guhuha iyo buji byongera bagiteri ku mutsima, ku kigero cya 1400%.",fear,none,0.247,0.0,0.344,0.325,0.307,0.198
kin_test_track_a_01165,"umwarimu w’bijyanye n’ubumenyi bw’ikirere muri kaminuza ya chicago, noboru nakamura, ahamya ko ibyabaga byitezwe ko bishobora kuba mu myaka 1000 bishobora kuzajya bibaho buri myaka 20 mu gihe ikirere kitabungabunzwe nk’uko bikwiye.",fear,none,0.158,0.001,0.386,0.375,0.384,0.09
kin_test_track_a_01170,"mu mpamvu yavuze zatumye ikipe ye itsindwa, haringingo yashyizemo ikibazo cy’umunaniro watewe n’imikino baheruka gukina.",sadness,sadness+surprise,0.022,0.002,0.077,0.352,0.49,0.579
kin_test_track_a_01172,iyo bavuze ishyano wumva iki?,none,anger+disgust,0.579,0.748,0.079,0.008,0.117,0.337
kin_test_track_a_01173,"ku rundi ruhande, mbirizi eric yari hasi ndetse ntiyagize umwaka ushize mwiza, ku buryo bigoye kumwitegaho byinshi kuri iyi nshuro nubwo abakinnyi bari gusoza amasezerano bamera nk’abiyuburuye.",sadness,none,0.027,0.0,0.036,0.698,0.221,0.339
kin_test_track_a_01174,🤧😭 noneho ndabyemeye ko inyanazimbwa zibaho @<username> was right … umugabo bamufashe ari gusambana umugore we bamubaze kwa muganga yabyaye 🤧🚮🚮🚮🚮🚮🚮,anger,sadness,0.354,0.0,0.058,0.05,0.928,0.132
kin_test_track_a_01178,"ubushakashatsi bugaragaza ko hazakomeza kugenda habaho itakazagaciro k’ifaranga hirya no hino ku isi, hakabaho ikibazo cy’uko ubukungu buzajya buzamuka ku gipimo cyo hasi, ibibazo bishingiye ku bukungu n’ibura ry’ibicuruzwa kikarushaho kuba ingorabahizi.",fear+sadness,fear,0.243,0.0,0.721,0.215,0.338,0.071
kin_test_track_a_01179,umva nubwo inzonzi zibeshya ariko haribyo zitakwereka wari warota umukobwa yaguhaye amafaranga mbajije abasore?,none,anger+surprise,0.628,0.011,0.067,0.008,0.214,0.566
kin_test_track_a_01181,@<username> cyakoze byo birakabije bahagera warambiwe,anger,none,0.397,0.008,0.08,0.191,0.401,0.039
kin_test_track_a_01182,"abagiye mu majyepfo bibuka ivumbi ry’i nyaruguru, ku buryo umuntu yakandagiraga rikamugera mu matwi!",surprise,sadness,0.094,0.002,0.156,0.17,0.817,0.13
kin_test_track_a_01185,ese kuki abakozi bo murugo bakunda kwirukanwa cyane iyo hamwe mugace bakomokamo hashyizwe muri guma mukarere ? @<username> @<username>,sadness,none,0.329,0.0,0.1,0.175,0.153,0.191
kin_test_track_a_01186,@<username> @<username> @<username> 😜😜😜😜abeza bose baba batutuka bigogwe erega nawe urabizi,none,anger+sadness,0.673,0.001,0.072,0.072,0.564,0.015
kin_test_track_a_01188,@<username> @<username> @<username> @<username> @<username> @<username> @<username> nuko nuko wamfura we🙏,joy,anger,0.422,0.0,0.044,0.45,0.238,0.041
kin_test_track_a_01191,"iki kinyamakuru kigaragaza ko iyi ndwara yibasira ab’igitsina gore kurusha ab’igitsina gabo nubwo nta mpamvu yabyo izwi, ariko ngo abashakashatsi bagaragaje ko bishoboka ko imisemburo ya estrogen na progesterone ingana mu mibiri yabo ariko igakora mu buryo butandukanye ibigiramo uruhare.",sadness,fear+sadness,0.366,0.0,0.724,0.062,0.498,0.319
kin_test_track_a_01193,icyakora mu myaka yo hambere umuntu yashoboraga kumara iminsi runaka adakoresheje ibi bikoresho dore ko byari bizwi na bake abo twitaga ko bakandagiye mu ishuri.,none,sadness+surprise,0.26,0.003,0.184,0.236,0.474,0.581
kin_test_track_a_01195,@<username> @<username> @<username> @<username> @<username> @<username> @<username> @<username> @<username> @<username> @<username> mwakoze cyane gatsibo leaders rwose ibi bizatumwa abaturage batagerwaho n'inzara.,joy,none,0.068,0.0,0.046,0.609,0.331,0.012
kin_test_track_a_01196,"umwe mu babyeyi bafite abana bakina karate, karamba jean claude, yavuze ko uyu mukino wafashije cyane abana be babiri bawurimo, asaba n’abandi babyeyi kujya baha umwanya abana babo bakagira imikino bitabira.",joy,sadness,0.018,0.0,0.037,0.63,0.626,0.221
kin_test_track_a_01197,"yageze n’aho atanga nimero ya telefoni ye, ariko inshuro nyinshi yabwiwe ko yataha mu rwanda akaba ariho afashirizwa, yashwishurije uyu musore baganiraga.",sadness,sadness+surprise,0.16,0.003,0.123,0.194,0.5,0.62
kin_test_track_a_01199,ubu bukwe bwabaye mu ibanga rikomeye dore ko aba bombi nta mpapuro bigeze batanga zisaba gushyingiranwa mu buryo bwemewe n’amategeko.,surprise,none,0.384,0.002,0.154,0.156,0.366,0.356
kin_test_track_a_01200,"bivugwa ko bamukomerekeje mu mutwe, bakanamuvuna imbavu.",sadness,disgust+sadness,0.135,0.817,0.146,0.06,0.697,0.065
kin_test_track_a_01202,@<username> @<username> aya mata ko aryoshye 😅,none,anger,0.577,0.003,0.049,0.045,0.25,0.036
kin_test_track_a_01203,"ati ""ntabwo fpr inkotanyi bari bafite intwaro zahagarika jenoside yakorerwaga abatutsi, ingabo zari nkeya n’ibikoresho byari bike, icyatumye bishoboka ni ubushake.",joy,sadness,0.114,0.0,0.168,0.066,0.939,0.026
kin_test_track_a_01205,"uribaza uko uzaba wangije izina ryawe n’abakiliya bayobye bisobanuye ngo hari ingaruka nyinshi mu kutarinda izina ryawe.""",anger,none,0.3,0.004,0.361,0.205,0.421,0.232
kin_test_track_a_01206,yavuze ko ikindi kibazo gihari ari icy’ahantu hazwi ko hateza impanuka ariko ugasanga hadakosorwa vuba.,anger,anger+fear+sadness,0.415,0.005,0.563,0.034,0.722,0.102
kin_test_track_a_01207,"mu ukuboza 1995, agatha habyarimana, gen bizimungu na gen kabiligi bagiriye uruzinduko muri zaïre, bahura n’abasirikare bakuru b’icyo bari boherejwe na perezida mobutu.",none,sadness,0.023,0.0,0.063,0.041,0.94,0.096
kin_test_track_a_01209,yagize ati “yumvise ko umugabo yazanye undi mugore ni bwo yagiye guteza amahane ubuyobozi bw’umudugudu bujyayo burabafasha.”,sadness,anger+sadness,0.54,0.002,0.305,0.182,0.606,0.275
kin_test_track_a_01212,"uyu mudepite yafashwe n’uburakari bwinshi mu biganiro byagarukaga ku ngurane zigomba guhabwa abaturage bo mu gace ahagarariye, bimuwe kubera ibikorwa by’ubucukuzi bw’amabuye y’agaciro.",anger,sadness,0.185,0.001,0.248,0.213,0.656,0.136
kin_test_track_a_01217,nonese buriya kubera iki inka igenda icebe ricuritse ariko amata ntameneke????,none,anger,0.678,0.039,0.09,0.001,0.076,0.529
kin_test_track_a_01219,@<username> nta bana b'abakire uzi apfusha umubyeyi akananirwa gucunga imitungo ye?,sadness,anger,0.757,0.0,0.05,0.018,0.309,0.106
kin_test_track_a_01220,@<username> xlm papa ewan amafaranga nibyose kbx ndemezako àmafaranga atanga ibyishimo kugera naho ibiceri 30 byatumyw umwana wimana ahohoterwa,surprise,anger+sadness,0.589,0.0,0.144,0.199,0.512,0.192
kin_test_track_a_01221,"uyu mukobwa ari kuvuga ngo mubwire niba naramuciye inyuma kuri diane, ntabwo azi ko iby'isi aramabanga 🤣🤣",none,anger,0.51,0.001,0.262,0.016,0.418,0.495
kin_test_track_a_01223,@<username> @<username> @<username> umutungo kamere afurika ifite wakabaye uyikiza. abo wita umubyeyi bakabaye ari abafatanyabikorwa mu bwubahane,sadness,joy,0.229,0.0,0.1,0.74,0.281,0.043
kin_test_track_a_01225,@<username> ijoro ryiza wo kajyire imana namafaranga weee,joy,none,0.353,0.004,0.033,0.397,0.181,0.032
kin_test_track_a_01226,@<username> ariko ko wifashe nka papa mbyitire bite? kankurwaneh nawe uzandwanaho kumunsi mubi.,joy,anger,0.728,0.001,0.122,0.03,0.359,0.045
kin_test_track_a_01229,muri bk arena abenshi bari bitabiriye bari biganjemo igitsina gore ndetse ku buryo hari uwo wabazaga muri abo akakubwira atikandagira ko ari uyu muhanzi watumye ashamadukira kuza.,joy,none,0.128,0.0,0.057,0.473,0.386,0.315
kin_test_track_a_01231,"aha tuhagira abagenzi benshi ariko imihanda yaho ni ibinogo; usanga imodoka ihageda isaha yose kandi hatarenga kilometero 12, hakiyongeraho ko itabasha gukora umunsi wose idapfuye kubera ububi bw’umuhanda.”",sadness,none,0.095,0.005,0.146,0.435,0.398,0.223
